{"type":"FeatureCollection","features":[{"type":"Feature","id":0,"geometry":{"type":"Polygon","coordinates":[[[107.15473449851876,10.482466795764072],[107.15435529685956,10.483473268131402],[107.15423863261275,10.483430465827324],[107.15420486637458,10.48336485507974],[107.15427592694343,10.48317919256696],[107.15445424309425,10.482701792930753],[107.1545819510885,10.482367148037392],[107.15463114352673,10.482247264343023],[107.15479399299447,10.482309953361955],[107.15475663632577,10.482402826380348],[107.15473449851876,10.482466795764072]]]},"properties":{"FID":0,"Shape_Leng":310.47330356200001,"Shape_Area":2671.7704970999998,"Sothua":222,"So_To":74,"LoaidatHT":"LUC","Khuphomoi":"Khu phố Hương Giang","Sothuacu":222,"Sotocu":28,"Phuongcu":"phường Long Hương","Nguoisudun":"HTX NN QUYẾT THẮNG","Quyetdinh":"Quyết định 3693/QĐ-UBND","ID":"222.74"}},{"type":"Feature","id":1,"geometry":{"type":"Polygon","coordinates":[[[107.15434885958105,10.483495587525887],[107.15431599212783,10.483581598078832],[107.15425237138955,10.483459423655502],[107.15434885958105,10.483495587525887]]]},"properties":{"FID":1,"Shape_Leng":36.6799211007,"Shape_Area":57.475723488100002,"Sothua":291,"So_To":74,"LoaidatHT":"CLN","Khuphomoi":"Khu phố Hương Giang","Sothuacu":291,"Sotocu":28,"Phuongcu":"phường Long Hương","Nguoisudun":"HTX NN QUYẾT THẮNG","Quyetdinh":"Quyết định 3693/QĐ-UBND","ID":"291.74"}},{"type":"Feature","id":2,"geometry":{"type":"Polygon","coordinates":[[[107.15427688578885,10.483681248109328],[107.15425423298699,10.483727948794611],[107.15409396601632,10.483651883527664],[107.15416320684041,10.483462420989863],[107.15427688578885,10.483681248109328]]]},"properties":{"FID":2,"Shape_Leng":74.711515046200006,"Shape_Area":278.04462839299998,"Sothua":221,"So_To":74,"LoaidatHT":"CLN","Khuphomoi":"Khu phố Hương Giang","Sothuacu":221,"Sotocu":28,"Phuongcu":"phường Long Hương","Nguoisudun":"HTX NN QUYẾT THẮNG","Quyetdinh":"Quyết định 3693/QĐ-UBND","ID":"221.74"}},{"type":"Feature","id":3,"geometry":{"type":"Polygon","coordinates":[[[107.15348284435233,10.485695480733252],[107.15341620097334,10.485768317141975],[107.15330230093285,10.485665125487341],[107.1534111714612,10.485484958898637],[107.15342788798617,10.485437524755131],[107.15363920901532,10.484899340484768],[107.15397869756082,10.483977872222006],[107.15409396601632,10.483651883527664],[107.15425423298699,10.483727948794611],[107.15395726536411,10.484484496523962],[107.15360235123318,10.485398975176485],[107.15355939083925,10.485508020402891],[107.15348284435233,10.485695480733252]]]},"properties":{"FID":3,"Shape_Leng":520.15846253200004,"Shape_Area":4132.7509930899996,"Sothua":130,"So_To":74,"LoaidatHT":"NTS","Khuphomoi":"Khu phố Hương Giang","Sothuacu":130,"Sotocu":28,"Phuongcu":"phường Long Hương","Nguoisudun":"HTX NN QUYẾT THẮNG","Quyetdinh":"Quyết định 3693/QĐ-UBND","ID":"130.74"}},{"type":"Feature","id":4,"geometry":{"type":"Polygon","coordinates":[[[107.15549214140836,10.48602002213431],[107.1553405240878,10.486101921899815],[107.15529099324408,10.486015486470395],[107.15525250276791,10.485936486103611],[107.15540785974507,10.485857756977945],[107.15549214140836,10.48602002213431]]]},"properties":{"FID":4,"Shape_Leng":78.912545120900006,"Shape_Area":392.08344972700002,"Sothua":115,"So_To":74,"LoaidatHT":"HNK","Khuphomoi":"Khu phố Hương Giang","Sothuacu":115,"Sotocu":28,"Phuongcu":"phường Long Hương","Nguoisudun":"TRẦN VĂN ĐUA","Quyetdinh":"Quyết định 3693/QĐ-UBND","ID":"115.74"}},{"type":"Feature","id":5,"geometry":{"type":"Polygon","coordinates":[[[107.15579371991058,10.486293265582555],[107.15578375261877,10.486298762466349],[107.15577428069294,10.486283736367286],[107.15572783019105,10.486210913502321],[107.15571781111497,10.48619520871965],[107.15553517034299,10.485923091223372],[107.15553316612913,10.485920103195429],[107.1554815586358,10.485821006581647],[107.15569139064971,10.485726738167079],[107.15591363881612,10.486019272025683],[107.15602691375857,10.486163961559461],[107.15580725425562,10.486285786818446],[107.15579371991058,10.486293265582555]]]},"properties":{"FID":5,"Shape_Leng":178.92180757700001,"Shape_Area":1718.1193150199999,"Sothua":109,"So_To":74,"LoaidatHT":"LUC","Khuphomoi":"Khu phố Hương Giang","Sothuacu":109,"Sotocu":28,"Phuongcu":"phường Long Hương","Nguoisudun":"TRẦN VĂN ĐUA","Quyetdinh":"Quyết định 3693/QĐ-UBND","ID":"109.74"}},{"type":"Feature","id":6,"geometry":{"type":"Polygon","coordinates":[[[107.15577428069294,10.486283736367286],[107.15573349691466,10.486304997094948],[107.15553517034299,10.485923091223372],[107.15571781111497,10.48619520871965],[107.15572783019105,10.486210913502321],[107.15577428069294,10.486283736367286]]]},"properties":{"FID":6,"Shape_Leng":100.286031896,"Shape_Area":124.761129528,"Sothua":284,"So_To":74,"LoaidatHT":"LUC","Khuphomoi":"Khu phố Hương Giang","Sothuacu":284,"Sotocu":28,"Phuongcu":"phường Long Hương","Nguoisudun":"TRẦN VĂN HOÀI; Sử dụng: TRẦN VĂN HOÀI.","Quyetdinh":"Quyết định 3693/QĐ-UBND","ID":"284.74"}},{"type":"Feature","id":7,"geometry":{"type":"Polygon","coordinates":[[[107.1556625274112,10.486346996573364],[107.15551409231379,10.486436768907206],[107.15542455373922,10.486252704724102],[107.1553405240878,10.486101921899815],[107.15549214140836,10.48602002213431],[107.1556625274112,10.486346996573364]]]},"properties":{"FID":7,"Shape_Leng":120.324004225,"Shape_Area":768.43770523900002,"Sothua":110,"So_To":74,"LoaidatHT":"HNK","Khuphomoi":"Khu phố Hương Giang","Sothuacu":110,"Sotocu":28,"Phuongcu":"phường Long Hương","Nguoisudun":"TRẦN VĂN ĐUA","Quyetdinh":"Quyết định 3693/QĐ-UBND","ID":"110.74"}},{"type":"Feature","id":8,"geometry":{"type":"Polygon","coordinates":[[[107.15630083327358,10.486522592264793],[107.15605467123312,10.486649883965617],[107.15580725425562,10.486285786818446],[107.15602691375857,10.486163961559461],[107.15605284573603,10.486169886548552],[107.15606377284109,10.486188531640996],[107.15620516895795,10.486388876133374],[107.15630083327358,10.486522592264793]]]},"properties":{"FID":8,"Shape_Leng":157.00019097000001,"Shape_Area":1453.3973008099999,"Sothua":108,"So_To":74,"LoaidatHT":"LUC","Khuphomoi":"Khu phố Hương Giang","Sothuacu":108,"Sotocu":28,"Phuongcu":"phường Long Hương","Nguoisudun":"TRẦN VĂN ĐUA","Quyetdinh":"Quyết định 3693/QĐ-UBND","ID":"108.74"}},{"type":"Feature","id":9,"geometry":{"type":"Polygon","coordinates":[[[107.16067150623361,10.486648074796076],[107.16053599412116,10.486668075507081],[107.16053820836743,10.486608136792075],[107.16055427058306,10.486326897061433],[107.1604935399822,10.48612390098535],[107.16049355647939,10.486115221431177],[107.16056615304809,10.485984982968542],[107.16057705309895,10.485969814098059],[107.16076017804097,10.485891675719136],[107.16094512397159,10.485816977490201],[107.16084326565684,10.485479644286627],[107.16084036738911,10.485369518330883],[107.16090073645437,10.485329035129029],[107.16143080126743,10.485160675728396],[107.16152689049181,10.485167634546841],[107.16161163995083,10.48532573943934],[107.16187964083608,10.485193511623949],[107.16189614425259,10.485209906880982],[107.16191802008424,10.485235894963617],[107.16192993629406,10.485262407194767],[107.16194203881471,10.485287473845363],[107.1618430395332,10.485322279930578],[107.16183782243311,10.485327694970854],[107.16181487732216,10.485336061325803],[107.16180448811484,10.485323113260886],[107.16153573786879,10.485416733802333],[107.16148770257691,10.485311768286513],[107.16094154465048,10.485439050757726],[107.16112097389649,10.485866486889016],[107.16087297392427,10.486001011396894],[107.16063333159602,10.486111321492452],[107.16067150623361,10.486648074796076]]]},"properties":{"FID":9,"Shape_Leng":628.12854776999995,"Shape_Area":4021.6251750500001,"Sothua":120,"So_To":75,"LoaidatHT":"LUC","Khuphomoi":"Khu phố Hương Giang","Sothuacu":120,"Sotocu":29,"Phuongcu":"phường Long Hương","Nguoisudun":"HTX NN QUYẾT THẮNG","Quyetdinh":"Quyết định 3693/QĐ-UBND","ID":"120.75"}},{"type":"Feature","id":10,"geometry":{"type":"Polygon","coordinates":[[[107.15830274795054,10.486746564734977],[107.15827969585629,10.486763247713416],[107.15817259468389,10.486542083352509],[107.15821155391154,10.486519281947986],[107.15805345627476,10.486261857776283],[107.15823739841325,10.486186705917788],[107.15837589501182,10.486288576990608],[107.15864799966606,10.486488720515549],[107.158310456118,10.486728586798677],[107.15830274795054,10.486746564734977]]]},"properties":{"FID":10,"Shape_Leng":194.025819625,"Shape_Area":1933.55774092,"Sothua":501,"So_To":74,"LoaidatHT":"NTS","Khuphomoi":"Khu phố Hương Giang","Sothuacu":0,"Sotocu":28,"Phuongcu":"phường Long Hương","Nguoisudun":" ","Quyetdinh":" ","ID":"501.74"}},{"type":"Feature","id":11,"geometry":{"type":"Polygon","coordinates":[[[107.15638226323262,10.486983118969537],[107.15630679551606,10.487037043496374],[107.1562233460896,10.486917002632207],[107.15617660533181,10.486852542255868],[107.15618557002749,10.486846140194727],[107.15606287046818,10.486661923394481],[107.15629430895041,10.486542741274882],[107.15653181716512,10.486881775061633],[107.15638226323262,10.486983118969537]]]},"properties":{"FID":11,"Shape_Leng":154.77832171899999,"Shape_Area":1392.13301899,"Sothua":87,"So_To":74,"LoaidatHT":"LUC","Khuphomoi":"Khu phố Hương Giang","Sothuacu":87,"Sotocu":28,"Phuongcu":"phường Long Hương","Nguoisudun":"TRẦN VĂN BƠI (chết); Sử dụng: NGUYỄN THỊ TÝ (vợ).","Quyetdinh":"Quyết định 3693/QĐ-UBND","ID":"87.74"}},{"type":"Feature","id":12,"geometry":{"type":"Polygon","coordinates":[[[107.15642903265845,10.487224332680023],[107.15626923477168,10.487332528386792],[107.15606179973541,10.486935686765609],[107.15617660533181,10.486852542255868],[107.1562233460896,10.486917002632207],[107.15630679551606,10.487037043496374],[107.15633338797223,10.487080310156188],[107.15642903265845,10.487224332680023]]]},"properties":{"FID":12,"Shape_Leng":135.78725431199999,"Shape_Area":916.46165538800005,"Sothua":76,"So_To":74,"LoaidatHT":"LUC","Khuphomoi":"Khu phố Hương Giang","Sothuacu":76,"Sotocu":28,"Phuongcu":"phường Long Hương","Nguoisudun":"Đăng ký: VĂN BƠI (chết); Sử dụng: NGUYỄN THỊ TÝ (vợ).","Quyetdinh":"Quyết định 3693/QĐ-UBND","ID":"76.74"}},{"type":"Feature","id":13,"geometry":{"type":"Polygon","coordinates":[[[107.15722285618828,10.4870936321686],[107.15689954501357,10.487342564614238],[107.15684614909051,10.487270949636279],[107.1565703703114,10.486880220161833],[107.15667436126546,10.486815407999128],[107.15692979761695,10.486662637275565],[107.15694452859972,10.486650459479048],[107.15708952353498,10.486880193183698],[107.15722542633044,10.48708721743475],[107.15722285618828,10.4870936321686]]]},"properties":{"FID":13,"Shape_Leng":213.727669136,"Shape_Area":2807.96732668,"Sothua":71,"So_To":74,"LoaidatHT":"LUC","Khuphomoi":"Khu phố Hương Giang","Sothuacu":71,"Sotocu":28,"Phuongcu":"phường Long Hương","Nguoisudun":"ĐOÀN THANH NIÊN PHƯỜNG; Sử dụng: ĐOÀN THANH NIÊN PHƯỜNG.","Quyetdinh":"Quyết định 3693/QĐ-UBND","ID":"71.74"}},{"type":"Feature","id":14,"geometry":{"type":"Polygon","coordinates":[[[107.15962266819722,10.487165707758384],[107.15912440124688,10.487354391178538],[107.15909249198586,10.487176311786685],[107.15906383777768,10.487016049107329],[107.15903762238607,10.486870076531527],[107.15901348859143,10.486734686278034],[107.15899070837993,10.486607615590689],[107.15897000837172,10.48649185029967],[107.15894442669702,10.48634940554745],[107.15942392545726,10.486208259488414],[107.1595883965301,10.486525728575375],[107.15985204876978,10.486616267029406],[107.15979677845252,10.487099774809622],[107.15962266819722,10.487165707758384]]]},"properties":{"FID":14,"Shape_Leng":370.41346117799998,"Shape_Area":8253.1562701000003,"Sothua":311,"So_To":75,"LoaidatHT":"NTS","Khuphomoi":"Khu phố Hương Giang","Sothuacu":0,"Sotocu":29,"Phuongcu":"phường Long Hương","Nguoisudun":" ","Quyetdinh":" ","ID":"311.75"}},{"type":"Feature","id":15,"geometry":{"type":"Polygon","coordinates":[[[107.15773630060647,10.487213750642802],[107.1574719054246,10.487369399149562],[107.15728078805665,10.48708587466859],[107.15726658174208,10.487062792404377],[107.1573761486918,10.486995731428326],[107.15757716441421,10.486877757216027],[107.15769881829816,10.487132220396367],[107.15773630060647,10.487213750642802]]]},"properties":{"FID":15,"Shape_Leng":155.143632395,"Shape_Area":1503.22413835,"Sothua":70,"So_To":74,"LoaidatHT":"LUC","Khuphomoi":"Khu phố Hương Giang","Sothuacu":70,"Sotocu":28,"Phuongcu":"phường Long Hương","Nguoisudun":"NGUYỄN VĂN NHÁNH (CHẾT); Sử dụng: NGUYỄN VĂN BÚP (con).","Quyetdinh":"Quyết định 3693/QĐ-UBND","ID":"70.74"}},{"type":"Feature","id":16,"geometry":{"type":"Polygon","coordinates":[[[107.15683620830272,10.48740618637852],[107.15666987948119,10.487537514877808],[107.15642903265845,10.487224332680023],[107.15633338797223,10.487080310156188],[107.15630679551606,10.487037043496374],[107.15638226323262,10.486983118969537],[107.15653181716512,10.486881775061633],[107.15654257184087,10.486894634083754],[107.15655409093699,10.486890224800016],[107.15666998841749,10.487049023023882],[107.15687242336797,10.487337089760098],[107.15683620830272,10.48740618637852]]]},"properties":{"FID":16,"Shape_Leng":193.86788414700001,"Shape_Area":2132.8386793,"Sothua":72,"So_To":74,"LoaidatHT":"LUC","Khuphomoi":"Khu phố Hương Giang","Sothuacu":72,"Sotocu":28,"Phuongcu":"phường Long Hương","Nguoisudun":"NGUYỄN VĂN CHỌN","Quyetdinh":"Quyết định 3693/QĐ-UBND","ID":"72.74"}},{"type":"Feature","id":17,"geometry":{"type":"Polygon","coordinates":[[[107.15998415113727,10.487528685162678],[107.15975646287083,10.487597324979657],[107.15966923389647,10.487398257803383],[107.15969089680527,10.48739169798583],[107.15962899792517,10.487179026026581],[107.15962266819722,10.487165707758384],[107.15979677845252,10.487099774809622],[107.15985204876978,10.486616267029406],[107.1595883965301,10.486525728575375],[107.15942392545726,10.486208259488414],[107.15894442669702,10.48634940554745],[107.15883734225876,10.486071010124475],[107.15837589501182,10.486288576990608],[107.15823739841325,10.486186705917788],[107.15805345627476,10.486261857776283],[107.15812643612476,10.486219047910417],[107.1582178837678,10.486168406636509],[107.15845810917475,10.486039927306679],[107.15830304698945,10.485819758285583],[107.15848937761268,10.485689369898166],[107.15845489394673,10.485616072226842],[107.15842479434492,10.485543777861874],[107.15844666052064,10.485526369033577],[107.15852969430854,10.485480595002988],[107.15845417675988,10.485320335772482],[107.15841713770936,10.485245948244602],[107.15836281239136,10.485134551533505],[107.1584839579138,10.485079715549221],[107.15879043171368,10.484603184453469],[107.15868058330167,10.48453038035878],[107.1585926401486,10.484467290079351],[107.15855620022276,10.484414241461277],[107.15875088405279,10.484310720497628],[107.15901657510017,10.484240242094282],[107.15904516639736,10.484337757997254],[107.15906487790545,10.484348373376122],[107.15922564857998,10.484255728596327],[107.15924726536133,10.48403281469407],[107.15922889800633,10.48398766491251],[107.15938747773306,10.483894112163494],[107.15942515193926,10.483874382482574],[107.15943863195507,10.483750814645813],[107.15943612012012,10.483678029356636],[107.15950356874006,10.483661699237116],[107.15950762325841,10.483691180744405],[107.15950976150192,10.483768034883333],[107.15946763284518,10.483920841738193],[107.15949148353059,10.484013196385044],[107.15956432975881,10.484088734301643],[107.15999019603709,10.484336890538994],[107.16035193871099,10.484389186030416],[107.16051483682233,10.484427822331298],[107.16100810841077,10.484537681905142],[107.16157071560451,10.484647668556837],[107.16171118004934,10.484665830485994],[107.16226632629404,10.484809073069826],[107.16189614425259,10.485209906880982],[107.16187964083608,10.485193511623949],[107.16161163995083,10.48532573943934],[107.16152689049181,10.485167634546841],[107.16143080126743,10.485160675728396],[107.16090073645437,10.485329035129029],[107.16084036738911,10.485369518330883],[107.16084326565684,10.485479644286627],[107.16094512397159,10.485816977490201],[107.16076017804097,10.485891675719136],[107.16057705309895,10.485969814098059],[107.16056615304809,10.485984982968542],[107.16049355647939,10.486115221431177],[107.1604935399822,10.48612390098535],[107.16055427058306,10.486326897061433],[107.16053820836743,10.486608136792075],[107.16053599412116,10.486668075507081],[107.16046241719602,10.486929499259917],[107.16052147840651,10.487049404366681],[107.16057007600214,10.487049946285387],[107.16062549683076,10.487165198801039],[107.16061940732264,10.487339444510756],[107.16039702495135,10.4874042191617],[107.15998415113727,10.487528685162678]]]},"properties":{"FID":17,"Shape_Leng":1756.4860447399999,"Shape_Area":76869.246026599998,"Sothua":500,"So_To":74,"LoaidatHT":"NTS","Khuphomoi":"Khu phố Hương Giang","Sothuacu":0,"Sotocu":28,"Phuongcu":"phường Long Hương","Nguoisudun":" ","Quyetdinh":" ","ID":"500.74"}},{"type":"Feature","id":18,"geometry":{"type":"Polygon","coordinates":[[[107.1565353844211,10.487646752007452],[107.15646265334168,10.48770249099406],[107.15626923477168,10.487332528386792],[107.15642903265845,10.487224332680023],[107.15666987948119,10.487537514877808],[107.1565353844211,10.487646752007452]]]},"properties":{"FID":18,"Shape_Leng":139.961730098,"Shape_Area":1121.4901387800001,"Sothua":73,"So_To":74,"LoaidatHT":"LUC","Khuphomoi":"Khu phố Hương Giang","Sothuacu":73,"Sotocu":28,"Phuongcu":"phường Long Hương","Nguoisudun":"ĐOÀN THỊ NGA (chết); Sử dụng: NGUYỄN VĂN HOA (chồng).","Quyetdinh":"Quyết định 3693/QĐ-UBND","ID":"73.74"}},{"type":"Feature","id":19,"geometry":{"type":"Polygon","coordinates":[[[107.15710868182731,10.487709481688633],[107.15692138388231,10.487866990998667],[107.15667496176304,10.487555335524123],[107.15685520090938,10.4874102901471],[107.15710868182731,10.487709481688633]]]},"properties":{"FID":19,"Shape_Leng":139.338336607,"Shape_Area":1138.1514662899999,"Sothua":50,"So_To":74,"LoaidatHT":"LUC","Khuphomoi":"Khu phố Hương Giang","Sothuacu":50,"Sotocu":28,"Phuongcu":"phường Long Hương","Nguoisudun":"NGUYỄN TIẾT HÙNG","Quyetdinh":"Quyết định 3693/QĐ-UBND","ID":"50.74"}},{"type":"Feature","id":20,"geometry":{"type":"Polygon","coordinates":[[[107.15909588674562,10.487987127131499],[107.15894128693431,10.488052387724288],[107.15892355003967,10.488011940820543],[107.15880507506174,10.487718155684652],[107.15907019597086,10.48761286696185],[107.15911387209702,10.487703992400808],[107.15916580843133,10.487823431941802],[107.15919445109594,10.487941833019629],[107.15909588674562,10.487987127131499]]]},"properties":{"FID":20,"Shape_Leng":140.480479739,"Shape_Area":1252.38698851,"Sothua":28,"So_To":74,"LoaidatHT":"LUC","Khuphomoi":"Khu phố Hương Giang","Sothuacu":28,"Sotocu":28,"Phuongcu":"phường Long Hương","Nguoisudun":"ĐỖ HỒNG LÂM","Quyetdinh":"Quyết định 3693/QĐ-UBND","ID":"28.74"}},{"type":"Feature","id":21,"geometry":{"type":"Polygon","coordinates":[[[107.1597950156675,10.488030195649284],[107.1595752656275,10.488151752942356],[107.15945539051287,10.487825777965668],[107.15960476817824,10.487768282165312],[107.15979866067416,10.487697669417194],[107.15989104189174,10.487973956976797],[107.15979714151746,10.488017270949234],[107.15979274321944,10.488024224142938],[107.1597950156675,10.488030195649284]]]},"properties":{"FID":21,"Shape_Leng":151.28095793899999,"Shape_Area":1399.66496499,"Sothua":97,"So_To":75,"LoaidatHT":"LUC","Khuphomoi":"Khu phố Hương Giang","Sothuacu":97,"Sotocu":29,"Phuongcu":"phường Long Hương","Nguoisudun":"NGUYỄN VĂN NÚI","Quyetdinh":"Quyết định 3693/QĐ-UBND","ID":"97.75"}},{"type":"Feature","id":22,"geometry":{"type":"Polygon","coordinates":[[[107.15701762578549,10.487985880963009],[107.15681935621713,10.488148160991329],[107.15671569117146,10.48804200565019],[107.15650151858348,10.487776972133332],[107.1564795809654,10.48773597417112],[107.1564885921368,10.487705161188973],[107.15667496176304,10.487555335524123],[107.15692138388231,10.487866990998667],[107.15701762578549,10.487985880963009]]]},"properties":{"FID":22,"Shape_Leng":177.673063396,"Shape_Area":1794.37438292,"Sothua":43,"So_To":74,"LoaidatHT":"LUC","Khuphomoi":"Khu phố Hương Giang","Sothuacu":43,"Sotocu":28,"Phuongcu":"phường Long Hương","Nguoisudun":"ĐOÀN VĂN HẢI (chết); Sử dụng: NGUYỄN KIM PHỤNG (vợ).","Quyetdinh":"Quyết định 3693/QĐ-UBND","ID":"43.74"}},{"type":"Feature","id":23,"geometry":{"type":"Polygon","coordinates":[[[107.1595752656275,10.488151752942356],[107.1593264609854,10.488275696552895],[107.15919445109594,10.487941833019629],[107.15945539051287,10.487825777965668],[107.1595752656275,10.488151752942356]]]},"properties":{"FID":23,"Shape_Leng":139.87709529099999,"Shape_Area":1201.89475085,"Sothua":96,"So_To":75,"LoaidatHT":"LUC","Khuphomoi":"Khu phố Hương Giang","Sothuacu":96,"Sotocu":29,"Phuongcu":"phường Long Hương","Nguoisudun":"TRẦN THỊ HÓA","Quyetdinh":"Quyết định 3693/QĐ-UBND","ID":"96.75"}},{"type":"Feature","id":24,"geometry":{"type":"Polygon","coordinates":[[[107.15716105092338,10.488177006383523],[107.15703714419182,10.488290241824725],[107.15695648371799,10.488288011697321],[107.15681935621713,10.488148160991329],[107.15701762578549,10.487985880963009],[107.15716105092338,10.488177006383523]]]},"properties":{"FID":24,"Shape_Leng":103.380559187,"Shape_Area":693.08529692599996,"Sothua":42,"So_To":74,"LoaidatHT":"LUC","Khuphomoi":"Khu phố Hương Giang","Sothuacu":42,"Sotocu":28,"Phuongcu":"phường Long Hương","Nguoisudun":"ĐOÀN VĂN HẢI (chết); Sử dụng: NGUYỄN KIM PHỤNG (vợ).","Quyetdinh":"Quyết định 3693/QĐ-UBND","ID":"42.74"}},{"type":"Feature","id":25,"geometry":{"type":"Polygon","coordinates":[[[107.1593264609854,10.488275696552895],[107.15923595272649,10.488312506910923],[107.15909588674562,10.487987127131499],[107.15919445109594,10.487941833019629],[107.1593264609854,10.488275696552895]]]},"properties":{"FID":25,"Shape_Leng":101.41470365000001,"Shape_Area":445.20726539200001,"Sothua":24,"So_To":74,"LoaidatHT":"LUC","Khuphomoi":"Khu phố Hương Giang","Sothuacu":24,"Sotocu":28,"Phuongcu":"phường Long Hương","Nguoisudun":"ĐỖ HỒNG LÂM","Quyetdinh":"Quyết định 3693/QĐ-UBND","ID":"24.74"}},{"type":"Feature","id":26,"geometry":{"type":"Polygon","coordinates":[[[107.15923595272649,10.488312506910923],[107.1590750555109,10.488373868781464],[107.15894128693431,10.488052387724288],[107.15909588674562,10.487987127131499],[107.15923595272649,10.488312506910923]]]},"properties":{"FID":26,"Shape_Leng":114.88642613499999,"Shape_Area":723.18317143000002,"Sothua":23,"So_To":74,"LoaidatHT":"LUC","Khuphomoi":"Khu phố Hương Giang","Sothuacu":23,"Sotocu":28,"Phuongcu":"phường Long Hương","Nguoisudun":"ĐỖ HỒNG LÂM","Quyetdinh":"Quyết định 3693/QĐ-UBND","ID":"23.74"}},{"type":"Feature","id":27,"geometry":{"type":"Polygon","coordinates":[[[107.15683595421444,10.488354872248314],[107.15681170859615,10.488374627232067],[107.15666234656884,10.48808738273063],[107.15671569117146,10.48804200565019],[107.15681935621713,10.488148160991329],[107.15695648371799,10.488288011697321],[107.15689866716424,10.488331301493981],[107.15683595421444,10.488354872248314]]]},"properties":{"FID":27,"Shape_Leng":100.065514941,"Shape_Area":479.212586547,"Sothua":41,"So_To":74,"LoaidatHT":"LUC","Khuphomoi":"Khu phố Hương Giang","Sothuacu":41,"Sotocu":28,"Phuongcu":"phường Long Hương","Nguoisudun":"TRẦN VĂN NAM","Quyetdinh":"Quyết định 3693/QĐ-UBND","ID":"41.74"}},{"type":"Feature","id":28,"geometry":{"type":"Polygon","coordinates":[[[107.1576652578763,10.488303166133095],[107.15745540791491,10.488502493496542],[107.15716105092338,10.488177006383523],[107.15701762578549,10.487985880963009],[107.15692138388231,10.487866990998667],[107.15710868182731,10.487709481688633],[107.15721005516001,10.487820063130387],[107.1576652578763,10.488303166133095]]]},"properties":{"FID":28,"Shape_Leng":239.89963970100001,"Shape_Area":2721.2629891800002,"Sothua":37,"So_To":74,"LoaidatHT":"LUC","Khuphomoi":"Khu phố Hương Giang","Sothuacu":37,"Sotocu":28,"Phuongcu":"phường Long Hương","Nguoisudun":"ĐÀO THỊ NHIỆM","Quyetdinh":"Quyết định 3693/QĐ-UBND","ID":"37.74"}},{"type":"Feature","id":29,"geometry":{"type":"Polygon","coordinates":[[[107.15979637212087,10.48851959486559],[107.15978109652266,10.488529873030963],[107.1595752656275,10.488151752942356],[107.1597950156675,10.488030195649284],[107.15982670430783,10.488084229811861],[107.16000402998745,10.488415916800491],[107.15979637212087,10.48851959486559]]]},"properties":{"FID":29,"Shape_Leng":151.012245377,"Shape_Area":1322.44021982,"Sothua":95,"So_To":75,"LoaidatHT":"LUC","Khuphomoi":"Khu phố Hương Giang","Sothuacu":95,"Sotocu":29,"Phuongcu":"phường Long Hương","Nguoisudun":"NGUYỄN VĂN NON (chết); Sử dụng: TRẦN THỊ THU HÀ (vợ).","Quyetdinh":"Quyết định 3693/QĐ-UBND","ID":"95.75"}},{"type":"Feature","id":30,"geometry":{"type":"Polygon","coordinates":[[[107.16003857495232,10.488482010250683],[107.15980105035433,10.488592359062427],[107.15977611898383,10.488553642236047],[107.15978109652266,10.488529873030963],[107.15979637212087,10.48851959486559],[107.16000402998745,10.488415916800491],[107.16003857495232,10.488482010250683]]]},"properties":{"FID":30,"Shape_Leng":72.223272694200006,"Shape_Area":224.45090198899999,"Sothua":92,"So_To":75,"LoaidatHT":"LUC","Khuphomoi":"Khu phố Hương Giang","Sothuacu":92,"Sotocu":29,"Phuongcu":"phường Long Hương","Nguoisudun":"NGUYỄN VĂN NON (chết); Sử dụng: TRẦN THỊ THU HÀ (vợ).","Quyetdinh":"Quyết định 3693/QĐ-UBND","ID":"92.75"}},{"type":"Feature","id":31,"geometry":{"type":"Polygon","coordinates":[[[107.15745540791491,10.488502493496542],[107.15732168833883,10.48863587237998],[107.15703714419182,10.488290241824725],[107.15716105092338,10.488177006383523],[107.15745540791491,10.488502493496542]]]},"properties":{"FID":31,"Shape_Leng":136.91666079000001,"Shape_Area":956.12728816599997,"Sothua":38,"So_To":74,"LoaidatHT":"LUC","Khuphomoi":"Khu phố Hương Giang","Sothuacu":38,"Sotocu":28,"Phuongcu":"phường Long Hương","Nguoisudun":"ĐÀO THỊ NHIỆM","Quyetdinh":"Quyết định 3693/QĐ-UBND","ID":"38.74"}},{"type":"Feature","id":32,"geometry":{"type":"Polygon","coordinates":[[[107.15977611898383,10.488553642236047],[107.15953064370557,10.488703902740991],[107.1593264609854,10.488275696552895],[107.1595752656275,10.488151752942356],[107.15978109652266,10.488529873030963],[107.15977611898383,10.488553642236047]]]},"properties":{"FID":32,"Shape_Leng":164.704329976,"Shape_Area":1620.22429831,"Sothua":94,"So_To":75,"LoaidatHT":"LUC","Khuphomoi":"Khu phố Hương Giang","Sothuacu":94,"Sotocu":29,"Phuongcu":"phường Long Hương","Nguoisudun":"TRẦN THỊ NGỌC (chết); Sử dụng: ĐẶNG THỊ NGỌC DUNG (Con).","Quyetdinh":"Quyết định 3693/QĐ-UBND","ID":"94.75"}},{"type":"Feature","id":33,"geometry":{"type":"Polygon","coordinates":[[[107.15980105035433,10.488592359062427],[107.15953259444316,10.488717079028193],[107.15953064370557,10.488703902740991],[107.15977611898383,10.488553642236047],[107.15980105035433,10.488592359062427]]]},"properties":{"FID":33,"Shape_Leng":70.634075938099997,"Shape_Area":103.170990125,"Sothua":93,"So_To":75,"LoaidatHT":"LUC","Khuphomoi":"Khu phố Hương Giang","Sothuacu":93,"Sotocu":29,"Phuongcu":"phường Long Hương","Nguoisudun":"NGUYỄN VĂN NON (chết); Sử dụng: TRẦN THỊ THU HÀ (vợ).","Quyetdinh":"Quyết định 3693/QĐ-UBND","ID":"93.75"}},{"type":"Feature","id":34,"geometry":{"type":"Polygon","coordinates":[[[107.15953259444316,10.488717079028193],[107.15925959625284,10.488844095557113],[107.15921124795281,10.488718498336581],[107.15915090614465,10.488551938892334],[107.1590750555109,10.488373868781464],[107.15923595272649,10.488312506910923],[107.1593264609854,10.488275696552895],[107.15953064370557,10.488703902740991],[107.15953259444316,10.488717079028193]]]},"properties":{"FID":34,"Shape_Leng":172.32183844299999,"Shape_Area":1709.34781406,"Sothua":18,"So_To":74,"LoaidatHT":"LUC","Khuphomoi":"Khu phố Hương Giang","Sothuacu":18,"Sotocu":28,"Phuongcu":"phường Long Hương","Nguoisudun":"TRẦN THỊ NGỌC (chết); Sử dụng: ĐẶNG VĂN DŨNG (con).","Quyetdinh":"Quyết định 3693/QĐ-UBND","ID":"18.74"}},{"type":"Feature","id":35,"geometry":{"type":"Polygon","coordinates":[[[107.16025811210071,10.48888218770003],[107.1601074317596,10.488951253577898],[107.16006834274235,10.488897838269965],[107.16001663056083,10.488814609260004],[107.16018238597063,10.488737300221823],[107.16025811210071,10.48888218770003]]]},"properties":{"FID":35,"Shape_Leng":74.405304763499998,"Shape_Area":346.64717566600001,"Sothua":3,"So_To":75,"LoaidatHT":"LUC","Khuphomoi":"Khu phố Hương Giang","Sothuacu":3,"Sotocu":29,"Phuongcu":"phường Long Hương","Nguoisudun":"NGUYỄN THỊ DẬU (chết); Sử dụng: PHAN VĂN CÔNG (con).","Quyetdinh":"Quyết định 3693/QĐ-UBND","ID":"3.75"}},{"type":"Feature","id":36,"geometry":{"type":"Polygon","coordinates":[[[107.15290015001982,10.489012572161538],[107.15278082414999,10.489070391261681],[107.15270158848507,10.488944481140798],[107.15222290946056,10.488988063331034],[107.15222959760902,10.488787724668564],[107.15222200879113,10.488791056053369],[107.15220733551243,10.488630367555855],[107.15214430964373,10.488578895426032],[107.1521442186064,10.488578804755516],[107.15207278091113,10.488531295012256],[107.15207269016233,10.488531113956691],[107.15205075300958,10.488442288479277],[107.15210233262019,10.488412550312725],[107.15244632317773,10.488196480647449],[107.15274704173348,10.488012697530008],[107.15284737708129,10.487711001872112],[107.15290837187109,10.487534904978268],[107.15296951758368,10.48737562463155],[107.15307447154738,10.48704708647473],[107.15331889607771,10.486348756061572],[107.15356946916174,10.486732751115477],[107.15367958386173,10.48690519074176],[107.15374271294259,10.486997890989901],[107.15379730883367,10.486919606469845],[107.15388049642806,10.486794090226269],[107.15425058361437,10.486257831561154],[107.15436453098461,10.486097564277872],[107.15442334843202,10.48600898088679],[107.15397098576703,10.485669000879396],[107.15402918855943,10.485672695503064],[107.15418527033982,10.485682602412165],[107.15418836189521,10.485690564089634],[107.15441909947224,10.4856034785488],[107.15454234213465,10.485555525007422],[107.15459508156302,10.485535005000035],[107.15464701514421,10.485606437010675],[107.15471679244509,10.485566877144208],[107.15484866072498,10.485493619281574],[107.15486605405626,10.485483455340786],[107.15502491064422,10.485390631894987],[107.15503019604733,10.485387544744821],[107.15518734306958,10.485567124318566],[107.15518969788027,10.485577887422712],[107.15520554794611,10.485601785686089],[107.15508556920781,10.485619372186072],[107.15507525641962,10.485757592372053],[107.1550717767383,10.485857851513941],[107.15511650515302,10.485923483574568],[107.1551011023584,10.485952477069251],[107.15511399724554,10.485993005033048],[107.15500207921663,10.4861907062001],[107.15495656645024,10.486248755814938],[107.15505118243287,10.486405253323928],[107.15513465077942,10.486562816045138],[107.15494936401723,10.486576212236917],[107.15493287896163,10.486645978475162],[107.1549986412478,10.48674727134483],[107.15504845905321,10.486778827976069],[107.15513958729011,10.486896081299568],[107.15521592079875,10.486867201673407],[107.1553009330112,10.48698218349665],[107.15539130967319,10.487110103377999],[107.15550604858282,10.48725343914051],[107.15567962465192,10.487153677971666],[107.15568555066983,10.487160017915382],[107.15571510008159,10.487185207900353],[107.15576531707814,10.487247233364455],[107.15587834137519,10.487187863564468],[107.15597156791253,10.487115075086454],[107.15610572614942,10.487278608695924],[107.15599536827742,10.487376589219846],[107.15607952934339,10.487506938894748],[107.15614592017259,10.487470627402855],[107.15628665151712,10.487684712615547],[107.15624901484118,10.487732380031749],[107.15621063204232,10.487788092060216],[107.15620521963376,10.487799744774794],[107.15615676904922,10.487865835059493],[107.15619492857313,10.488070778722152],[107.15620749466029,10.488092139526298],[107.156050855629,10.488124304527155],[107.15587510864334,10.488164209285445],[107.15563940476089,10.488219914559927],[107.155389818801,10.488274056182407],[107.15488743722196,10.488388119845494],[107.15451439505604,10.488462462274716],[107.15425294623415,10.488557085564295],[107.15408910091401,10.488440057276136],[107.15380733308268,10.488602902503265],[107.15376379977766,10.488533565527124],[107.15345818180565,10.488699620712108],[107.1533862483795,10.488577159145546],[107.1532007783168,10.48868548597533],[107.15320577736001,10.4886984238808],[107.15308667558921,10.488782282698114],[107.15295640930292,10.488876427673064],[107.15299423718936,10.48896790478841],[107.15290015001982,10.489012572161538]]]},"properties":{"FID":36,"Shape_Leng":1763.98349398,"Shape_Area":81773.014408200004,"Sothua":3,"So_To":74,"LoaidatHT":"NTS","Khuphomoi":"Khu phố Hương Giang","Sothuacu":3,"Sotocu":28,"Phuongcu":"phường Long Hương","Nguoisudun":"HTX NN QUYẾT THẮNG","Quyetdinh":"Quyết định 3693/QĐ-UBND","ID":"3.74"}},{"type":"Feature","id":37,"geometry":{"type":"Polygon","coordinates":[[[107.1597847947738,10.489133556918269],[107.1597683368573,10.489141120797385],[107.15968199353163,10.488970687255899],[107.16001663056083,10.488814609260004],[107.16006834274235,10.488897838269965],[107.1601074317596,10.488951253577898],[107.16004579382646,10.488986128119013],[107.1597847947738,10.489133556918269]]]},"properties":{"FID":37,"Shape_Leng":122.381198661,"Shape_Area":812.78422702099999,"Sothua":356,"So_To":72,"LoaidatHT":"LUC","Khuphomoi":"Khu phố Hương Giang","Sothuacu":356,"Sotocu":23,"Phuongcu":"phường Long Hương","Nguoisudun":"NGUYỄN THỊ DẬU (chết); Sử dụng: PHAN VĂN CÔNG (con).","Quyetdinh":"Quyết định 3693/QĐ-UBND","ID":"356.72"}},{"type":"Feature","id":38,"geometry":{"type":"Polygon","coordinates":[[[107.15010800426707,10.489085792919202],[107.14988703524352,10.48922117400514],[107.14982134011645,10.489180545517691],[107.14963659985641,10.489051361172894],[107.14955575981386,10.489000578354487],[107.14894217570078,10.488559025779645],[107.1494623575424,10.488263550103685],[107.14952419963319,10.488217557094551],[107.14964161489334,10.488155937912829],[107.14986748311264,10.488037383158295],[107.15056001960673,10.487659866402085],[107.15067680287088,10.487593814281471],[107.15088429503766,10.487482276793623],[107.15124953928279,10.487282432131053],[107.15133825837663,10.487226273258832],[107.15188413626454,10.486914929158472],[107.15223861082934,10.486709096312543],[107.15242023314417,10.48660609721218],[107.15268422842504,10.486326137897294],[107.15284330597183,10.48616496167265],[107.15302758115885,10.485964413839953],[107.15312024319749,10.486091253519589],[107.15318257557733,10.48617048052281],[107.15329380683214,10.486331711639151],[107.15318436822689,10.486617839010593],[107.15310570049758,10.486815421234269],[107.15303267297648,10.48697802408496],[107.15293531574817,10.487203870012943],[107.15260584610193,10.487947155273828],[107.15256757835662,10.488037585050611],[107.15256279619028,10.488054030994135],[107.15203970606787,10.48839109527956],[107.15199537116391,10.488406562613134],[107.15169971102397,10.488143813945079],[107.15153254313387,10.487997937330997],[107.15126208222128,10.488266220815147],[107.15111444209306,10.488416296970318],[107.1509938237635,10.488528450753529],[107.15039592664428,10.488906418483028],[107.15010800426707,10.489085792919202]]]},"properties":{"FID":38,"Shape_Leng":1286.93254462,"Shape_Area":55499.197598999999,"Sothua":275,"So_To":74,"LoaidatHT":"NTS","Khuphomoi":"Khu phố Hương Giang","Sothuacu":275,"Sotocu":28,"Phuongcu":"phường Long Hương","Nguoisudun":"HTX NN QUYẾT THẮNG","Quyetdinh":"Quyết định 3693/QĐ-UBND","ID":"275.74"}},{"type":"Feature","id":39,"geometry":{"type":"Polygon","coordinates":[[[107.15949787792216,10.489266652513097],[107.1594568272812,10.489283935103458],[107.1594145570201,10.489222286667868],[107.15936172959761,10.489120059440465],[107.15968199353163,10.488970687255899],[107.1597683368573,10.489141120797385],[107.15949787792216,10.489266652513097]]]},"properties":{"FID":39,"Shape_Leng":118.407726329,"Shape_Area":809.66639065599998,"Sothua":355,"So_To":72,"LoaidatHT":"LUC","Khuphomoi":"Khu phố Hương Giang","Sothuacu":355,"Sotocu":23,"Phuongcu":"phường Long Hương","Nguoisudun":"TRẦN THỊ MÉO (chết); Sử dụng: TRẦN VĂN SINH (con).","Quyetdinh":"Quyết định 3693/QĐ-UBND","ID":"355.72"}},{"type":"Feature","id":40,"geometry":{"type":"Polygon","coordinates":[[[107.16041814590855,10.489179937434896],[107.1601945438115,10.489309444381478],[107.16009780638461,10.489113433774161],[107.16004579382646,10.488986128119013],[107.1601074317596,10.488951253577898],[107.16025811210071,10.48888218770003],[107.16026648149513,10.488900556217697],[107.16029124254463,10.488946169434454],[107.16041814590855,10.489179937434896]]]},"properties":{"FID":40,"Shape_Leng":130.977755436,"Shape_Area":1054.5633196399999,"Sothua":351,"So_To":72,"LoaidatHT":"LUC","Khuphomoi":"Khu phố Hương Giang","Sothuacu":351,"Sotocu":23,"Phuongcu":"phường Long Hương","Nguoisudun":"NGUYỄN THỊ DẬU (chết); Sử dụng: PHAN VĂN CÔNG (con).","Quyetdinh":"Quyết định 3693/QĐ-UBND","ID":"351.72"}},{"type":"Feature","id":41,"geometry":{"type":"Polygon","coordinates":[[[107.1601945438115,10.489309444381478],[107.15996800003782,10.489448437872205],[107.15992628717949,10.489381456781588],[107.15988212357351,10.489305971061322],[107.15984087539874,10.489235012669715],[107.1597847947738,10.489133556918269],[107.16004579382646,10.488986128119013],[107.16009780638461,10.489113433774161],[107.1601945438115,10.489309444381478]]]},"properties":{"FID":41,"Shape_Leng":141.63430704500001,"Shape_Area":1225.69617096,"Sothua":352,"So_To":72,"LoaidatHT":"LUC","Khuphomoi":"Khu phố Hương Giang","Sothuacu":352,"Sotocu":23,"Phuongcu":"phường Long Hương","Nguoisudun":"NGUYỄN THỊ DẬU (chết); Sử dụng: PHAN VĂN CÔNG (con).","Quyetdinh":"Quyết định 3693/QĐ-UBND","ID":"352.72"}},{"type":"Feature","id":42,"geometry":{"type":"Polygon","coordinates":[[[107.15238345346361,10.489349105860679],[107.15222002645126,10.489442917511282],[107.15214605256321,10.489336635338555],[107.15222089935359,10.489273669327185],[107.15221661093847,10.489033257739427],[107.15229701421239,10.489026627821026],[107.15232979322577,10.489082653946491],[107.15243954024048,10.489255997562498],[107.15238345346361,10.489349105860679]]]},"properties":{"FID":42,"Shape_Leng":122.952868638,"Shape_Area":794.28439697600004,"Sothua":657,"So_To":71,"LoaidatHT":"LUC","Khuphomoi":"Khu phố Hương Giang","Sothuacu":657,"Sotocu":22,"Phuongcu":"phường Long Hương","Nguoisudun":"HTX NN QUYẾT THẮNG","Quyetdinh":"Quyết định 3693/QĐ-UBND","ID":"657.71"}},{"type":"Feature","id":43,"geometry":{"type":"Polygon","coordinates":[[[107.15222002645126,10.489442917511282],[107.15201565311769,10.48959523743501],[107.15193940043869,10.489485877728869],[107.15205942333934,10.489398313618974],[107.15214605256321,10.489336635338555],[107.15222002645126,10.489442917511282]]]},"properties":{"FID":43,"Shape_Leng":85.009593237800004,"Shape_Area":406.79187790399999,"Sothua":633,"So_To":71,"LoaidatHT":"LUC","Khuphomoi":"Khu phố Hương Giang","Sothuacu":633,"Sotocu":22,"Phuongcu":"phường Long Hương","Nguoisudun":"HỒ VĂN LÀNH; Sử dụng: HỒ VĂN LÀNH.","Quyetdinh":"Quyết định 3693/QĐ-UBND","ID":"633.71"}},{"type":"Feature","id":44,"geometry":{"type":"Polygon","coordinates":[[[107.15375744931846,10.489560264219969],[107.15353564440611,10.489656136925708],[107.1535335557996,10.489649532331535],[107.15347952109636,10.48952990780143],[107.15342224194177,10.489435139768888],[107.15335710865955,10.489339271642557],[107.15344367372005,10.489263217176479],[107.15350809912728,10.489203937743284],[107.15375744931846,10.489560264219969]]]},"properties":{"FID":44,"Shape_Leng":137.032469983,"Shape_Area":1024.8279603999999,"Sothua":636,"So_To":71,"LoaidatHT":"LUC","Khuphomoi":"Khu phố Hương Giang","Sothuacu":636,"Sotocu":22,"Phuongcu":"phường Long Hương","Nguoisudun":"PHAN VĂN SÀNG (già yếu); Sử dụng: LÂM THỊ KIM ANH (con dâu).","Quyetdinh":"Quyết định 3693/QĐ-UBND","ID":"636.71"}},{"type":"Feature","id":45,"geometry":{"type":"Polygon","coordinates":[[[107.15974437850718,10.489635626902675],[107.15967368113526,10.489678802245892],[107.1594568272812,10.489283935103458],[107.15949787792216,10.489266652513097],[107.1597683368573,10.489141120797385],[107.15982515964885,10.489236610774689],[107.15994470244087,10.489449751285941],[107.15995883845035,10.489510171811594],[107.15978726723233,10.489612380082892],[107.15974437850718,10.489635626902675]]]},"properties":{"FID":45,"Shape_Leng":169.79753754999999,"Shape_Area":1804.35955777,"Sothua":353,"So_To":72,"LoaidatHT":"LUC","Khuphomoi":"Khu phố Hương Giang","Sothuacu":353,"Sotocu":23,"Phuongcu":"phường Long Hương","Nguoisudun":"TRẦN THỊ MÉO (chết); Sử dụng: TRẦN VĂN SINH (con).","Quyetdinh":"Quyết định 3693/QĐ-UBND","ID":"353.72"}},{"type":"Feature","id":46,"geometry":{"type":"Polygon","coordinates":[[[107.1535335557996,10.489649532331535],[107.15335169642962,10.489732279100389],[107.15328144426697,10.489637848392446],[107.15347952109636,10.48952990780143],[107.1535335557996,10.489649532331535]]]},"properties":{"FID":46,"Shape_Leng":74.151039747900001,"Shape_Area":318.119598602,"Sothua":613,"So_To":71,"LoaidatHT":"LUC","Khuphomoi":"Khu phố Hương Giang","Sothuacu":613,"Sotocu":22,"Phuongcu":"phường Long Hương","Nguoisudun":"PHAN VĂN LỢI","Quyetdinh":"Quyết định 3693/QĐ-UBND","ID":"613.71"}},{"type":"Feature","id":47,"geometry":{"type":"Polygon","coordinates":[[[107.15201565311769,10.48959523743501],[107.15169492596608,10.489826810157188],[107.15167196347814,10.489796298630059],[107.15160501655771,10.489693646430204],[107.15192339943314,10.489493260996595],[107.15193940043869,10.489485877728869],[107.15201565311769,10.48959523743501]]]},"properties":{"FID":47,"Shape_Leng":119.151649232,"Shape_Area":709.43911395400005,"Sothua":606,"So_To":71,"LoaidatHT":"LUC","Khuphomoi":"Khu phố Hương Giang","Sothuacu":606,"Sotocu":22,"Phuongcu":"phường Long Hương","Nguoisudun":"HỒ VĂN LÀNH","Quyetdinh":"Quyết định 3693/QĐ-UBND","ID":"606.71"}},{"type":"Feature","id":48,"geometry":{"type":"Polygon","coordinates":[[[107.15507425943059,10.48981913754306],[107.15490681579188,10.489863849171428],[107.15491086642123,10.489847944143079],[107.15478567234585,10.489773301520142],[107.15470924754364,10.489658335583281],[107.15462088104798,10.489529876861837],[107.15453963570667,10.489403872532556],[107.15446144344642,10.489161875326177],[107.15438749802772,10.4889448401719],[107.15450359341476,10.488904191687656],[107.1545642999729,10.488878718822056],[107.15467286830447,10.488761388012257],[107.15452476476716,10.488485808399107],[107.15462283076864,10.488462303925662],[107.15485705640914,10.488415276175843],[107.15593090178855,10.488176338067213],[107.15622134730521,10.488109252647529],[107.15628181338195,10.488209722391339],[107.15656535880578,10.488407981449413],[107.15663781914611,10.488398442522083],[107.15672078669728,10.488436298629564],[107.15674265092345,10.488419884991988],[107.15674501740899,10.488424409767783],[107.15701379983005,10.488940074460201],[107.15725509393997,10.489403159845093],[107.15700492626416,10.48928244594028],[107.1569905050261,10.489275548179013],[107.1567752935716,10.489171716237969],[107.15647765490817,10.489129932603021],[107.15639307392938,10.489316022606824],[107.1563737230471,10.489355405343785],[107.15628316581342,10.489369701857727],[107.15611448704814,10.489534930767103],[107.15611889854701,10.48956929512617],[107.15594979311565,10.489623225825003],[107.15595024005461,10.489628289655753],[107.15543261474949,10.48973509265632],[107.15507425943059,10.48981913754306]]]},"properties":{"FID":48,"Shape_Leng":873.74761117200001,"Shape_Area":36595.010181999998,"Sothua":11,"So_To":74,"LoaidatHT":"NTS","Khuphomoi":"Khu phố Hương Giang","Sothuacu":11,"Sotocu":28,"Phuongcu":"phường Long Hương","Nguoisudun":"HTX NN QUYẾT THẮNG","Quyetdinh":"Quyết định 3693/QĐ-UBND","ID":"11.74"}},{"type":"Feature","id":49,"geometry":{"type":"Polygon","coordinates":[[[107.1599790663078,10.489875381692766],[107.15995382582547,10.489889800240066],[107.15983197168885,10.489739491405567],[107.15976362890204,10.489649224310854],[107.15981237713818,10.489619027014912],[107.15998156554811,10.489520612013921],[107.1600120762467,10.489569761712078],[107.16014821010705,10.489801195757499],[107.1601390696686,10.489803982012621],[107.1599790663078,10.489875381692766]]]},"properties":{"FID":49,"Shape_Leng":121.05957864,"Shape_Area":889.50531119200002,"Sothua":339,"So_To":72,"LoaidatHT":"LUC","Khuphomoi":"Khu phố Hương Giang","Sothuacu":339,"Sotocu":23,"Phuongcu":"phường Long Hương","Nguoisudun":"BÙI TRỌNG DŨNG; Sử dụng: BÙI TRỌNG DŨNG.","Quyetdinh":"Quyết định 3693/QĐ-UBND","ID":"339.72"}},{"type":"Feature","id":50,"geometry":{"type":"Polygon","coordinates":[[[107.1479328617479,10.489768536569857],[107.14778549072577,10.489872863184745],[107.14774413454676,10.489812118557495],[107.14760177030429,10.489594952175144],[107.14784623850208,10.489495691695033],[107.14789910036096,10.489653559469206],[107.1479328617479,10.489768536569857]]]},"properties":{"FID":50,"Shape_Leng":117.170767869,"Shape_Area":826.91745168,"Sothua":32,"So_To":70,"LoaidatHT":"NTS","Khuphomoi":"Khu phố Hương Giang","Sothuacu":32,"Sotocu":21,"Phuongcu":"phường Long Hương","Nguoisudun":"HTX NN QUYẾT THẮNG","Quyetdinh":"Quyết định 3693/QĐ-UBND","ID":"32.70"}},{"type":"Feature","id":51,"geometry":{"type":"Polygon","coordinates":[[[107.1539728525416,10.489706773170054],[107.15364409780392,10.489885261339209],[107.15361879981909,10.48983413138267],[107.15353564440611,10.489656136925708],[107.15375744931846,10.489560264219969],[107.15384857709149,10.489534668465248],[107.1539728525416,10.489706773170054]]]},"properties":{"FID":51,"Shape_Leng":129.33802696199999,"Shape_Area":1011.3380045,"Sothua":602,"So_To":71,"LoaidatHT":"LUC","Khuphomoi":"Khu phố Hương Giang","Sothuacu":602,"Sotocu":22,"Phuongcu":"phường Long Hương","Nguoisudun":"PHAN VĂN SÀNG (già yếu); Sử dụng: PHAN VĂN SANG (con).","Quyetdinh":"Quyết định 3693/QĐ-UBND","ID":"602.71"}},{"type":"Feature","id":52,"geometry":{"type":"Polygon","coordinates":[[[107.15361879981909,10.48983413138267],[107.15348098338971,10.489911084515862],[107.15335169642962,10.489732279100389],[107.1535335557996,10.489649532331535],[107.15353564440611,10.489656136925708],[107.15361879981909,10.48983413138267]]]},"properties":{"FID":52,"Shape_Leng":86.035283218800004,"Shape_Area":454.57256189899999,"Sothua":590,"So_To":71,"LoaidatHT":"LUC","Khuphomoi":"Khu phố Hương Giang","Sothuacu":590,"Sotocu":22,"Phuongcu":"phường Long Hương","Nguoisudun":"PHAN VĂN LỢI","Quyetdinh":"Quyết định 3693/QĐ-UBND","ID":"590.71"}},{"type":"Feature","id":53,"geometry":{"type":"Polygon","coordinates":[[[107.14820684134394,10.489761912648332],[107.14784078252551,10.489955241773428],[107.14778549072577,10.489872863184745],[107.1479328617479,10.489768536569857],[107.14809320256572,10.489665138157013],[107.14820684134394,10.489761912648332]]]},"properties":{"FID":53,"Shape_Leng":113.58984503000001,"Shape_Area":579.84750729699999,"Sothua":30,"So_To":70,"LoaidatHT":"NTS","Khuphomoi":"Khu phố Hương Giang","Sothuacu":30,"Sotocu":21,"Phuongcu":"phường Long Hương","Nguoisudun":"HTX NN QUYẾT THẮNG","Quyetdinh":"Quyết định 3693/QĐ-UBND","ID":"30.70"}},{"type":"Feature","id":54,"geometry":{"type":"Polygon","coordinates":[[[107.14956603439401,10.489926136818942],[107.14943797906369,10.489962602102263],[107.14923495956864,10.48964858188666],[107.14944502693355,10.489197193934663],[107.14949868026412,10.489229391652852],[107.14952702254004,10.489122489048995],[107.14955575981386,10.489000578354487],[107.14963659985641,10.489051361172894],[107.14982134011645,10.489180545517691],[107.14988703524352,10.48922117400514],[107.15014985474453,10.489554202604738],[107.14999256410844,10.489449842775548],[107.14976566633011,10.489295895819136],[107.1496794912108,10.489358749967192],[107.1495128043311,10.489484920635041],[107.14952687033146,10.489533497768704],[107.14958172302522,10.489654209560467],[107.14966684475201,10.489853546122871],[107.1496711186827,10.489863590423081],[107.14956761128227,10.48991366321434],[107.14956603439401,10.489926136818942]]]},"properties":{"FID":54,"Shape_Leng":379.21884787699997,"Shape_Area":3474.5345467100001,"Sothua":643,"So_To":71,"LoaidatHT":"HNK","Khuphomoi":"Khu phố Hương Giang","Sothuacu":643,"Sotocu":22,"Phuongcu":"phường Long Hương","Nguoisudun":"HTX NN QUYẾT THẮNG","Quyetdinh":"Quyết định 3693/QĐ-UBND","ID":"643.71"}},{"type":"Feature","id":55,"geometry":{"type":"Polygon","coordinates":[[[107.15348098338971,10.489911084515862],[107.15334032965733,10.489991105443535],[107.1531766669201,10.48968349032333],[107.15328144426697,10.489637848392446],[107.15335169642962,10.489732279100389],[107.15348098338971,10.489911084515862]]]},"properties":{"FID":55,"Shape_Leng":106.068353508,"Shape_Area":572.18025807100003,"Sothua":585,"So_To":71,"LoaidatHT":"LUC","Khuphomoi":"Khu phố Hương Giang","Sothuacu":585,"Sotocu":22,"Phuongcu":"phường Long Hương","Nguoisudun":"PHAN VĂN LỢI","Quyetdinh":"Quyết định 3693/QĐ-UBND","ID":"585.71"}},{"type":"Feature","id":56,"geometry":{"type":"Polygon","coordinates":[[[107.15694365698623,10.48992170808825],[107.15673818288658,10.490017314796281],[107.1566809905122,10.489857309568903],[107.15687062095625,10.489770958978996],[107.15692528562724,10.489883787936851],[107.15694199023099,10.489918267680945],[107.15694365698623,10.48992170808825]]]},"properties":{"FID":56,"Shape_Leng":84.996417714399996,"Shape_Area":443.66807934299999,"Sothua":577,"So_To":71,"LoaidatHT":"HNK","Khuphomoi":"Khu phố Hương Giang","Sothuacu":577,"Sotocu":22,"Phuongcu":"phường Long Hương","Nguoisudun":"PHẠM MINH KHA (Chết); Sử dụng: PHẠM MINH TUẤN (CON TRAI).","Quyetdinh":"Quyết định 3693/QĐ-UBND","ID":"577.71"}},{"type":"Feature","id":57,"geometry":{"type":"Polygon","coordinates":[[[107.15185932432324,10.489988412893865],[107.15181743547672,10.490014010993356],[107.15169492596608,10.489826810157188],[107.15201565311769,10.48959523743501],[107.15222002645126,10.489442917511282],[107.15238345346361,10.489349105860679],[107.15246012835371,10.489476458745692],[107.15249280139945,10.489540260305008],[107.15247673643238,10.489581186082253],[107.1523620643537,10.489641546768546],[107.15185932432324,10.489988412893865]]]},"properties":{"FID":57,"Shape_Leng":232.750126908,"Shape_Area":2379.8505515100001,"Sothua":603,"So_To":71,"LoaidatHT":"LUC","Khuphomoi":"Khu phố Hương Giang","Sothuacu":603,"Sotocu":22,"Phuongcu":"phường Long Hương","Nguoisudun":"VŨ THỊ LỢI (mù); Sử dụng: ĐỖ PHƯỚC THANH (con).","Quyetdinh":"Quyết định 3693/QĐ-UBND","ID":"603.71"}},{"type":"Feature","id":58,"geometry":{"type":"Polygon","coordinates":[[[107.15673818288658,10.490017314796281],[107.15661910851243,10.490072718539357],[107.15656104479916,10.489904913733838],[107.1566809905122,10.489857309568903],[107.15673818288658,10.490017314796281]]]},"properties":{"FID":58,"Shape_Leng":66.962723589999996,"Shape_Area":273.28694276599998,"Sothua":568,"So_To":71,"LoaidatHT":"HNK","Khuphomoi":"Khu phố Hương Giang","Sothuacu":568,"Sotocu":22,"Phuongcu":"phường Long Hương","Nguoisudun":"PHẠM MINH KHA (Chết); Sử dụng: PHẠM MINH TUẤN (CON TRAI).","Quyetdinh":"Quyết định 3693/QĐ-UBND","ID":"568.71"}},{"type":"Feature","id":59,"geometry":{"type":"Polygon","coordinates":[[[107.15449968768414,10.489991199419537],[107.15428538610124,10.490080486207725],[107.15421127065008,10.489999790343987],[107.15416226313167,10.489926375450761],[107.15426886107737,10.489836615799691],[107.154417193406,10.489753624908746],[107.15449968768414,10.489991199419537]]]},"properties":{"FID":59,"Shape_Leng":109.04186258199999,"Shape_Area":755.95522971299999,"Sothua":578,"So_To":71,"LoaidatHT":"LUC","Khuphomoi":"Khu phố Hương Giang","Sothuacu":578,"Sotocu":22,"Phuongcu":"phường Long Hương","Nguoisudun":"PHAN NGỌC LÀNH","Quyetdinh":"Quyết định 3693/QĐ-UBND","ID":"578.71"}},{"type":"Feature","id":60,"geometry":{"type":"Polygon","coordinates":[[[107.15334032965733,10.489991105443535],[107.15317578118031,10.490097843633189],[107.15295244196206,10.489754856347172],[107.15314485808015,10.489645367148503],[107.1531766669201,10.48968349032333],[107.15334032965733,10.489991105443535]]]},"properties":{"FID":60,"Shape_Leng":134.930844208,"Shape_Area":1040.43463681,"Sothua":584,"So_To":71,"LoaidatHT":"LUC","Khuphomoi":"Khu phố Hương Giang","Sothuacu":584,"Sotocu":22,"Phuongcu":"phường Long Hương","Nguoisudun":"PHAN VĂN LỢI","Quyetdinh":"Quyết định 3693/QĐ-UBND","ID":"584.71"}},{"type":"Feature","id":61,"geometry":{"type":"Polygon","coordinates":[[[107.15766241110126,10.490184440106477],[107.15757268889475,10.490239513860233],[107.15744936623099,10.490019375127455],[107.15750114224966,10.489994982748788],[107.15755128564425,10.489971154588677],[107.15766241110126,10.490184440106477]]]},"properties":{"FID":61,"Shape_Leng":78.332421873599998,"Shape_Area":324.87775477600002,"Sothua":562,"So_To":71,"LoaidatHT":"HNK","Khuphomoi":"Khu phố Hương Giang","Sothuacu":562,"Sotocu":22,"Phuongcu":"phường Long Hương","Nguoisudun":"VÕ NHƯ HẢI (chết); Sử dụng: HỒ THỊ Ảnh (vợ).","Quyetdinh":"Quyết định 3693/QĐ-UBND","ID":"562.71"}},{"type":"Feature","id":62,"geometry":{"type":"Polygon","coordinates":[[[107.15224898893524,10.490107494172376],[107.15203541667577,10.490244698451171],[107.15185932432324,10.489988412893865],[107.1523620643537,10.489641546768546],[107.15247673643238,10.489581186082253],[107.1525673734225,10.489716250748167],[107.15265777381616,10.489879160370682],[107.15224898893524,10.490107494172376]]]},"properties":{"FID":62,"Shape_Leng":233.40751714000001,"Shape_Area":2945.5027494599999,"Sothua":579,"So_To":71,"LoaidatHT":"LUC","Khuphomoi":"Khu phố Hương Giang","Sothuacu":579,"Sotocu":22,"Phuongcu":"phường Long Hương","Nguoisudun":"VŨ THỊ LỢI (mù); Sử dụng: ĐỖ PHƯỚC THANH (con).","Quyetdinh":"Quyết định 3693/QĐ-UBND","ID":"579.71"}},{"type":"Feature","id":63,"geometry":{"type":"Polygon","coordinates":[[[107.15400721457621,10.490129329159897],[107.15381228717877,10.490262048953287],[107.15364409780392,10.489885261339209],[107.1539728525416,10.489706773170054],[107.15416226313167,10.489926375450761],[107.15421127065008,10.489999790343987],[107.15400721457621,10.490129329159897]]]},"properties":{"FID":63,"Shape_Leng":180.77263375499999,"Shape_Area":2027.18845068,"Sothua":569,"So_To":71,"LoaidatHT":"LUC","Khuphomoi":"Khu phố Hương Giang","Sothuacu":569,"Sotocu":22,"Phuongcu":"phường Long Hương","Nguoisudun":"PHAN VĂN SÀNG (già yếu); Sử dụng: PHAN VĂN SANG (con).","Quyetdinh":"Quyết định 3693/QĐ-UBND","ID":"569.71"}},{"type":"Feature","id":64,"geometry":{"type":"Polygon","coordinates":[[[107.15757268889475,10.490239513860233],[107.15740430505883,10.490346428254098],[107.15737593056886,10.490279470990682],[107.15729162500563,10.490093690251999],[107.15744936623099,10.490019375127455],[107.15757268889475,10.490239513860233]]]},"properties":{"FID":64,"Shape_Leng":99.453939003100004,"Shape_Area":594.40030159900004,"Sothua":555,"So_To":71,"LoaidatHT":"HNK","Khuphomoi":"Khu phố Hương Giang","Sothuacu":555,"Sotocu":22,"Phuongcu":"phường Long Hương","Nguoisudun":"VÕ NHƯ HẢI (chết); Sử dụng: HỒ THỊ Ảnh (vợ).","Quyetdinh":"Quyết định 3693/QĐ-UBND","ID":"555.71"}},{"type":"Feature","id":65,"geometry":{"type":"Polygon","coordinates":[[[107.15456768890058,10.490307404950157],[107.1545053167978,10.490343632977046],[107.1544373230043,10.490262587485415],[107.15428538610124,10.490080486207725],[107.15449968768414,10.489991199419537],[107.15456768890058,10.490307404950157]]]},"properties":{"FID":65,"Shape_Leng":106.934913421,"Shape_Area":595.38677197599998,"Sothua":554,"So_To":71,"LoaidatHT":"LUC","Khuphomoi":"Khu phố Hương Giang","Sothuacu":554,"Sotocu":22,"Phuongcu":"phường Long Hương","Nguoisudun":"PHAN NGỌC LÀNH","Quyetdinh":"Quyết định 3693/QĐ-UBND","ID":"554.71"}},{"type":"Feature","id":66,"geometry":{"type":"Polygon","coordinates":[[[107.15322030845488,10.490173149153195],[107.15285693948431,10.490346960681457],[107.15283479826452,10.490221428557854],[107.1526792642983,10.489915093912323],[107.15295244196206,10.489754856347172],[107.15317578118031,10.490097843633189],[107.15322030845488,10.490173149153195]]]},"properties":{"FID":66,"Shape_Leng":185.79843879200001,"Shape_Area":2022.1300340299999,"Sothua":564,"So_To":71,"LoaidatHT":"LUC","Khuphomoi":"Khu phố Hương Giang","Sothuacu":564,"Sotocu":22,"Phuongcu":"phường Long Hương","Nguoisudun":"HỒ THỊ LUYẾN; Sử dụng: HỒ THỊ LUYẾN.","Quyetdinh":"Quyết định 3693/QĐ-UBND","ID":"564.71"}},{"type":"Feature","id":67,"geometry":{"type":"Polygon","coordinates":[[[107.1586646902051,10.490159995928138],[107.15865340688683,10.49042533221183],[107.1585980481332,10.490424415742931],[107.15855283534361,10.490420714354052],[107.15851147490945,10.490409155133278],[107.15848253607112,10.490398343064404],[107.15843798940662,10.490044208923891],[107.158572509032,10.490066791218753],[107.15864454583955,10.490136270814633],[107.1586646902051,10.490159995928138]]]},"properties":{"FID":67,"Shape_Leng":117.37674800800001,"Shape_Area":810.14657950900005,"Sothua":546,"So_To":71,"LoaidatHT":"LUC","Khuphomoi":"Khu phố Hương Giang","Sothuacu":546,"Sotocu":22,"Phuongcu":"phường Long Hương","Nguoisudun":"NGUYỄN VĂN XU","Quyetdinh":"Quyết định 3693/QĐ-UBND","ID":"546.71"}},{"type":"Feature","id":68,"geometry":{"type":"Polygon","coordinates":[[[107.1569048757416,10.490348028523877],[107.15672740509962,10.490428886364917],[107.15671740432144,10.490362601506078],[107.15687539148841,10.490288808262966],[107.1569048757416,10.490348028523877]]]},"properties":{"FID":68,"Shape_Leng":55.243648000199997,"Shape_Area":146.01890247599999,"Sothua":536,"So_To":71,"LoaidatHT":"HNK","Khuphomoi":"Khu phố Hương Giang","Sothuacu":536,"Sotocu":22,"Phuongcu":"phường Long Hương","Nguoisudun":"PHẠM MINH KHA (Chết); Sử dụng: PHẠM MINH TUẤN (CON TRAI).","Quyetdinh":"Quyết định 3693/QĐ-UBND","ID":"536.71"}},{"type":"Feature","id":69,"geometry":{"type":"Polygon","coordinates":[[[107.1544373230043,10.490262587485415],[107.15419894264761,10.490426961322632],[107.15400721457621,10.490129329159897],[107.15421127065008,10.489999790343987],[107.15428538610124,10.490080486207725],[107.1544373230043,10.490262587485415]]]},"properties":{"FID":69,"Shape_Leng":135.60995916600001,"Shape_Area":1130.44508505,"Sothua":544,"So_To":71,"LoaidatHT":"LUC","Khuphomoi":"Khu phố Hương Giang","Sothuacu":544,"Sotocu":22,"Phuongcu":"phường Long Hương","Nguoisudun":"PHAN VĂN SÀNG (già yếu); Sử dụng: LÂM THỊ KIM ANH (con dâu).","Quyetdinh":"Quyết định 3693/QĐ-UBND","ID":"544.71"}},{"type":"Feature","id":70,"geometry":{"type":"Polygon","coordinates":[[[107.15354310181519,10.490388934191465],[107.15344376751014,10.490454024130671],[107.15331225482906,10.490435514501224],[107.1533089306012,10.490311011858378],[107.15322030845488,10.490173149153195],[107.15317578118031,10.490097843633189],[107.15334032965733,10.489991105443535],[107.15348098338971,10.489911084515862],[107.15361879981909,10.48983413138267],[107.15364409780392,10.489885261339209],[107.15381228717877,10.490262048953287],[107.15377886119352,10.490305022098315],[107.15370480045226,10.490339149159531],[107.15354310181519,10.490388934191465]]]},"properties":{"FID":70,"Shape_Leng":211.10507275000001,"Shape_Area":2781.3096672000001,"Sothua":553,"So_To":71,"LoaidatHT":"LUC","Khuphomoi":"Khu phố Hương Giang","Sothuacu":553,"Sotocu":22,"Phuongcu":"phường Long Hương","Nguoisudun":"NGUYỄN VĂN HỢI; Sử dụng: NGUYỄN VĂN HỢI.","Quyetdinh":"Quyết định 3693/QĐ-UBND","ID":"553.71"}},{"type":"Feature","id":71,"geometry":{"type":"Polygon","coordinates":[[[107.15877078751171,10.490477356365103],[107.1587254690531,10.490481068908567],[107.15865340688683,10.49042533221183],[107.1586646902051,10.490159995928138],[107.15879396965873,10.490103818986089],[107.15898657330104,10.48999053015598],[107.15907379668545,10.490193304067718],[107.15915867912669,10.490377448795414],[107.15882634263011,10.490470768801591],[107.15877078751171,10.490477356365103]]]},"properties":{"FID":71,"Shape_Leng":175.10687095200001,"Shape_Area":1938.24626012,"Sothua":540,"So_To":71,"LoaidatHT":"LUC","Khuphomoi":"Khu phố Hương Giang","Sothuacu":540,"Sotocu":22,"Phuongcu":"phường Long Hương","Nguoisudun":"NGUYỄN VĂN XU","Quyetdinh":"Quyết định 3693/QĐ-UBND","ID":"540.71"}},{"type":"Feature","id":72,"geometry":{"type":"Polygon","coordinates":[[[107.15259468398632,10.490432358544268],[107.15248385966048,10.490486849098989],[107.15238085334607,10.490323373159413],[107.15224898893524,10.490107494172376],[107.15265777381616,10.489879160370682],[107.1526792642983,10.489915093912323],[107.15283479826452,10.490221428557854],[107.15285693948431,10.490346960681457],[107.15259468398632,10.490432358544268]]]},"properties":{"FID":72,"Shape_Leng":201.06131781299999,"Shape_Area":2559.9401076300001,"Sothua":549,"So_To":71,"LoaidatHT":"LUC","Khuphomoi":"Khu phố Hương Giang","Sothuacu":549,"Sotocu":22,"Phuongcu":"phường Long Hương","Nguoisudun":"ĐỖ DUY QUANG; Sử dụng: ĐỖ DUY QUANG.","Quyetdinh":"Quyết định 3693/QĐ-UBND","ID":"549.71"}},{"type":"Feature","id":73,"geometry":{"type":"Polygon","coordinates":[[[107.15148484592549,10.490285794017302],[107.1510369760697,10.490505915885047],[107.15095390678182,10.4903788218925],[107.15100114301585,10.490328009667461],[107.15117355768365,10.490263599839253],[107.15135502777164,10.490193872856654],[107.15140064075358,10.490179222105242],[107.15146535109227,10.49025727816241],[107.15148484592549,10.490285794017302]]]},"properties":{"FID":73,"Shape_Leng":140.87262722400001,"Shape_Area":931.80508463499996,"Sothua":538,"So_To":71,"LoaidatHT":"LUC","Khuphomoi":"Khu phố Hương Giang","Sothuacu":538,"Sotocu":22,"Phuongcu":"phường Long Hương","Nguoisudun":"PHAN THIỆN TIẾT; Sử dụng: PHAN THIỆN TIẾT.","Quyetdinh":"Quyết định 3693/QĐ-UBND","ID":"538.71"}},{"type":"Feature","id":74,"geometry":{"type":"Polygon","coordinates":[[[107.15746244908077,10.490467235025953],[107.15727586517256,10.490536866216472],[107.15708410651173,10.490191317559219],[107.15711820613477,10.490175391149313],[107.15729162500563,10.490093690251999],[107.15737593056886,10.490279470990682],[107.15740430505883,10.490346428254098],[107.15746244908077,10.490467235025953]]]},"properties":{"FID":74,"Shape_Leng":135.987846295,"Shape_Area":1037.63646883,"Sothua":541,"So_To":71,"LoaidatHT":"HNK","Khuphomoi":"Khu phố Hương Giang","Sothuacu":541,"Sotocu":22,"Phuongcu":"phường Long Hương","Nguoisudun":"VÕ NHƯ HẢI (chết); Sử dụng: HỒ THỊ Ảnh (vợ).","Quyetdinh":"Quyết định 3693/QĐ-UBND","ID":"541.71"}},{"type":"Feature","id":75,"geometry":{"type":"Polygon","coordinates":[[[107.15672740509962,10.490428886364917],[107.15649439670327,10.490555389210011],[107.15646004917525,10.49048280987777],[107.15671740432144,10.490362601506078],[107.15672740509962,10.490428886364917]]]},"properties":{"FID":75,"Shape_Leng":76.546764124299997,"Shape_Area":239.391834018,"Sothua":528,"So_To":71,"LoaidatHT":"HNK","Khuphomoi":"Khu phố Hương Giang","Sothuacu":528,"Sotocu":22,"Phuongcu":"phường Long Hương","Nguoisudun":"PHẠM MINH KHA (Chết); Sử dụng: PHẠM MINH TUẤN (CON TRAI).","Quyetdinh":"Quyết định 3693/QĐ-UBND","ID":"528.71"}},{"type":"Feature","id":76,"geometry":{"type":"Polygon","coordinates":[[[107.15331225482906,10.490435514501224],[107.15294698814796,10.490550465351978],[107.15285693948431,10.490346960681457],[107.15322030845488,10.490173149153195],[107.1533089306012,10.490311011858378],[107.15331225482906,10.490435514501224]]]},"properties":{"FID":76,"Shape_Leng":142.60422772300001,"Shape_Area":1251.4075338600001,"Sothua":534,"So_To":71,"LoaidatHT":"LUC","Khuphomoi":"Khu phố Hương Giang","Sothuacu":534,"Sotocu":22,"Phuongcu":"phường Long Hương","Nguoisudun":"HỒ THỊ LUYẾN; Sử dụng: HỒ THỊ LUYẾN.","Quyetdinh":"Quyết định 3693/QĐ-UBND","ID":"534.71"}},{"type":"Feature","id":77,"geometry":{"type":"Polygon","coordinates":[[[107.15708213308774,10.490570499370371],[107.15705664572889,10.490570542209877],[107.1570491628848,10.490566098262196],[107.157043693155,10.490560120412441],[107.15699161182027,10.490469431316876],[107.15689151554332,10.490281277505176],[107.15708410651173,10.490191317559219],[107.15727586517256,10.490536866216472],[107.15721863486688,10.490559633461748],[107.15708213308774,10.490570499370371]]]},"properties":{"FID":77,"Shape_Leng":128.39682551000001,"Shape_Area":962.44989662199998,"Sothua":535,"So_To":71,"LoaidatHT":"HNK","Khuphomoi":"Khu phố Hương Giang","Sothuacu":535,"Sotocu":22,"Phuongcu":"phường Long Hương","Nguoisudun":"ĐỖ VĂN PHƯỚC; Sử dụng: ĐỖ VĂN PHƯỚC.","Quyetdinh":"Quyết định 3693/QĐ-UBND","ID":"535.71"}},{"type":"Feature","id":78,"geometry":{"type":"Polygon","coordinates":[[[107.15414290873075,10.490445029068095],[107.15381397825878,10.490571801597749],[107.15370480045226,10.490339149159531],[107.15377886119352,10.490305022098315],[107.15381228717877,10.490262048953287],[107.15400721457621,10.490129329159897],[107.15419894264761,10.490426961322632],[107.15415091700751,10.490461137065717],[107.15414290873075,10.490445029068095]]]},"properties":{"FID":78,"Shape_Leng":155.40771371700001,"Shape_Area":1418.8728403600001,"Sothua":537,"So_To":71,"LoaidatHT":"LUC","Khuphomoi":"Khu phố Hương Giang","Sothuacu":537,"Sotocu":22,"Phuongcu":"phường Long Hương","Nguoisudun":"NGUYỄN VĂN HỢI; Sử dụng: NGUYỄN VĂN HỢI.","Quyetdinh":"Quyết định 3693/QĐ-UBND","ID":"537.71"}},{"type":"Feature","id":79,"geometry":{"type":"Polygon","coordinates":[[[107.15484964906139,10.490474741656715],[107.15472407537878,10.490599273934164],[107.15467260081142,10.490573862890455],[107.15458148475149,10.490450099264821],[107.1545053167978,10.490343632977046],[107.15456768890058,10.490307404950157],[107.15469057801451,10.490297057218246],[107.15473501090806,10.490326613970431],[107.15484964906139,10.490474741656715]]]},"properties":{"FID":79,"Shape_Leng":105.07286773600001,"Shape_Area":693.89735112899996,"Sothua":529,"So_To":71,"LoaidatHT":"LUC","Khuphomoi":"Khu phố Hương Giang","Sothuacu":529,"Sotocu":22,"Phuongcu":"phường Long Hương","Nguoisudun":"PHAN NGỌC LÀNH; Sử dụng: PHAN NGỌC LÀNH.","Quyetdinh":"Quyết định 3693/QĐ-UBND","ID":"529.71"}},{"type":"Feature","id":80,"geometry":{"type":"Polygon","coordinates":[[[107.15214910906337,10.490457107873155],[107.15190063563634,10.490596507057097],[107.15162053869351,10.49017312666601],[107.15163947387641,10.49015978085367],[107.15181743547672,10.490014010993356],[107.15185932432324,10.489988412893865],[107.15203541667577,10.490244698451171],[107.15214910906337,10.490457107873155]]]},"properties":{"FID":80,"Shape_Leng":181.38653728,"Shape_Area":1933.6256792900001,"Sothua":539,"So_To":71,"LoaidatHT":"LUC","Khuphomoi":"Khu phố Hương Giang","Sothuacu":539,"Sotocu":22,"Phuongcu":"phường Long Hương","Nguoisudun":"NGÔ VĂN TẤT.","Quyetdinh":"Quyết định 3693/QĐ-UBND","ID":"539.71"}},{"type":"Feature","id":81,"geometry":{"type":"Polygon","coordinates":[[[107.15244570586776,10.490518240846884],[107.15223948224735,10.490634031685197],[107.15214910906337,10.490457107873155],[107.15203541667577,10.490244698451171],[107.15224898893524,10.490107494172376],[107.15238085334607,10.490323373159413],[107.15248385966048,10.490486849098989],[107.15244570586776,10.490518240846884]]]},"properties":{"FID":81,"Shape_Leng":157.03486159100001,"Shape_Area":1447.09894444,"Sothua":533,"So_To":71,"LoaidatHT":"LUC","Khuphomoi":"Khu phố Hương Giang","Sothuacu":533,"Sotocu":22,"Phuongcu":"phường Long Hương","Nguoisudun":"HUỲNH VĂN GIANG; Sử dụng: HUỲNH VĂN GIANG.","Quyetdinh":"Quyết định 3693/QĐ-UBND","ID":"533.71"}},{"type":"Feature","id":82,"geometry":{"type":"Polygon","coordinates":[[[107.1506060873941,10.49063656232409],[107.1505867864816,10.490649725277885],[107.1503554915093,10.490359792929988],[107.15028997557968,10.490272964939294],[107.15057318354552,10.490075588814264],[107.15083639369841,10.490443787405271],[107.15084048862931,10.490451841751694],[107.1507182552695,10.490548712787849],[107.1506060873941,10.49063656232409]]]},"properties":{"FID":82,"Shape_Leng":177.06984960200001,"Shape_Area":1913.92811076,"Sothua":532,"So_To":71,"LoaidatHT":"LUC","Khuphomoi":"Khu phố Hương Giang","Sothuacu":532,"Sotocu":22,"Phuongcu":"phường Long Hương","Nguoisudun":"NGUYỄN THỊ NGỌC NƯƠNG; Sử dụng: NGUYỄN THỊ NGỌC NƯƠNG.","Quyetdinh":"Quyết định 3693/QĐ-UBND","ID":"532.71"}},{"type":"Feature","id":83,"geometry":{"type":"Polygon","coordinates":[[[107.15432404798702,10.490643278193035],[107.15423648455281,10.490667977781664],[107.15421129048526,10.490610247438822],[107.15415091700751,10.490461137065717],[107.15419894264761,10.490426961322632],[107.1544373230043,10.490262587485415],[107.1545053167978,10.490343632977046],[107.15458148475149,10.490450099264821],[107.15441621436477,10.490599872459025],[107.15432404798702,10.490643278193035]]]},"properties":{"FID":83,"Shape_Leng":134.796678695,"Shape_Area":1157.7035066999999,"Sothua":525,"So_To":71,"LoaidatHT":"LUC","Khuphomoi":"Khu phố Hương Giang","Sothuacu":525,"Sotocu":22,"Phuongcu":"phường Long Hương","Nguoisudun":"PHAN VĂN SÀNG (già yếu); Sử dụng: LÂM THỊ KIM ANH (con dâu).","Quyetdinh":"Quyết định 3693/QĐ-UBND","ID":"525.71"}},{"type":"Feature","id":84,"geometry":{"type":"Polygon","coordinates":[[[107.15381899661118,10.490622893613988],[107.15351101020192,10.490689220424091],[107.15344376751014,10.490454024130671],[107.15354310181519,10.490388934191465],[107.15370480045226,10.490339149159531],[107.15381397825878,10.490571801597749],[107.15381899661118,10.490622893613988]]]},"properties":{"FID":84,"Shape_Leng":127.20944413700001,"Shape_Area":1054.5012908199999,"Sothua":522,"So_To":71,"LoaidatHT":"LUC","Khuphomoi":"Khu phố Hương Giang","Sothuacu":522,"Sotocu":22,"Phuongcu":"phường Long Hương","Nguoisudun":"Đăng ký: ; Sử dụng: .","Quyetdinh":"Quyết định 3693/QĐ-UBND","ID":"522.71"}},{"type":"Feature","id":85,"geometry":{"type":"Polygon","coordinates":[[[107.15862946867357,10.490619400930646],[107.15858244513792,10.490703576483916],[107.15835147051621,10.490673220236888],[107.15816063271241,10.490625851471131],[107.15801754183065,10.490594936112267],[107.15800137016214,10.490595990422086],[107.15797990363446,10.490403012694834],[107.1580139845946,10.490399550098088],[107.15807667487444,10.49038782295751],[107.15814091169689,10.490379715073619],[107.15819306208742,10.490386141449939],[107.15827188845518,10.490392073937878],[107.15843199411141,10.490411177213915],[107.15848396569588,10.490415523240948],[107.1585545392433,10.490437805899266],[107.1585745416678,10.490439741615386],[107.15865163963532,10.49044151187139],[107.15870352785538,10.490490069119618],[107.15870452147388,10.490496128856647],[107.15862946867357,10.490619400930646]]]},"properties":{"FID":85,"Shape_Leng":195.78489050799999,"Shape_Area":2019.2867944899999,"Sothua":524,"So_To":71,"LoaidatHT":"LUC","Khuphomoi":"Khu phố Hương Giang","Sothuacu":524,"Sotocu":22,"Phuongcu":"phường Long Hương","Nguoisudun":"NGUYỄN VĂN XU; Sử dụng: NGUYỄN VĂN XU.","Quyetdinh":"Quyết định 3693/QĐ-UBND","ID":"524.71"}},{"type":"Feature","id":86,"geometry":{"type":"Polygon","coordinates":[[[107.15457943621693,10.490613559816316],[107.15447349895021,10.490740207625111],[107.15445912874091,10.49070690945692],[107.15441621436477,10.490599872459025],[107.15458148475149,10.490450099264821],[107.15467260081142,10.490573862890455],[107.1546007477982,10.490604476463204],[107.15457943621693,10.490613559816316]]]},"properties":{"FID":86,"Shape_Leng":87.527005238300006,"Shape_Area":388.22509582599997,"Sothua":518,"So_To":71,"LoaidatHT":"LUC","Khuphomoi":"Khu phố Hương Giang","Sothuacu":518,"Sotocu":22,"Phuongcu":"phường Long Hương","Nguoisudun":"PHAN NGỌC LÀNH","Quyetdinh":"Quyết định 3693/QĐ-UBND","ID":"518.71"}},{"type":"Feature","id":87,"geometry":{"type":"Polygon","coordinates":[[[107.15431150900734,10.490750935150693],[107.15428847690319,10.490756858613537],[107.15423648455281,10.490667977781664],[107.15432404798702,10.490643278193035],[107.15441621436477,10.490599872459025],[107.15445912874091,10.49070690945692],[107.15436963794909,10.490736035548004],[107.15431150900734,10.490750935150693]]]},"properties":{"FID":87,"Shape_Leng":64.748262522700003,"Shape_Area":235.65027474499999,"Sothua":505,"So_To":71,"LoaidatHT":"LUC","Khuphomoi":"Khu phố Hương Giang","Sothuacu":505,"Sotocu":22,"Phuongcu":"phường Long Hương","Nguoisudun":"PHAN NGỌC LÀNH.","Quyetdinh":"Quyết định 3693/QĐ-UBND","ID":"505.71"}},{"type":"Feature","id":88,"geometry":{"type":"Polygon","coordinates":[[[107.15210230633213,10.49071035184938],[107.15201029988933,10.490765601499822],[107.15190063563634,10.490596507057097],[107.15214910906337,10.490457107873155],[107.15223948224735,10.490634031685197],[107.15210230633213,10.49071035184938]]]},"properties":{"FID":88,"Shape_Leng":104.45817402599999,"Shape_Area":661.41568564099998,"Sothua":514,"So_To":71,"LoaidatHT":"LUC","Khuphomoi":"Khu phố Hương Giang","Sothuacu":514,"Sotocu":22,"Phuongcu":"phường Long Hương","Nguoisudun":"NGÔ VĂN TẤT","Quyetdinh":"Quyết định 3693/QĐ-UBND","ID":"514.71"}},{"type":"Feature","id":89,"geometry":{"type":"Polygon","coordinates":[[[107.15421129048526,10.490610247438822],[107.15389307218913,10.490772119993347],[107.15381899661118,10.490622893613988],[107.15381397825878,10.490571801597749],[107.15414290873075,10.490445029068095],[107.15415091700751,10.490461137065717],[107.15421129048526,10.490610247438822]]]},"properties":{"FID":89,"Shape_Leng":121.66735226500001,"Shape_Area":865.17878482599997,"Sothua":517,"So_To":71,"LoaidatHT":"LUC","Khuphomoi":"Khu phố Hương Giang","Sothuacu":517,"Sotocu":22,"Phuongcu":"phường Long Hương","Nguoisudun":"BCH QUÂN SỰ PHƯỜNG","Quyetdinh":"Quyết định 3693/QĐ-UBND","ID":"517.71"}},{"type":"Feature","id":90,"geometry":{"type":"Polygon","coordinates":[[[107.147613667652,10.490622950295316],[107.14734735717583,10.490773161015285],[107.14728064667203,10.490643475136327],[107.14725191320099,10.490526970840717],[107.14772745972641,10.490262334664493],[107.14787432580449,10.490466128100907],[107.147613667652,10.490622950295316]]]},"properties":{"FID":90,"Shape_Leng":183.77416526600001,"Shape_Area":1826.2630882399999,"Sothua":650,"So_To":23,"LoaidatHT":"LUC","Khuphomoi":"Khu phố Núi Dinh","Sothuacu":0,"Sotocu":23,"Phuongcu":"Phường Kim Dinh","Nguoisudun":" ","Quyetdinh":" ","ID":"650.23"}},{"type":"Feature","id":91,"geometry":{"type":"Polygon","coordinates":[[[107.15094279569608,10.490788725799623],[107.15089397662366,10.490807800766754],[107.1507182552695,10.490548712787849],[107.15084048862931,10.490451841751694],[107.15106362204065,10.490805951186603],[107.15094279569608,10.490788725799623]]]},"properties":{"FID":91,"Shape_Leng":116.96137039200001,"Shape_Area":642.31881208300001,"Sothua":508,"So_To":71,"LoaidatHT":"LUC","Khuphomoi":"Khu phố Hương Giang","Sothuacu":508,"Sotocu":22,"Phuongcu":"phường Long Hương","Nguoisudun":" NGUYỄN THỊ NGỌC NƯƠNG.","Quyetdinh":"Quyết định 3693/QĐ-UBND","ID":"508.71"}},{"type":"Feature","id":92,"geometry":{"type":"Polygon","coordinates":[[[107.15126188846901,10.490837786979247],[107.15120835495507,10.490838319273369],[107.15115752828741,10.490761012475771],[107.151142677667,10.490692904478719],[107.1510369760697,10.490505915885047],[107.15148484592549,10.490285794017302],[107.15162913681483,10.49021500259374],[107.15169835425377,10.490324531100542],[107.15184464659832,10.490543420050773],[107.15126188846901,10.490837786979247]]]},"properties":{"FID":92,"Shape_Leng":234.85019315599999,"Shape_Area":3229.2513113499999,"Sothua":521,"So_To":71,"LoaidatHT":"LUC","Khuphomoi":"Khu phố Hương Giang","Sothuacu":521,"Sotocu":22,"Phuongcu":"phường Long Hương","Nguoisudun":"HUỲNH VĂN NHÀNH","Quyetdinh":"Quyết định 3693/QĐ-UBND","ID":"521.71"}},{"type":"Feature","id":93,"geometry":{"type":"Polygon","coordinates":[[[107.15089397662366,10.490807800766754],[107.1507816223146,10.490849901501635],[107.15067734878187,10.490728553788438],[107.15066240664275,10.490707460060145],[107.1506060873941,10.49063656232409],[107.1507182552695,10.490548712787849],[107.15089397662366,10.490807800766754]]]},"properties":{"FID":93,"Shape_Leng":93.797515735900006,"Shape_Area":464.47838138200001,"Sothua":506,"So_To":71,"LoaidatHT":"LUC","Khuphomoi":"Khu phố Hương Giang","Sothuacu":506,"Sotocu":22,"Phuongcu":"phường Long Hương","Nguoisudun":" NGUYỄN THỊ NGỌC NƯƠNG.","Quyetdinh":"Quyết định 3693/QĐ-UBND","ID":"506.71"}},{"type":"Feature","id":94,"geometry":{"type":"Polygon","coordinates":[[[107.14883117152209,10.490789121388612],[107.14872197920032,10.490849719592751],[107.14867451843597,10.490732728449075],[107.14868682582777,10.490651562428184],[107.14855642277074,10.490483965145739],[107.14850588447734,10.490163722807766],[107.14847254249044,10.490068004561149],[107.14839461749102,10.489879350103795],[107.14820684134394,10.489761912648332],[107.14809320256572,10.489665138157013],[107.1479328617479,10.489768536569857],[107.14789910036096,10.489653559469206],[107.14784623850208,10.489495691695033],[107.14760177030429,10.489594952175144],[107.14755742815338,10.489519284610935],[107.14747100571525,10.489378893146354],[107.14820198394592,10.488971528328165],[107.1482884859967,10.488923322559517],[107.14894217570078,10.488559025779645],[107.14955575981386,10.489000578354487],[107.14952702254004,10.489122489048995],[107.14949868026412,10.489229391652852],[107.14944502693355,10.489197193934663],[107.14923495956864,10.48964858188666],[107.14943797906369,10.489962602102263],[107.14946468257902,10.490136965941208],[107.14947113799249,10.490295107353473],[107.14948140561253,10.490513469711813],[107.14954208722588,10.490548663947175],[107.14952124823888,10.490554139309454],[107.14931468419864,10.490656817964574],[107.14924307535654,10.490697910518135],[107.1492626364378,10.490549672679361],[107.14883117152209,10.490789121388612]]]},"properties":{"FID":94,"Shape_Leng":853.396749215,"Shape_Area":29104.825506199999,"Sothua":31,"So_To":70,"LoaidatHT":"NTS","Khuphomoi":"Khu phố Hương Giang","Sothuacu":31,"Sotocu":21,"Phuongcu":"phường Long Hương","Nguoisudun":"HTX NN QUYẾT THẮNG","Quyetdinh":"Quyết định 3693/QĐ-UBND","ID":"31.70"}},{"type":"Feature","id":95,"geometry":{"type":"Polygon","coordinates":[[[107.15333990192816,10.490786362052001],[107.15319733992452,10.490860954869055],[107.15312822947088,10.490790485104982],[107.15303818065993,10.490777387689828],[107.15298010685093,10.490667971188536],[107.15294698814796,10.490550465351978],[107.15331225482906,10.490435514501224],[107.15344376751014,10.490454024130671],[107.15351101020192,10.490689220424091],[107.15351546992289,10.490697455727517],[107.15333990192816,10.490786362052001]]]},"properties":{"FID":95,"Shape_Leng":171.85337215999999,"Shape_Area":1906.8395615300001,"Sothua":510,"So_To":71,"LoaidatHT":"LUC","Khuphomoi":"Khu phố Hương Giang","Sothuacu":510,"Sotocu":22,"Phuongcu":"phường Long Hương","Nguoisudun":"PHẠM NGỌC QU","Quyetdinh":"Quyết định 3693/QĐ-UBND","ID":"510.71"}},{"type":"Feature","id":96,"geometry":{"type":"Polygon","coordinates":[[[107.16330037203437,10.490753545725724],[107.16288733290529,10.49091579439588],[107.16280435159574,10.490691059174386],[107.16274862076096,10.490548377466276],[107.16272163751543,10.490469669853312],[107.16279924532739,10.490443503829811],[107.16282639756822,10.490432704534028],[107.16283983094792,10.490430288477915],[107.16324095627787,10.490336367950976],[107.16338816265859,10.490317291262988],[107.16334992895,10.490488369792844],[107.16331995864158,10.490637041404145],[107.16330037203437,10.490753545725724]]]},"properties":{"FID":96,"Shape_Leng":225.55572882499999,"Shape_Area":3035.9456563799999,"Sothua":288,"So_To":72,"LoaidatHT":"LUC","Khuphomoi":"Khu phố Hương Giang","Sothuacu":288,"Sotocu":23,"Phuongcu":"phường Long Hương","Nguoisudun":"NGUYỄN VĂN BẢY (chết); Sử dụng: NGUYỄN VĂN SƠN (con).","Quyetdinh":"Quyết định 3693/QĐ-UBND","ID":"288.72"}},{"type":"Feature","id":97,"geometry":{"type":"Polygon","coordinates":[[[107.15047897724786,10.490846076466402],[107.15037131391138,10.490919468511708],[107.15006150088284,10.490416016368162],[107.1500822739671,10.490349964811152],[107.15013259508025,10.490214894706284],[107.1501536169812,10.490161863872851],[107.15016976277244,10.490126904700125],[107.15028997557968,10.490272964939294],[107.1503554915093,10.490359792929988],[107.1505867864816,10.490649725277885],[107.15043466523589,10.490754406033489],[107.15047897724786,10.490846076466402]]]},"properties":{"FID":97,"Shape_Leng":218.911407035,"Shape_Area":2220.6246509100001,"Sothua":520,"So_To":71,"LoaidatHT":"LUC","Khuphomoi":"Khu phố Hương Giang","Sothuacu":520,"Sotocu":22,"Phuongcu":"phường Long Hương","Nguoisudun":"BÙI THỊ HỬNG","Quyetdinh":"Quyết định 3693/QĐ-UBND","ID":"520.71"}},{"type":"Feature","id":98,"geometry":{"type":"Polygon","coordinates":[[[107.15653905346979,10.4907072727633],[107.15625285974994,10.490938643332854],[107.15612115407816,10.490829270773837],[107.15621074699403,10.490650514751319],[107.15625782592208,10.490577266335469],[107.15646004917525,10.49048280987777],[107.15649439670327,10.490555389210011],[107.15646796948442,10.49056899218615],[107.15653905346979,10.4907072727633]]]},"properties":{"FID":98,"Shape_Leng":144.75664837299999,"Shape_Area":1226.5626089499999,"Sothua":511,"So_To":71,"LoaidatHT":"CLN","Khuphomoi":"Khu phố Hương Giang","Sothuacu":511,"Sotocu":22,"Phuongcu":"phường Long Hương","Nguoisudun":"BÙI TRỌNG DŨNG","Quyetdinh":"Quyết định 3693/QĐ-UBND","ID":"511.71"}},{"type":"Feature","id":99,"geometry":{"type":"Polygon","coordinates":[[[107.15421975767838,10.490863957317528],[107.15411574907628,10.490937176560379],[107.15405585370436,10.490920247994461],[107.1539587053667,10.49084565722405],[107.15389710450106,10.490813084046694],[107.15389307218913,10.490772119993347],[107.15421129048526,10.490610247438822],[107.15423648455281,10.490667977781664],[107.15428847690319,10.490756858613537],[107.15426540439834,10.49083176622047],[107.15421975767838,10.490863957317528]]]},"properties":{"FID":99,"Shape_Leng":118.76505329299999,"Shape_Area":888.018105461,"Sothua":501,"So_To":71,"LoaidatHT":"LUC","Khuphomoi":"Khu phố Hương Giang","Sothuacu":501,"Sotocu":22,"Phuongcu":"phường Long Hương","Nguoisudun":" BCH QUÂN SỰ PHƯỜNG.","Quyetdinh":"Quyết định 3693/QĐ-UBND","ID":"501.71"}},{"type":"Feature","id":100,"geometry":{"type":"Polygon","coordinates":[[[107.15405585370436,10.490920247994461],[107.15397072939558,10.490959327192313],[107.15391264617961,10.490950358092858],[107.15389710450106,10.490813084046694],[107.1539587053667,10.49084565722405],[107.15405585370436,10.490920247994461]]]},"properties":{"FID":100,"Shape_Leng":53.107759524099997,"Shape_Area":148.96439902399999,"Sothua":487,"So_To":71,"LoaidatHT":"LUC","Khuphomoi":"Khu phố Hương Giang","Sothuacu":487,"Sotocu":22,"Phuongcu":"phường Long Hương","Nguoisudun":"Đăng ký: NGUYỄN THÀNH BẰNG; Sử dụng: Tập đoàn Hương Sơn.","Quyetdinh":"Quyết định 3693/QĐ-UBND","ID":"487.71"}},{"type":"Feature","id":101,"geometry":{"type":"Polygon","coordinates":[[[107.15303818065993,10.490777387689828],[107.15268903887601,10.49096315988276],[107.15244570586776,10.490518240846884],[107.15248385966048,10.490486849098989],[107.15259468398632,10.490432358544268],[107.15285693948431,10.490346960681457],[107.15294698814796,10.490550465351978],[107.15298010685093,10.490667971188536],[107.15303818065993,10.490777387689828]]]},"properties":{"FID":101,"Shape_Leng":200.35151109899999,"Shape_Area":2535.0162452899999,"Sothua":509,"So_To":71,"LoaidatHT":"LUC","Khuphomoi":"Khu phố Hương Giang","Sothuacu":509,"Sotocu":22,"Phuongcu":"phường Long Hương","Nguoisudun":"NGUYỄN NGỌC THANH.","Quyetdinh":"Quyết định 3693/QĐ-UBND","ID":"509.71"}},{"type":"Feature","id":102,"geometry":{"type":"Polygon","coordinates":[[[107.15072365943384,10.490825833383502],[107.1505402311227,10.490963817143124],[107.15047897724786,10.490846076466402],[107.15043466523589,10.490754406033489],[107.1505867864816,10.490649725277885],[107.15060373215418,10.490673445544914],[107.15072365943384,10.490825833383502]]]},"properties":{"FID":102,"Shape_Leng":95.999445026000004,"Shape_Area":570.83594566299996,"Sothua":495,"So_To":71,"LoaidatHT":"LUC","Khuphomoi":"Khu phố Hương Giang","Sothuacu":495,"Sotocu":22,"Phuongcu":"phường Long Hương","Nguoisudun":"NGUYỄN THỊ NGỌC NƯƠNG.","Quyetdinh":"Quyết định 3693/QĐ-UBND","ID":"495.71"}},{"type":"Feature","id":103,"geometry":{"type":"Polygon","coordinates":[[[107.1505402311227,10.490963817143124],[107.15048598265817,10.491003766632062],[107.15041393065233,10.490990340606727],[107.15037131391138,10.490919468511708],[107.15047897724786,10.490846076466402],[107.1505402311227,10.490963817143124]]]},"properties":{"FID":103,"Shape_Leng":53.525692799799998,"Shape_Area":186.944953019,"Sothua":486,"So_To":71,"LoaidatHT":"LUC","Khuphomoi":"Khu phố Hương Giang","Sothuacu":486,"Sotocu":22,"Phuongcu":"phường Long Hương","Nguoisudun":"Đăng ký: BÙI THỊ HỬNG; Sử dụng: BÙI THỊ HỬNG.","Quyetdinh":"Quyết định 3693/QĐ-UBND","ID":"486.71"}},{"type":"Feature","id":104,"geometry":{"type":"Polygon","coordinates":[[[107.15382934585601,10.490990796004901],[107.15372927752439,10.491009866218544],[107.15364095637082,10.491000839882062],[107.15351546992289,10.490697455727517],[107.15351101020192,10.490689220424091],[107.15381899661118,10.490622893613988],[107.15389307218913,10.490772119993347],[107.15389710450106,10.490813084046694],[107.15391264617961,10.490950358092858],[107.15382934585601,10.490990796004901]]]},"properties":{"FID":104,"Shape_Leng":141.09379629,"Shape_Area":1317.80914147,"Sothua":498,"So_To":71,"LoaidatHT":"LUC","Khuphomoi":"Khu phố Hương Giang","Sothuacu":498,"Sotocu":22,"Phuongcu":"phường Long Hương","Nguoisudun":" BCH QUÂN SỰ PHƯỜNG.","Quyetdinh":"Quyết định 3693/QĐ-UBND","ID":"498.71"}},{"type":"Feature","id":105,"geometry":{"type":"Polygon","coordinates":[[[107.15194893973256,10.490702831097304],[107.15129713456136,10.491036306250479],[107.15120335572092,10.490872395006262],[107.15120835495507,10.490838319273369],[107.15126188846901,10.490837786979247],[107.15184464659832,10.490543420050773],[107.15194893973256,10.490702831097304]]]},"properties":{"FID":105,"Shape_Leng":203.516605836,"Shape_Area":1692.6094251100001,"Sothua":496,"So_To":71,"LoaidatHT":"LUC","Khuphomoi":"Khu phố Hương Giang","Sothuacu":496,"Sotocu":22,"Phuongcu":"phường Long Hương","Nguoisudun":"NGÔ VĂN TẤT.","Quyetdinh":"Quyết định 3693/QĐ-UBND","ID":"496.71"}},{"type":"Feature","id":106,"geometry":{"type":"Polygon","coordinates":[[[107.15041393065233,10.490990340606727],[107.15022687877918,10.491064667485849],[107.1501792385105,10.490993694677433],[107.15003328042744,10.490744156296765],[107.14997899897658,10.490658615216409],[107.14998700424677,10.490628432732912],[107.15001108054128,10.490554973620188],[107.15006150088284,10.490416016368162],[107.15037131391138,10.490919468511708],[107.15041393065233,10.490990340606727]]]},"properties":{"FID":106,"Shape_Leng":177.25655406000001,"Shape_Area":1389.4081574500001,"Sothua":494,"So_To":71,"LoaidatHT":"LUC","Khuphomoi":"Khu phố Hương Giang","Sothuacu":494,"Sotocu":22,"Phuongcu":"phường Long Hương","Nguoisudun":"NGUYỄN HUY QUỐC.","Quyetdinh":"Quyết định 3693/QĐ-UBND","ID":"494.71"}},{"type":"Feature","id":107,"geometry":{"type":"Polygon","coordinates":[[[107.16287663658423,10.490919933499883],[107.16256160824392,10.491087788207754],[107.1623316859106,10.490645071301287],[107.16232394186152,10.490633664395773],[107.16272163751543,10.490469669853312],[107.16274862076096,10.490548377466276],[107.16280435159574,10.490691059174386],[107.16288733290529,10.49091579439588],[107.16287663658423,10.490919933499883]]]},"properties":{"FID":107,"Shape_Leng":196.80471694799999,"Shape_Area":2373.3352514399999,"Sothua":289,"So_To":72,"LoaidatHT":"LUC","Khuphomoi":"Khu phố Hương Giang","Sothuacu":289,"Sotocu":23,"Phuongcu":"phường Long Hương","Nguoisudun":"LÊ THỊ DUYÊN (già yếu); Sử dụng: TRƯƠNG NGỌC LÂM (con).","Quyetdinh":"Quyết định 3693/QĐ-UBND","ID":"289.72"}},{"type":"Feature","id":108,"geometry":{"type":"Polygon","coordinates":[[[107.15852488401957,10.490996673616639],[107.15828034836917,10.491084188984676],[107.15835147051621,10.490673220236888],[107.15858244513792,10.490703576483916],[107.15865322356164,10.490954509652202],[107.15852488401957,10.490996673616639]]]},"properties":{"FID":108,"Shape_Leng":143.754824692,"Shape_Area":1204.94845543,"Sothua":491,"So_To":71,"LoaidatHT":"LUC","Khuphomoi":"Khu phố Hương Giang","Sothuacu":491,"Sotocu":22,"Phuongcu":"phường Long Hương","Nguoisudun":" NGUYỄN THỊ VẠN.","Quyetdinh":"Quyết định 3693/QĐ-UBND","ID":"491.71"}},{"type":"Feature","id":109,"geometry":{"type":"Polygon","coordinates":[[[107.15918803337279,10.491035879569315],[107.15908306119694,10.491087941865393],[107.1590501264387,10.491016636778848],[107.15894675023063,10.490757506067952],[107.15882634263011,10.490470768801591],[107.15915867912669,10.490377448795414],[107.15931375279369,10.490689747367549],[107.15917226355349,10.490776912046158],[107.15925852065259,10.490911152518349],[107.15929712568392,10.490978761263511],[107.15918803337279,10.491035879569315]]]},"properties":{"FID":109,"Shape_Leng":221.00063349600001,"Shape_Area":2331.6544890499999,"Sothua":512,"So_To":71,"LoaidatHT":"LUC","Khuphomoi":"Khu phố Hương Giang","Sothuacu":512,"Sotocu":22,"Phuongcu":"phường Long Hương","Nguoisudun":"NGUYỄN THANH DŨNG","Quyetdinh":"Quyết định 3693/QĐ-UBND","ID":"512.71"}},{"type":"Feature","id":110,"geometry":{"type":"Polygon","coordinates":[[[107.15364095637082,10.491000839882062],[107.15332791317483,10.491083973231765],[107.15323958014389,10.490985440589187],[107.15319733992452,10.490860954869055],[107.15333990192816,10.490786362052001],[107.15351546992289,10.490697455727517],[107.15364095637082,10.491000839882062]]]},"properties":{"FID":110,"Shape_Leng":140.12004041200001,"Shape_Area":1241.5964256300001,"Sothua":488,"So_To":71,"LoaidatHT":"LUC","Khuphomoi":"Khu phố Hương Giang","Sothuacu":488,"Sotocu":22,"Phuongcu":"phường Long Hương","Nguoisudun":"Đăng ký: HUỲNH THỊ KIM QUANG; Sử dụng: HUỲNH THỊ KIM QUANG.","Quyetdinh":"Quyết định 3693/QĐ-UBND","ID":"488.71"}},{"type":"Feature","id":111,"geometry":{"type":"Polygon","coordinates":[[[107.15268903887601,10.49096315988276],[107.15247949558466,10.491094947697853],[107.15223948224735,10.490634031685197],[107.15244570586776,10.490518240846884],[107.15268903887601,10.49096315988276]]]},"properties":{"FID":111,"Shape_Leng":166.49647607599999,"Shape_Area":1503.1945588799999,"Sothua":497,"So_To":71,"LoaidatHT":"LUC","Khuphomoi":"Khu phố Hương Giang","Sothuacu":497,"Sotocu":22,"Phuongcu":"phường Long Hương","Nguoisudun":"PHẠM THỊ BE (già yếu); Sử dụng: NGUYỄN VĂN ĐẮC (con).","Quyetdinh":"Quyết định 3693/QĐ-UBND","ID":"497.71"}},{"type":"Feature","id":112,"geometry":{"type":"Polygon","coordinates":[[[107.1588402661822,10.491172929568727],[107.15876393869452,10.491197741129723],[107.15865322356164,10.490954509652202],[107.15858244513792,10.490703576483916],[107.15862946867357,10.490619400930646],[107.15870452147388,10.490496128856647],[107.15872653282176,10.490498429620278],[107.15881653419355,10.490488380514485],[107.15900331124041,10.490942683774469],[107.15906815902154,10.491093881830285],[107.1588402661822,10.491172929568727]]]},"properties":{"FID":112,"Shape_Leng":204.93143511700001,"Shape_Area":2406.0849963300002,"Sothua":492,"So_To":71,"LoaidatHT":"LUC","Khuphomoi":"Khu phố Hương Giang","Sothuacu":492,"Sotocu":22,"Phuongcu":"phường Long Hương","Nguoisudun":"NGUYỄN HỒNG QUÂN (chết); Sử dụng: NGUYỄN THỊ THU HƯƠNG (con).","Quyetdinh":"Quyết định 3693/QĐ-UBND","ID":"492.71"}},{"type":"Feature","id":113,"geometry":{"type":"Polygon","coordinates":[[[107.15247949558466,10.491094947697853],[107.15229812239234,10.491209609550637],[107.15216604541415,10.491009281540272],[107.15201029988933,10.490765601499822],[107.15210230633213,10.49071035184938],[107.15223948224735,10.490634031685197],[107.15247949558466,10.491094947697853]]]},"properties":{"FID":113,"Shape_Leng":168.32286234700001,"Shape_Area":1528.3078555100001,"Sothua":489,"So_To":71,"LoaidatHT":"LUC","Khuphomoi":"Khu phố Hương Giang","Sothuacu":489,"Sotocu":22,"Phuongcu":"phường Long Hương","Nguoisudun":"Đăng ký: PHẠM THỊ BE (già yếu); Sử dụng: NGUYỄN VĂN ĐẮC (con).","Quyetdinh":"Quyết định 3693/QĐ-UBND","ID":"489.71"}},{"type":"Feature","id":114,"geometry":{"type":"Polygon","coordinates":[[[107.15132844297395,10.491097031497565],[107.15109449036447,10.491238445973348],[107.1509654461141,10.491076457192039],[107.1507816223146,10.490849901501635],[107.15089397662366,10.490807800766754],[107.15094279569608,10.490788725799623],[107.15106362204065,10.490805951186603],[107.15110883108729,10.490906482909665],[107.15120335572092,10.490872395006262],[107.15129713456136,10.491036306250479],[107.15132844297395,10.491097031497565]]]},"properties":{"FID":114,"Shape_Leng":168.83561077499999,"Shape_Area":1520.53394241,"Sothua":484,"So_To":71,"LoaidatHT":"LUC","Khuphomoi":"Khu phố Hương Giang","Sothuacu":484,"Sotocu":22,"Phuongcu":"phường Long Hương","Nguoisudun":"Đăng ký: ĐẶNG THỊ NGÔN - LÊ THỊ CÚC; Sử dụng: ĐẶNG THỊ NGÔN - LÊ THỊ CÚC.","Quyetdinh":"Quyết định 3693/QĐ-UBND","ID":"484.71"}},{"type":"Feature","id":115,"geometry":{"type":"Polygon","coordinates":[[[107.15420659608267,10.491196511131461],[107.15395483794431,10.491313801145436],[107.15382934585601,10.490990796004901],[107.15391264617961,10.490950358092858],[107.15397072939558,10.490959327192313],[107.15405585370436,10.490920247994461],[107.15411574907628,10.490937176560379],[107.15418070658113,10.491125263317642],[107.15418957583272,10.491149781932975],[107.15418961207307,10.491149872070254],[107.15420659608267,10.491196511131461]]]},"properties":{"FID":115,"Shape_Leng":132.82195420900001,"Shape_Area":1110.0899815600001,"Sothua":474,"So_To":71,"LoaidatHT":"LUC","Khuphomoi":"Khu phố Hương Giang","Sothuacu":474,"Sotocu":22,"Phuongcu":"phường Long Hương","Nguoisudun":"Đăng ký: NGUYỄN THỊ ĐIỂU; Sử dụng: NGUYỄN THỊ ĐIỂU.","Quyetdinh":"Quyết định 3693/QĐ-UBND","ID":"474.71"}},{"type":"Feature","id":116,"geometry":{"type":"Polygon","coordinates":[[[107.16556616023861,10.491312934910811],[107.16553310293578,10.491354825517053],[107.16548809835244,10.491337474204691],[107.16539107979324,10.491299972276982],[107.16539188588182,10.491297697284484],[107.16528726839321,10.491258898594797],[107.16523205431685,10.491240174302224],[107.16523645639744,10.491220651553935],[107.16534506461107,10.490739953428013],[107.16537374350656,10.490694076993984],[107.16565849599215,10.490545964111115],[107.16566407458156,10.49055824972312],[107.16588248157292,10.491039298807666],[107.16584720121337,10.491048726613577],[107.16586847042618,10.491111055700957],[107.16588227141311,10.491151499000239],[107.16558081133634,10.491294427810749],[107.16556616023861,10.491312934910811]]]},"properties":{"FID":116,"Shape_Leng":254.424414751,"Shape_Area":4044.0658090000002,"Sothua":274,"So_To":72,"LoaidatHT":"HNK","Khuphomoi":"Khu phố Hương Giang","Sothuacu":0,"Sotocu":23,"Phuongcu":"phường Long Hương","Nguoisudun":" ","Quyetdinh":" ","ID":"274.72"}},{"type":"Feature","id":117,"geometry":{"type":"Polygon","coordinates":[[[107.1521098799836,10.490952758531861],[107.15146748887588,10.491331368215928],[107.15132844297395,10.491097031497565],[107.15129713456136,10.491036306250479],[107.15194893973256,10.490702831097304],[107.15205550085001,10.49087047237597],[107.1521098799836,10.490952758531861]]]},"properties":{"FID":117,"Shape_Leng":232.62134160700001,"Shape_Area":2855.5040743999998,"Sothua":480,"So_To":71,"LoaidatHT":"LUC","Khuphomoi":"Khu phố Hương Giang","Sothuacu":480,"Sotocu":22,"Phuongcu":"phường Long Hương","Nguoisudun":"Đăng ký: ĐỖ PHƯỚC CHÂU; Sử dụng: ĐỖ PHƯỚC CHÂU.","Quyetdinh":"Quyết định 3693/QĐ-UBND","ID":"480.71"}},{"type":"Feature","id":118,"geometry":{"type":"Polygon","coordinates":[[[107.15055752412334,10.491234630815995],[107.15017328831905,10.491379287811389],[107.15007776406668,10.491173512527984],[107.15023607394009,10.491081411115179],[107.1504106031617,10.491010224819615],[107.15042065626429,10.491008254228724],[107.15048795023817,10.491025378389017],[107.15055752412334,10.491234630815995]]]},"properties":{"FID":118,"Shape_Leng":143.95482259299999,"Shape_Area":1283.0797005500001,"Sothua":470,"So_To":71,"LoaidatHT":"LUC","Khuphomoi":"Khu phố Hương Giang","Sothuacu":470,"Sotocu":22,"Phuongcu":"phường Long Hương","Nguoisudun":"Đăng ký: NGUYỄN HUY QUỐC; Sử dụng: NGUYỄN HUY QUỐC.","Quyetdinh":"Quyết định 3693/QĐ-UBND","ID":"470.71"}},{"type":"Feature","id":119,"geometry":{"type":"Polygon","coordinates":[[[107.15966660491192,10.491339556235223],[107.15947157231231,10.491432407593402],[107.15943855823734,10.491354954380405],[107.1593869362749,10.491214358845566],[107.15937138268005,10.491178527487175],[107.15929712568392,10.490978761263511],[107.15925852065259,10.490911152518349],[107.15917226355349,10.490776912046158],[107.15931375279369,10.490689747367549],[107.15938671269963,10.49065778672426],[107.15950878852955,10.490594634788215],[107.15955038286475,10.490579613454148],[107.15957341563104,10.490573417574559],[107.15967986348019,10.490754890246846],[107.15972100814925,10.49083208753445],[107.15976518048619,10.49090287147315],[107.15981246373769,10.490970948087558],[107.15985372539424,10.491034855593179],[107.15989490764076,10.491092975526707],[107.15990645814925,10.491119668354813],[107.15992581460875,10.491173409355627],[107.15993016679032,10.491190866100164],[107.15977853744339,10.491278103592624],[107.15966660491192,10.491339556235223]]]},"properties":{"FID":119,"Shape_Leng":265.344992537,"Shape_Area":4191.7548417400003,"Sothua":299,"So_To":72,"LoaidatHT":"LUC","Khuphomoi":"Khu phố Hương Giang","Sothuacu":299,"Sotocu":23,"Phuongcu":"phường Long Hương","Nguoisudun":"NGUYỄN HỮU SANG (chết); Sử dụng: LÊ VĂN SANG (con rễ).","Quyetdinh":"Quyết định 3693/QĐ-UBND","ID":"299.72"}},{"type":"Feature","id":120,"geometry":{"type":"Polygon","coordinates":[[[107.16303387910605,10.491246790687981],[107.16277553386482,10.49143952262785],[107.16272945769309,10.491360598812307],[107.1626842815257,10.491289361311701],[107.16256160824392,10.491087788207754],[107.16287663658423,10.490919933499883],[107.16288733290529,10.49091579439588],[107.16330037203437,10.490753545725724],[107.16330369601934,10.490783477644287],[107.16334618610864,10.491019982233624],[107.16303387910605,10.491246790687981]]]},"properties":{"FID":120,"Shape_Leng":242.278323129,"Shape_Area":3143.4788276600002,"Sothua":263,"So_To":72,"LoaidatHT":"LUC","Khuphomoi":"Khu phố Hương Giang","Sothuacu":263,"Sotocu":23,"Phuongcu":"phường Long Hương","Nguoisudun":"HUỲNH THỊ NGỌC ĐÔNG; Sử dụng: HUỲNH THỊ NGỌC ĐÔNG.","Quyetdinh":"Quyết định 3693/QĐ-UBND","ID":"263.72"}},{"type":"Feature","id":121,"geometry":{"type":"Polygon","coordinates":[[[107.15323958014389,10.490985440589187],[107.15246021618117,10.491525630514804],[107.15229812239234,10.491209609550637],[107.15247949558466,10.491094947697853],[107.15268903887601,10.49096315988276],[107.15303818065993,10.490777387689828],[107.15312822947088,10.490790485104982],[107.15319733992452,10.490860954869055],[107.15323958014389,10.490985440589187]]]},"properties":{"FID":121,"Shape_Leng":272.92412618399999,"Shape_Area":3696.17397858,"Sothua":476,"So_To":71,"LoaidatHT":"LUC","Khuphomoi":"Khu phố Hương Giang","Sothuacu":476,"Sotocu":22,"Phuongcu":"phường Long Hương","Nguoisudun":"Đăng ký: NGUYỄN THẾ KHOA; Sử dụng: NGUYỄN THẾ KHOA.","Quyetdinh":"Quyết định 3693/QĐ-UBND","ID":"476.71"}},{"type":"Feature","id":122,"geometry":{"type":"Polygon","coordinates":[[[107.15395483794431,10.491313801145436],[107.15342864410233,10.491558929301354],[107.1533221808577,10.491310262379413],[107.15332167486656,10.491288472662474],[107.15332791317483,10.491083973231765],[107.15364095637082,10.491000839882062],[107.15372927752439,10.491009866218544],[107.15382934585601,10.490990796004901],[107.15395483794431,10.491313801145436]]]},"properties":{"FID":122,"Shape_Leng":213.27524412899999,"Shape_Area":2931.7141035,"Sothua":469,"So_To":71,"LoaidatHT":"LUC","Khuphomoi":"Khu phố Hương Giang","Sothuacu":469,"Sotocu":22,"Phuongcu":"phường Long Hương","Nguoisudun":"Đăng ký: ĐỖ TỨ QUÝ (chết); Sử dụng: ĐỖ AN BÌNH (em đại diện).","Quyetdinh":"Quyết định 3693/QĐ-UBND","ID":"469.71"}},{"type":"Feature","id":123,"geometry":{"type":"Polygon","coordinates":[[[107.15193427433324,10.491441463071251],[107.15162729930402,10.49159883424997],[107.15146748887588,10.491331368215928],[107.1521098799836,10.490952758531861],[107.15220861127692,10.491106553642267],[107.15228166469194,10.491216992328861],[107.15193427433324,10.491441463071251]]]},"properties":{"FID":123,"Shape_Leng":234.30309761199999,"Shape_Area":2936.3976041300002,"Sothua":468,"So_To":71,"LoaidatHT":"LUC","Khuphomoi":"Khu phố Hương Giang","Sothuacu":468,"Sotocu":22,"Phuongcu":"phường Long Hương","Nguoisudun":"Đăng ký: NGUYỄN VĂN CƯ; Sử dụng: NGUYỄN VĂN CƯ.","Quyetdinh":"Quyết định 3693/QĐ-UBND","ID":"468.71"}},{"type":"Feature","id":124,"geometry":{"type":"Polygon","coordinates":[[[107.15026653255266,10.491582978866621],[107.15013655357808,10.491622244073005],[107.15005463595037,10.491465949187898],[107.14992059838026,10.491193286944499],[107.14998200047509,10.491186531162715],[107.15007776406668,10.491173512527984],[107.15017328831905,10.491379287811389],[107.15022276951784,10.491490677442114],[107.15026653255266,10.491582978866621]]]},"properties":{"FID":124,"Shape_Leng":135.06024649099999,"Shape_Area":808.82594412900005,"Sothua":461,"So_To":71,"LoaidatHT":"LUC","Khuphomoi":"Khu phố Hương Giang","Sothuacu":461,"Sotocu":22,"Phuongcu":"phường Long Hương","Nguoisudun":"Đăng ký: NGUYỄN HUY QUỐC; Sử dụng: NGUYỄN HUY QUỐC.","Quyetdinh":"Quyết định 3693/QĐ-UBND","ID":"461.71"}},{"type":"Feature","id":125,"geometry":{"type":"Polygon","coordinates":[[[107.14752739259141,10.49144489523445],[107.14724558554954,10.491624912496071],[107.14714910827156,10.491487666536791],[107.14739602262405,10.491305774704573],[107.14742277280162,10.491314143302164],[107.14752739259141,10.49144489523445]]]},"properties":{"FID":125,"Shape_Leng":110.457233665,"Shape_Area":708.22890055300002,"Sothua":634,"So_To":23,"LoaidatHT":"HNK","Khuphomoi":"Khu phố Núi Dinh","Sothuacu":0,"Sotocu":23,"Phuongcu":"Phường Kim Dinh","Nguoisudun":" ","Quyetdinh":" ","ID":"634.23"}},{"type":"Feature","id":126,"geometry":{"type":"Polygon","coordinates":[[[107.15162729930402,10.49159883424997],[107.15145501572269,10.491689554073535],[107.15137153347366,10.491586960521214],[107.15130947553465,10.491507281339135],[107.15116967209889,10.491334062210708],[107.15109449036447,10.491238445973348],[107.15132844297395,10.491097031497565],[107.15146748887588,10.491331368215928],[107.15162729930402,10.49159883424997]]]},"properties":{"FID":126,"Shape_Leng":179.47531203400001,"Shape_Area":1638.0081367400001,"Sothua":463,"So_To":71,"LoaidatHT":"LUC","Khuphomoi":"Khu phố Hương Giang","Sothuacu":463,"Sotocu":22,"Phuongcu":"phường Long Hương","Nguoisudun":"Đăng ký: ĐẶNG THỊ NGÔN - LÊ THỊ CÚC; Sử dụng: ĐẶNG THỊ NGÔN - LÊ THỊ CÚC.","Quyetdinh":"Quyết định 3693/QĐ-UBND","ID":"463.71"}},{"type":"Feature","id":127,"geometry":{"type":"Polygon","coordinates":[[[107.15217289313455,10.491677252670387],[107.15214386750485,10.491712006302416],[107.15193427433324,10.491441463071251],[107.15228166469194,10.491216992328861],[107.15239870592683,10.491445681257169],[107.15244667821136,10.49153500726143],[107.15217289313455,10.491677252670387]]]},"properties":{"FID":127,"Shape_Leng":161.554210646,"Shape_Area":1578.8758145700001,"Sothua":454,"So_To":71,"LoaidatHT":"LUC","Khuphomoi":"Khu phố Hương Giang","Sothuacu":454,"Sotocu":22,"Phuongcu":"phường Long Hương","Nguoisudun":"Đăng ký: HUỲNH VĂN GIANG; Sử dụng: HUỲNH VĂN GIANG.","Quyetdinh":"Quyết định 3693/QĐ-UBND","ID":"454.71"}},{"type":"Feature","id":128,"geometry":{"type":"Polygon","coordinates":[[[107.16360917196685,10.491758404846003],[107.16359005055558,10.491773649686737],[107.16356788437487,10.491707698526428],[107.16339015390335,10.49110287994745],[107.16336865500585,10.49102228406559],[107.16354410411579,10.491092495382654],[107.16381478938558,10.491429234844647],[107.16380713103372,10.491469182685735],[107.16379313513342,10.491527834029998],[107.16378270318656,10.491585767874238],[107.16378056609196,10.49160493174494],[107.16370059278327,10.491674310615632],[107.16360917196685,10.491758404846003]]]},"properties":{"FID":128,"Shape_Leng":202.75095562199999,"Shape_Area":1913.1138767299999,"Sothua":234,"So_To":72,"LoaidatHT":"LUC","Khuphomoi":"Khu phố Hương Giang","Sothuacu":234,"Sotocu":23,"Phuongcu":"phường Long Hương","Nguoisudun":" LÊ VĂN CHƠN (chết); Sử dụng: MAI THỊ DÊ (vợ).","Quyetdinh":"Quyết định 3693/QĐ-UBND","ID":"234.72"}},{"type":"Feature","id":129,"geometry":{"type":"Polygon","coordinates":[[[107.15978328993469,10.491759281036519],[107.15954372102931,10.491780534885056],[107.15950452100168,10.491544398257993],[107.15947157231231,10.491432407593402],[107.15966660491192,10.491339556235223],[107.15977853744339,10.491278103592624],[107.15993016679032,10.491190866100164],[107.16000601108219,10.491276083930856],[107.16014021070379,10.491419997218356],[107.16015061166476,10.491426978168299],[107.16020061545987,10.491505818842437],[107.1602093689653,10.491514514700603],[107.16020664519159,10.491553658036178],[107.15997906044916,10.49171064143246],[107.15989092648046,10.491747547180175],[107.15978328993469,10.491759281036519]]]},"properties":{"FID":129,"Shape_Leng":226.96368263599999,"Shape_Area":3333.9254170200002,"Sothua":298,"So_To":72,"LoaidatHT":"LUC","Khuphomoi":"Khu phố Hương Giang","Sothuacu":298,"Sotocu":23,"Phuongcu":"phường Long Hương","Nguoisudun":"LÊ QUANG TRUNG; Sử dụng: LÊ QUANG TRUNG.","Quyetdinh":"Quyết định 3693/QĐ-UBND","ID":"298.72"}},{"type":"Feature","id":130,"geometry":{"type":"Polygon","coordinates":[[[107.14729460850083,10.491689468332074],[107.14716986780294,10.491759391183564],[107.14704291476531,10.491555996186591],[107.14714910827156,10.491487666536791],[107.14724558554954,10.491624912496071],[107.14729460850083,10.491689468332074]]]},"properties":{"FID":130,"Shape_Leng":83.453156425499998,"Shape_Area":394.48475061699997,"Sothua":626,"So_To":23,"LoaidatHT":"HNK","Khuphomoi":"Khu phố Núi Dinh","Sothuacu":0,"Sotocu":23,"Phuongcu":"Phường Kim Dinh","Nguoisudun":" ","Quyetdinh":" ","ID":"626.23"}},{"type":"Feature","id":131,"geometry":{"type":"Polygon","coordinates":[[[107.16380283859779,10.491711658178382],[107.16359897816862,10.491796738548528],[107.16359669154724,10.49178821840257],[107.16378776436011,10.491614799488044],[107.16384460503076,10.491694225526505],[107.16380283859779,10.491711658178382]]]},"properties":{"FID":131,"Shape_Leng":69.323919626700004,"Shape_Area":165.74934093900001,"Sothua":231,"So_To":72,"LoaidatHT":"LUC","Khuphomoi":"Khu phố Hương Giang","Sothuacu":231,"Sotocu":23,"Phuongcu":"phường Long Hương","Nguoisudun":"UBND phường","Quyetdinh":"Quyết định 3693/QĐ-UBND","ID":"231.72"}},{"type":"Feature","id":132,"geometry":{"type":"Polygon","coordinates":[[[107.14716986780294,10.491759391183564],[107.14708380942282,10.491808502178547],[107.14696169233349,10.491608190886033],[107.14704291476531,10.491555996186591],[107.14716986780294,10.491759391183564]]]},"properties":{"FID":132,"Shape_Leng":73.818385087799996,"Shape_Area":280.97263928799998,"Sothua":622,"So_To":23,"LoaidatHT":"HNK","Khuphomoi":"Khu phố Núi Dinh","Sothuacu":0,"Sotocu":23,"Phuongcu":"Phường Kim Dinh","Nguoisudun":" ","Quyetdinh":" ","ID":"622.23"}},{"type":"Feature","id":133,"geometry":{"type":"Polygon","coordinates":[[[107.15270665830056,10.491731055781885],[107.15262956835089,10.491820056653804],[107.15262254664921,10.491813623756746],[107.15246021618117,10.491525630514804],[107.15323958014389,10.490985440589187],[107.15332791317483,10.491083973231765],[107.15332167486656,10.491288472662474],[107.15323449243702,10.491352319738096],[107.15314822026379,10.491418248476171],[107.15299051123736,10.49153105659564],[107.15287262488638,10.491599728381772],[107.15277788129863,10.491652983990267],[107.15270665830056,10.491731055781885]]]},"properties":{"FID":133,"Shape_Leng":275.57323128500002,"Shape_Area":3446.6137662299998,"Sothua":464,"So_To":71,"LoaidatHT":"LUC","Khuphomoi":"Khu phố Hương Giang","Sothuacu":464,"Sotocu":22,"Phuongcu":"phường Long Hương","Nguoisudun":"Đăng ký: NGUYỄN THỊ SÂM; Sử dụng: NGUYỄN THỊ SÂM.","Quyetdinh":"Quyết định 3693/QĐ-UBND","ID":"464.71"}},{"type":"Feature","id":134,"geometry":{"type":"Polygon","coordinates":[[[107.16167612959451,10.491470309114991],[107.16131166297562,10.491839597541549],[107.16124899365438,10.491791744136641],[107.16096549735406,10.491564286628087],[107.16100955396402,10.491503249954151],[107.16102298907632,10.491500020508775],[107.16120035711194,10.491376123606551],[107.16140835253418,10.491239625974513],[107.16142051426475,10.491233590663901],[107.16159734127987,10.491395844732015],[107.16167612959451,10.491470309114991]]]},"properties":{"FID":134,"Shape_Leng":206.48605338499999,"Shape_Area":2633.9562046699998,"Sothua":259,"So_To":72,"LoaidatHT":"LUC","Khuphomoi":"Khu phố Hương Giang","Sothuacu":259,"Sotocu":23,"Phuongcu":"phường Long Hương","Nguoisudun":"Đăng ký: PHAN VĂN TÀI; Sử dụng: PHAN VĂN TÀI.","Quyetdinh":"Quyết định 3693/QĐ-UBND","ID":"259.72"}},{"type":"Feature","id":135,"geometry":{"type":"Polygon","coordinates":[[[107.16402237720403,10.491848403072463],[107.16401368089217,10.491857798794689],[107.16392900478087,10.491659000006834],[107.16384460503076,10.491694225526505],[107.16378776436011,10.491614799488044],[107.16379732030211,10.491585342968049],[107.16382587432484,10.491460898952806],[107.16383249386983,10.491438489658821],[107.16399600732754,10.491249017522424],[107.16401477134521,10.49122979375632],[107.16432131506129,10.491298528891383],[107.16440487040144,10.491316042617948],[107.16441205208091,10.491383411718482],[107.16440317552323,10.491391442093121],[107.16430999089658,10.491539274385474],[107.16433372401033,10.491549625118363],[107.16425513704509,10.491610055843726],[107.16419033120948,10.491678287600879],[107.16402237720403,10.491848403072463]]]},"properties":{"FID":135,"Shape_Leng":219.00796865800001,"Shape_Area":2687.7174091500001,"Sothua":233,"So_To":72,"LoaidatHT":"LUC","Khuphomoi":"Khu phố Hương Giang","Sothuacu":233,"Sotocu":23,"Phuongcu":"phường Long Hương","Nguoisudun":"NGUYỄN THỊ ANH (già yếu); Sử dụng: NGUYỄN THỊ NGỌC HIỀN (con).","Quyetdinh":"Quyết định 3693/QĐ-UBND","ID":"233.72"}},{"type":"Feature","id":136,"geometry":{"type":"Polygon","coordinates":[[[107.15020292531115,10.491833569051167],[107.15006720500992,10.491864957341249],[107.1500012330016,10.491683196660272],[107.15013655357808,10.491622244073005],[107.15026653255266,10.491582978866621],[107.15055798422482,10.491470153510177],[107.15081882250905,10.491362061508843],[107.15093108103714,10.491369776935445],[107.15108752551407,10.491677379035899],[107.15063743367199,10.491769473633196],[107.15059006577908,10.491746149073693],[107.15049054206293,10.491767207611554],[107.15020292531115,10.491833569051167]]]},"properties":{"FID":136,"Shape_Leng":283.05560794000002,"Shape_Area":3412.9493860299999,"Sothua":444,"So_To":71,"LoaidatHT":"LUC","Khuphomoi":"Khu phố Hương Giang","Sothuacu":444,"Sotocu":22,"Phuongcu":"phường Long Hương","Nguoisudun":"Đăng ký: BÙI VĂN BA; Sử dụng: BÙI VĂN BA.","Quyetdinh":"Quyết định 3693/QĐ-UBND","ID":"444.71"}},{"type":"Feature","id":137,"geometry":{"type":"Polygon","coordinates":[[[107.16357302790389,10.491807569511995],[107.16332196272097,10.491912351826596],[107.16331044110564,10.491906942242849],[107.16323131492423,10.491865659150475],[107.16319270412524,10.491848861404296],[107.16302965445588,10.491743412215271],[107.16291030429716,10.49166896402641],[107.16286203675503,10.491589584266876],[107.16277553386482,10.49143952262785],[107.16303387910605,10.491246790687981],[107.16334618610864,10.491019982233624],[107.16346144719279,10.491422344755742],[107.16348469283589,10.491496977045443],[107.16357302790389,10.491807569511995]]]},"properties":{"FID":137,"Shape_Leng":280.24871324999998,"Shape_Area":4779.5228982400004,"Sothua":235,"So_To":72,"LoaidatHT":"LUC","Khuphomoi":"Khu phố Hương Giang","Sothuacu":235,"Sotocu":23,"Phuongcu":"phường Long Hương","Nguoisudun":"NGUYỄN VĂN BỘ (già yếu); Sử dụng: NGUYỄN TẤN DŨNG (con).","Quyetdinh":"Quyết định 3693/QĐ-UBND","ID":"235.72"}},{"type":"Feature","id":138,"geometry":{"type":"Polygon","coordinates":[[[107.15342864410233,10.491558929301354],[107.15269234420498,10.491901942308408],[107.15263821536028,10.491836617707925],[107.15272592659923,10.49173470868536],[107.15278314498617,10.491671166835703],[107.15280582938846,10.491656019521598],[107.15297684051214,10.491561770976999],[107.15312988263737,10.491453021947237],[107.153231892487,10.491374375439175],[107.1533221808577,10.491310262379413],[107.15342864410233,10.491558929301354]]]},"properties":{"FID":138,"Shape_Leng":223.95808674899999,"Shape_Area":1932.7949776999999,"Sothua":450,"So_To":71,"LoaidatHT":"LUC","Khuphomoi":"Khu phố Hương Giang","Sothuacu":450,"Sotocu":22,"Phuongcu":"phường Long Hương","Nguoisudun":"Đăng ký: PHẠM VĂN THƯA; Sử dụng: PHẠM VĂN THƯA.","Quyetdinh":"Quyết định 3693/QĐ-UBND","ID":"450.71"}},{"type":"Feature","id":139,"geometry":{"type":"Polygon","coordinates":[[[107.16283825634225,10.491750110801123],[107.16271625163071,10.491920944245065],[107.16251401967453,10.491713799162614],[107.16242712397674,10.491626934600067],[107.1626833310213,10.491405447784496],[107.1627127898351,10.491382899333599],[107.16276342828792,10.491464544247544],[107.16278937558104,10.491511244515085],[107.16288827671481,10.491674980678749],[107.16283825634225,10.491750110801123]]]},"properties":{"FID":139,"Shape_Leng":157.42799987699999,"Shape_Area":1508.30830124,"Sothua":236,"So_To":72,"LoaidatHT":"LUC","Khuphomoi":"Khu phố Hương Giang","Sothuacu":236,"Sotocu":23,"Phuongcu":"phường Long Hương","Nguoisudun":"NGUYỄN VĂN NĂM (chết); Sử dụng: NGUYỄN HÀO HIỆP (con).","Quyetdinh":"Quyết định 3693/QĐ-UBND","ID":"236.72"}},{"type":"Feature","id":140,"geometry":{"type":"Polygon","coordinates":[[[107.15081180217922,10.491876939432055],[107.15073748310672,10.491902476763773],[107.15065327696449,10.491891107064228],[107.15063743367199,10.491769473633196],[107.15108752551407,10.491677379035899],[107.15114602942178,10.491752349864367],[107.15115841803591,10.491770907516022],[107.15081180217922,10.491876939432055]]]},"properties":{"FID":140,"Shape_Leng":134.48666257599999,"Shape_Area":769.47163614600004,"Sothua":441,"So_To":71,"LoaidatHT":"LUC","Khuphomoi":"Khu phố Hương Giang","Sothuacu":441,"Sotocu":22,"Phuongcu":"phường Long Hương","Nguoisudun":"Đăng ký: ĐẶNG THỊ NGÔN - LÊ THỊ CÚC; Sử dụng: ĐẶNG THỊ NGÔN - LÊ THỊ CÚC.","Quyetdinh":"Quyết định 3693/QĐ-UBND","ID":"441.71"}},{"type":"Feature","id":141,"geometry":{"type":"Polygon","coordinates":[[[107.14772051197106,10.491729062139633],[107.14744767517102,10.491899602845539],[107.14729460850083,10.491689468332074],[107.14724558554954,10.491624912496071],[107.14752739259141,10.49144489523445],[107.14772051197106,10.491729062139633]]]},"properties":{"FID":141,"Shape_Leng":147.55125758700001,"Shape_Area":1355.9401307400001,"Sothua":624,"So_To":23,"LoaidatHT":"LUC","Khuphomoi":"Khu phố Núi Dinh","Sothuacu":0,"Sotocu":23,"Phuongcu":"Phường Kim Dinh","Nguoisudun":" ","Quyetdinh":" ","ID":"624.23"}},{"type":"Feature","id":142,"geometry":{"type":"Polygon","coordinates":[[[107.15442646289061,10.491832920723335],[107.15421561945409,10.491928271547987],[107.15414766376583,10.491779417803881],[107.15407046280087,10.491598943864318],[107.15437865142826,10.491454997751749],[107.15439153438251,10.491467503465953],[107.15435096039971,10.49152221707296],[107.15434239628128,10.491605650671067],[107.15435004815023,10.491616966256888],[107.15440398000786,10.491695091869349],[107.15442646289061,10.491832920723335]]]},"properties":{"FID":142,"Shape_Leng":148.64380537700001,"Shape_Area":1165.7747045599999,"Sothua":445,"So_To":71,"LoaidatHT":"LUC","Khuphomoi":"Khu phố Hương Giang","Sothuacu":445,"Sotocu":22,"Phuongcu":"phường Long Hương","Nguoisudun":"Đăng ký: NGUYỄN KIM HẢO; Sử dụng: NGUYỄN KIM HẢO.","Quyetdinh":"Quyết định 3693/QĐ-UBND","ID":"445.71"}},{"type":"Feature","id":143,"geometry":{"type":"Polygon","coordinates":[[[107.14708380942282,10.491808502178547],[107.14682277844491,10.491967763256929],[107.14679385301375,10.49185614091629],[107.14682659714421,10.491835680161392],[107.14676653274029,10.49171785096361],[107.14696169233349,10.491608190886033],[107.14708380942282,10.491808502178547]]]},"properties":{"FID":143,"Shape_Leng":115.62948476299999,"Shape_Area":742.31757483399997,"Sothua":616,"So_To":23,"LoaidatHT":"HNK","Khuphomoi":"Khu phố Núi Dinh","Sothuacu":0,"Sotocu":23,"Phuongcu":"Phường Kim Dinh","Nguoisudun":" ","Quyetdinh":" ","ID":"616.23"}},{"type":"Feature","id":144,"geometry":{"type":"Polygon","coordinates":[[[107.16418492472417,10.491929530486086],[107.16406616531269,10.492026775476706],[107.16401148527187,10.492004884867901],[107.16398978715149,10.49193323919194],[107.16398036045956,10.491893802668697],[107.16397970997538,10.491892846333654],[107.16398220957885,10.491891804375317],[107.16402122969957,10.49187552469866],[107.16401368089217,10.491857798794689],[107.16402237720403,10.491848403072463],[107.16419033120948,10.491678287600879],[107.16425513704509,10.491610055843726],[107.16429595994639,10.491713832324869],[107.16426184906057,10.491878861534987],[107.16425443318082,10.491887346525747],[107.16423943870588,10.4918939182194],[107.164222075967,10.491896779576649],[107.16418492472417,10.491929530486086]]]},"properties":{"FID":144,"Shape_Leng":122.745120625,"Shape_Area":774.25780583300002,"Sothua":232,"So_To":72,"LoaidatHT":"LUC","Khuphomoi":"Khu phố Hương Giang","Sothuacu":232,"Sotocu":23,"Phuongcu":"phường Long Hương","Nguoisudun":"NGUYỄN THỊ ANH (già yếu); Sử dụng: NGUYỄN THỊ NGỌC HIỀN (con).","Quyetdinh":"Quyết định 3693/QĐ-UBND","ID":"232.72"}},{"type":"Feature","id":145,"geometry":{"type":"Polygon","coordinates":[[[107.15267381933943,10.491910578266831],[107.1524000547163,10.492038107608474],[107.15263358663445,10.491868253294612],[107.15267381933943,10.491910578266831]]]},"properties":{"FID":145,"Shape_Leng":71.297172811600007,"Shape_Area":101.273845912,"Sothua":426,"So_To":71,"LoaidatHT":"LUC","Khuphomoi":"Khu phố Hương Giang","Sothuacu":0,"Sotocu":22,"Phuongcu":"phường Long Hương","Nguoisudun":" ","Quyetdinh":" ","ID":"426.71"}},{"type":"Feature","id":146,"geometry":{"type":"Polygon","coordinates":[[[107.1524000547163,10.492038107608474],[107.1523917535506,10.492041975288945],[107.15214386750485,10.491712006302416],[107.15217289313455,10.491677252670387],[107.15244667821136,10.49153500726143],[107.15263358663445,10.491868253294612],[107.1524000547163,10.492038107608474]]]},"properties":{"FID":146,"Shape_Leng":159.25320098200001,"Shape_Area":1591.6672386,"Sothua":440,"So_To":71,"LoaidatHT":"LUC","Khuphomoi":"Khu phố Hương Giang","Sothuacu":440,"Sotocu":22,"Phuongcu":"phường Long Hương","Nguoisudun":"Đăng ký: PHAN VĂN ANH; Sử dụng: PHAN VĂN ANH.","Quyetdinh":"Quyết định 3693/QĐ-UBND","ID":"440.71"}},{"type":"Feature","id":147,"geometry":{"type":"Polygon","coordinates":[[[107.1472525926095,10.492016315312688],[107.14721308098407,10.492040833050705],[107.14708380942282,10.491808502178547],[107.14716986780294,10.491759391183564],[107.14729460850083,10.491689468332074],[107.14744767517102,10.491899602845539],[107.1472525926095,10.492016315312688]]]},"properties":{"FID":147,"Shape_Leng":114.651278792,"Shape_Area":819.09372907900001,"Sothua":608,"So_To":23,"LoaidatHT":"LUC","Khuphomoi":"Khu phố Núi Dinh","Sothuacu":0,"Sotocu":23,"Phuongcu":"Phường Kim Dinh","Nguoisudun":" ","Quyetdinh":" ","ID":"608.23"}},{"type":"Feature","id":148,"geometry":{"type":"Polygon","coordinates":[[[107.16329519563067,10.491923524554414],[107.16288381248131,10.492095218047718],[107.16268379130366,10.491985076411053],[107.1627579820365,10.49188214464826],[107.16290369066536,10.491688029123761],[107.16298296992976,10.491745044145391],[107.16304401054806,10.491784666269771],[107.16309656970468,10.491816769353672],[107.16321529046652,10.491885791560517],[107.16329519563067,10.491923524554414]]]},"properties":{"FID":148,"Shape_Leng":164.95927760199999,"Shape_Area":1462.37617458,"Sothua":229,"So_To":72,"LoaidatHT":"LUC","Khuphomoi":"Khu phố Hương Giang","Sothuacu":229,"Sotocu":23,"Phuongcu":"phường Long Hương","Nguoisudun":" NGÔ THỊ THÙY DUNG","Quyetdinh":"Quyết định 3693/QĐ-UBND","ID":"229.72"}},{"type":"Feature","id":149,"geometry":{"type":"Polygon","coordinates":[[[107.16157907802491,10.492068833397497],[107.16153679724717,10.492108627208156],[107.16149064348278,10.492071110648311],[107.16147031036768,10.492050368785554],[107.16131940754026,10.491850551652375],[107.16131166297562,10.491839597541549],[107.16167612959451,10.491470309114991],[107.16184342053241,10.491651984178961],[107.16184732270828,10.491665643351686],[107.16190042384173,10.491749101025153],[107.16167296343195,10.49198564838173],[107.16157907802491,10.492068833397497]]]},"properties":{"FID":149,"Shape_Leng":191.93168286,"Shape_Area":2288.5881681000001,"Sothua":260,"So_To":72,"LoaidatHT":"LUC","Khuphomoi":"Khu phố Hương Giang","Sothuacu":260,"Sotocu":23,"Phuongcu":"phường Long Hương","Nguoisudun":"Đăng ký: PHAN VĂN TÀI; Sử dụng: PHAN VĂN TÀI.","Quyetdinh":"Quyết định 3693/QĐ-UBND","ID":"260.72"}},{"type":"Feature","id":150,"geometry":{"type":"Polygon","coordinates":[[[107.14783641890267,10.491928367468631],[107.14757959597279,10.492085286859142],[107.14744767517102,10.491899602845539],[107.14772051197106,10.491729062139633],[107.14783641890267,10.491928367468631]]]},"properties":{"FID":150,"Shape_Leng":118.94400877299999,"Shape_Area":863.43383972900006,"Sothua":603,"So_To":23,"LoaidatHT":"LUC","Khuphomoi":"Khu phố Núi Dinh","Sothuacu":0,"Sotocu":23,"Phuongcu":"Phường Kim Dinh","Nguoisudun":" ","Quyetdinh":" ","ID":"603.23"}},{"type":"Feature","id":151,"geometry":{"type":"Polygon","coordinates":[[[107.16248712658269,10.49211996848212],[107.16244923246725,10.492159136919994],[107.16235953471724,10.492056354287763],[107.16220428055667,10.491934734589762],[107.16217955934945,10.491867332852074],[107.1622695284026,10.491778082569473],[107.16242712397674,10.491626934600067],[107.16251401967453,10.491713799162614],[107.16271625163071,10.491920944245065],[107.16268923953761,10.49195416558682],[107.16265949308827,10.491984217747415],[107.16252062053847,10.492088928255576],[107.16248712658269,10.49211996848212]]]},"properties":{"FID":151,"Shape_Leng":167.531225393,"Shape_Area":1771.3194166799999,"Sothua":237,"So_To":72,"LoaidatHT":"LUC","Khuphomoi":"Khu phố Hương Giang","Sothuacu":237,"Sotocu":23,"Phuongcu":"phường Long Hương","Nguoisudun":"NGUYỄN VĂN NĂM (chết); Sử dụng: NGUYỄN HÀO HIỆP (con).","Quyetdinh":"Quyết định 3693/QĐ-UBND","ID":"237.72"}},{"type":"Feature","id":152,"geometry":{"type":"Polygon","coordinates":[[[107.14809718162336,10.492143859121866],[107.1480187304745,10.492179965205342],[107.14789995286689,10.492000363965261],[107.14783641890267,10.491928367468631],[107.14772051197106,10.491729062139633],[107.14793912094004,10.49158662642402],[107.14826617951776,10.492052411113535],[107.14827593002803,10.492064545127908],[107.14814256455095,10.492153890367424],[107.14809718162336,10.492143859121866]]]},"properties":{"FID":152,"Shape_Leng":185.10269667099999,"Shape_Area":1888.4815049900001,"Sothua":606,"So_To":23,"LoaidatHT":"LUC","Khuphomoi":"Khu phố Núi Dinh","Sothuacu":0,"Sotocu":23,"Phuongcu":"Phường Kim Dinh","Nguoisudun":" ","Quyetdinh":" ","ID":"606.23"}},{"type":"Feature","id":153,"geometry":{"type":"Polygon","coordinates":[[[107.14721308098407,10.492040833050705],[107.14696740235691,10.492197410990013],[107.14693728944384,10.492133162088837],[107.14693693420405,10.492127736065735],[107.14687061439589,10.492031955707521],[107.14682277844491,10.491967763256929],[107.14708380942282,10.491808502178547],[107.14721308098407,10.492040833050705]]]},"properties":{"FID":153,"Shape_Leng":125.031268195,"Shape_Area":951.27483936399994,"Sothua":596,"So_To":23,"LoaidatHT":"LUC","Khuphomoi":"Khu phố Núi Dinh","Sothuacu":0,"Sotocu":23,"Phuongcu":"Phường Kim Dinh","Nguoisudun":" ","Quyetdinh":" ","ID":"596.23"}},{"type":"Feature","id":154,"geometry":{"type":"Polygon","coordinates":[[[107.1523917535506,10.492041975288945],[107.15201737233346,10.492216388774413],[107.15162729930402,10.49159883424997],[107.15193427433324,10.491441463071251],[107.15214386750485,10.491712006302416],[107.1523917535506,10.492041975288945]]]},"properties":{"FID":154,"Shape_Leng":246.960118865,"Shape_Area":3378.2301864999999,"Sothua":435,"So_To":71,"LoaidatHT":"LUC","Khuphomoi":"Khu phố Hương Giang","Sothuacu":435,"Sotocu":22,"Phuongcu":"phường Long Hương","Nguoisudun":"Đăng ký: ; Sử dụng: .","Quyetdinh":"Quyết định 3693/QĐ-UBND","ID":"435.71"}},{"type":"Feature","id":155,"geometry":{"type":"Polygon","coordinates":[[[107.16288381248131,10.492095218047718],[107.16249132195684,10.492259023186111],[107.16243702343064,10.492238676140257],[107.16251733681143,10.492134580191699],[107.16268379130366,10.491985076411053],[107.16288381248131,10.492095218047718]]]},"properties":{"FID":155,"Shape_Leng":117.171776249,"Shape_Area":606.42475965799997,"Sothua":228,"So_To":72,"LoaidatHT":"LUC","Khuphomoi":"Khu phố Hương Giang","Sothuacu":228,"Sotocu":23,"Phuongcu":"phường Long Hương","Nguoisudun":"VƯƠNG THÀNH BẠC (già yếu); Sử dụng: VƯƠNG THỊ TÂM (con).","Quyetdinh":"Quyết định 3693/QĐ-UBND","ID":"228.72"}},{"type":"Feature","id":156,"geometry":{"type":"Polygon","coordinates":[[[107.15201737233346,10.492216388774413],[107.15189259788821,10.492274514943007],[107.15188818288405,10.49222849647974],[107.1518780615235,10.492218351735625],[107.15176032169676,10.492068409067379],[107.15169105412478,10.49198446754667],[107.15150906307865,10.491754751136817],[107.15145501572269,10.491689554073535],[107.15162729930402,10.49159883424997],[107.15201737233346,10.492216388774413]]]},"properties":{"FID":156,"Shape_Leng":198.37282031999999,"Shape_Area":1348.4835320899999,"Sothua":425,"So_To":71,"LoaidatHT":"LUC","Khuphomoi":"Khu phố Hương Giang","Sothuacu":425,"Sotocu":22,"Phuongcu":"phường Long Hương","Nguoisudun":"Đăng ký: ĐẶNG QUANG TẠO; Sử dụng: ĐẶNG QUANG TẠO.","Quyetdinh":"Quyết định 3693/QĐ-UBND","ID":"425.71"}},{"type":"Feature","id":157,"geometry":{"type":"Polygon","coordinates":[[[107.16244923246725,10.492159136919994],[107.16232387364543,10.492315859095227],[107.16167296343195,10.49198564838173],[107.16190042384173,10.491749101025153],[107.16200919129746,10.491815935508058],[107.16208779580464,10.491842480200184],[107.16217955934945,10.491867332852074],[107.16220428055667,10.491934734589762],[107.16235953471724,10.492056354287763],[107.16244923246725,10.492159136919994]]]},"properties":{"FID":157,"Shape_Leng":216.514626846,"Shape_Area":2446.5888088500001,"Sothua":238,"So_To":72,"LoaidatHT":"LUC","Khuphomoi":"Khu phố Hương Giang","Sothuacu":238,"Sotocu":23,"Phuongcu":"phường Long Hương","Nguoisudun":"NGUYỄN THỊ BẢI (già yếu); Sử dụng: NGUYỄN THỊ TUYẾT NGA (con).","Quyetdinh":"Quyết định 3693/QĐ-UBND","ID":"238.72"}},{"type":"Feature","id":158,"geometry":{"type":"Polygon","coordinates":[[[107.16249132195684,10.492259023186111],[107.16234519293805,10.492320010800871],[107.16236794015786,10.492297949100511],[107.16243702343064,10.492238676140257],[107.16249132195684,10.492259023186111]]]},"properties":{"FID":158,"Shape_Leng":37.223148913300001,"Shape_Area":39.137654276799999,"Sothua":7,"So_To":72,"LoaidatHT":"LUC","Khuphomoi":"Khu phố Hương Giang","Sothuacu":0,"Sotocu":23,"Phuongcu":"phường Long Hương","Nguoisudun":" ","Quyetdinh":" ","ID":"7.72"}},{"type":"Feature","id":159,"geometry":{"type":"Polygon","coordinates":[[[107.1518602843701,10.492289571053938],[107.15176832130688,10.492332405415391],[107.15167277167595,10.49227573781687],[107.15128914781589,10.491769074403543],[107.15142878358859,10.491696556499466],[107.15187132021329,10.492256040125236],[107.1518602843701,10.492289571053938]]]},"properties":{"FID":159,"Shape_Leng":193.162330247,"Shape_Area":1418.2114587399999,"Sothua":419,"So_To":71,"LoaidatHT":"LUC","Khuphomoi":"Khu phố Hương Giang","Sothuacu":419,"Sotocu":22,"Phuongcu":"phường Long Hương","Nguoisudun":"Đăng ký: ĐẶNG THỊ NGÔN - LÊ THỊ CÚC; Sử dụng: ĐẶNG THỊ NGÔN - LÊ THỊ CÚC.","Quyetdinh":"Quyết định 3693/QĐ-UBND","ID":"419.71"}},{"type":"Feature","id":160,"geometry":{"type":"Polygon","coordinates":[[[107.1545003638761,10.492312510234699],[107.1543111790356,10.492355914966447],[107.15428614472576,10.492214555873293],[107.15421696448558,10.491941836138638],[107.15421561945409,10.491928271547987],[107.15442646289061,10.491832920723335],[107.15450942597052,10.491968693641056],[107.15458027711398,10.492084733096862],[107.15447596834518,10.492123595484394],[107.15449711952995,10.492193704005594],[107.15452462575647,10.492284618964566],[107.1545003638761,10.492312510234699]]]},"properties":{"FID":160,"Shape_Leng":162.576152963,"Shape_Area":1397.8758126099999,"Sothua":415,"So_To":71,"LoaidatHT":"LUC","Khuphomoi":"Khu phố Hương Giang","Sothuacu":415,"Sotocu":22,"Phuongcu":"phường Long Hương","Nguoisudun":"Đăng ký: NGUYỄN TIẾT CƯỜNG; Sử dụng: NGUYỄN TIẾT CƯỜNG.","Quyetdinh":"Quyết định 3693/QĐ-UBND","ID":"415.71"}},{"type":"Feature","id":161,"geometry":{"type":"Polygon","coordinates":[[[107.14803886249916,10.492209387158889],[107.14778847644718,10.492391633816965],[107.1476820603425,10.492244152502611],[107.14764126376741,10.492177080024618],[107.14789995286689,10.492000363965261],[107.1480187304745,10.492179965205342],[107.14803886249916,10.492209387158889]]]},"properties":{"FID":161,"Shape_Leng":124.84790606,"Shape_Area":970.26876825299996,"Sothua":576,"So_To":23,"LoaidatHT":"LUC","Khuphomoi":"Khu phố Núi Dinh","Sothuacu":0,"Sotocu":23,"Phuongcu":"Phường Kim Dinh","Nguoisudun":" ","Quyetdinh":" ","ID":"576.23"}},{"type":"Feature","id":162,"geometry":{"type":"Polygon","coordinates":[[[107.16231883006317,10.492331013501252],[107.16206646717502,10.492436337069064],[107.16199601695558,10.492406387344351],[107.16190227779347,10.492363901829764],[107.16175672823172,10.492327557760875],[107.16173855307539,10.492325354963109],[107.16168797638016,10.492308082581992],[107.16153679724717,10.492108627208156],[107.16157907802491,10.492068833397497],[107.16167296343195,10.49198564838173],[107.16232387364543,10.492315859095227],[107.16231883006317,10.492331013501252]]]},"properties":{"FID":162,"Shape_Leng":203.61345036500001,"Shape_Area":1981.8935238700001,"Sothua":239,"So_To":72,"LoaidatHT":"LUC","Khuphomoi":"Khu phố Hương Giang","Sothuacu":239,"Sotocu":23,"Phuongcu":"phường Long Hương","Nguoisudun":"PHẠM THỊ HUẨN","Quyetdinh":"Quyết định 3693/QĐ-UBND","ID":"239.72"}},{"type":"Feature","id":163,"geometry":{"type":"Polygon","coordinates":[[[107.14737463768583,10.492253786200065],[107.14708501970522,10.492410099900109],[107.147008418341,10.492292601258017],[107.14696740235691,10.492197410990013],[107.14721308098407,10.492040833050705],[107.1472525926095,10.492016315312688],[107.14737463768583,10.492253786200065]]]},"properties":{"FID":163,"Shape_Leng":129.62630184099999,"Shape_Area":1044.63177,"Sothua":573,"So_To":23,"LoaidatHT":"LUC","Khuphomoi":"Khu phố Núi Dinh","Sothuacu":0,"Sotocu":23,"Phuongcu":"Phường Kim Dinh","Nguoisudun":" ","Quyetdinh":" ","ID":"573.23"}},{"type":"Feature","id":164,"geometry":{"type":"Polygon","coordinates":[[[107.15176832130688,10.492332405415391],[107.15155673789928,10.492430972819824],[107.15128596442226,10.49233196843173],[107.15111991490639,10.492268458712877],[107.150951484177,10.492207926867041],[107.15080404457211,10.492158104237753],[107.15066984896788,10.492109209608246],[107.15052123638462,10.492051789931132],[107.15020345411543,10.491938538278756],[107.15020292531115,10.491833569051167],[107.15049054206293,10.491767207611554],[107.15059006577908,10.491746149073693],[107.15063743367199,10.491769473633196],[107.15065327696449,10.491891107064228],[107.15073748310672,10.491902476763773],[107.15081180217922,10.491876939432055],[107.15115841803591,10.491770907516022],[107.15128914781589,10.491769074403543],[107.15167277167595,10.49227573781687],[107.15176832130688,10.492332405415391]]]},"properties":{"FID":164,"Shape_Leng":412.17789871899998,"Shape_Area":6002.4555607900002,"Sothua":418,"So_To":71,"LoaidatHT":"LUC","Khuphomoi":"Khu phố Hương Giang","Sothuacu":418,"Sotocu":22,"Phuongcu":"phường Long Hương","Nguoisudun":"Đăng ký: NGUYỄN THỊ THU VÂN; Sử dụng: NGUYỄN THỊ THU VÂN.","Quyetdinh":"Quyết định 3693/QĐ-UBND","ID":"418.71"}},{"type":"Feature","id":165,"geometry":{"type":"Polygon","coordinates":[[[107.16140359837676,10.492449683374648],[107.16120005446564,10.492502558774195],[107.16116016687617,10.492436303093839],[107.16098389499982,10.492318170751815],[107.16095633603513,10.492302388477986],[107.16095508266461,10.492288914636029],[107.16095225156141,10.492095158209946],[107.16131940754026,10.491850551652375],[107.16147031036768,10.492050368785554],[107.16149064348278,10.492071110648311],[107.16153679724717,10.492108627208156],[107.16168797638016,10.492308082581992],[107.16167528086945,10.492306431796566],[107.16152490788974,10.492405968066684],[107.16148988059113,10.492426245950586],[107.16148009562284,10.492431833076152],[107.16140359837676,10.492449683374648]]]},"properties":{"FID":165,"Shape_Leng":230.20207091,"Shape_Area":3417.9847413799998,"Sothua":240,"So_To":72,"LoaidatHT":"LUC","Khuphomoi":"Khu phố Hương Giang","Sothuacu":240,"Sotocu":23,"Phuongcu":"phường Long Hương","Nguoisudun":"HỒ TẤN NHÂN","Quyetdinh":"Quyết định 3693/QĐ-UBND","ID":"240.72"}},{"type":"Feature","id":166,"geometry":{"type":"Polygon","coordinates":[[[107.16206646717502,10.492436337069064],[107.16182142443509,10.492538605447495],[107.16173855307539,10.492325354963109],[107.16175672823172,10.492327557760875],[107.16190227779347,10.492363901829764],[107.16199601695558,10.492406387344351],[107.16206646717502,10.492436337069064]]]},"properties":{"FID":166,"Shape_Leng":92.529142503700001,"Shape_Area":402.33495842299999,"Sothua":226,"So_To":72,"LoaidatHT":"LUC","Khuphomoi":"Khu phố Hương Giang","Sothuacu":226,"Sotocu":23,"Phuongcu":"phường Long Hương","Nguoisudun":"LÝ THỊ THƯƠNG","Quyetdinh":"Quyết định 3693/QĐ-UBND","ID":"226.72"}},{"type":"Feature","id":167,"geometry":{"type":"Polygon","coordinates":[[[107.15461791355412,10.492467786397015],[107.15440618196648,10.492549392581548],[107.15431365639219,10.492493616441024],[107.1543111790356,10.492355914966447],[107.1545003638761,10.492312510234699],[107.154636096872,10.492274340387986],[107.15467856226047,10.492472781852047],[107.15461791355412,10.492467786397015]]]},"properties":{"FID":167,"Shape_Leng":117.806519904,"Shape_Area":806.80865671000004,"Sothua":398,"So_To":71,"LoaidatHT":"LUC","Khuphomoi":"Khu phố Hương Giang","Sothuacu":398,"Sotocu":22,"Phuongcu":"phường Long Hương","Nguoisudun":"Đăng ký: NGUYỄN TIẾT CƯỜNG; Sử dụng: NGUYỄN TIẾT CƯỜNG.","Quyetdinh":"Quyết định 3693/QĐ-UBND","ID":"398.71"}},{"type":"Feature","id":168,"geometry":{"type":"Polygon","coordinates":[[[107.15153626573888,10.492440508566949],[107.15117312034874,10.492609680665717],[107.15114356644175,10.492605555912899],[107.15095240022863,10.492586662060456],[107.15090473622841,10.492575089386651],[107.15044492572761,10.49244746597539],[107.15041029705975,10.492402918191065],[107.15039352248775,10.492385076196717],[107.15024923264838,10.492359578502796],[107.15015726710993,10.492345391534041],[107.15000477137305,10.491885543345536],[107.15017785984354,10.491946535932144],[107.15061486375886,10.492104675752753],[107.15079460902736,10.492171738224645],[107.15133750933491,10.492368591566317],[107.15142085989493,10.492397137825844],[107.15153626573888,10.492440508566949]]]},"properties":{"FID":168,"Shape_Leng":393.22107092499999,"Shape_Area":5597.8572758299997,"Sothua":403,"So_To":71,"LoaidatHT":"LUC","Khuphomoi":"Khu phố Hương Giang","Sothuacu":403,"Sotocu":22,"Phuongcu":"phường Long Hương","Nguoisudun":"Đăng ký: VÕ THỊ KIM HƯƠNG; Sử dụng: VÕ THỊ KIM HƯƠNG.","Quyetdinh":"Quyết định 3693/QĐ-UBND","ID":"403.71"}},{"type":"Feature","id":169,"geometry":{"type":"Polygon","coordinates":[[[107.14762885720982,10.492545934056102],[107.14745578998645,10.492615765220986],[107.14740075970823,10.492492611162033],[107.14719201567435,10.492587780028915],[107.14715195647612,10.492517183872078],[107.14751918232157,10.492336334380184],[107.14762885720982,10.492545934056102]]]},"properties":{"FID":169,"Shape_Leng":140.520320927,"Shape_Area":736.85725758700005,"Sothua":540,"So_To":23,"LoaidatHT":"LUC","Khuphomoi":"Khu phố Núi Dinh","Sothuacu":0,"Sotocu":23,"Phuongcu":"Phường Kim Dinh","Nguoisudun":" ","Quyetdinh":" ","ID":"540.23"}},{"type":"Feature","id":170,"geometry":{"type":"Polygon","coordinates":[[[107.16182142443509,10.492538605447495],[107.16157225463473,10.492642595510873],[107.16148988059113,10.492426245950586],[107.16152490788974,10.492405968066684],[107.16167528086945,10.492306431796566],[107.16168797638016,10.492308082581992],[107.16173855307539,10.492325354963109],[107.16182142443509,10.492538605447495]]]},"properties":{"FID":170,"Shape_Leng":111.98594595,"Shape_Area":815.70374596700003,"Sothua":225,"So_To":72,"LoaidatHT":"LUC","Khuphomoi":"Khu phố Hương Giang","Sothuacu":225,"Sotocu":23,"Phuongcu":"phường Long Hương","Nguoisudun":"NGUYỄN PHI LONG","Quyetdinh":"Quyết định 3693/QĐ-UBND","ID":"225.72"}},{"type":"Feature","id":171,"geometry":{"type":"Polygon","coordinates":[[[107.15038509573979,10.492586224872261],[107.1502097925124,10.492631551609202],[107.15017578180509,10.492456089557551],[107.15016478321128,10.492380033345977],[107.15029327929959,10.49239971424455],[107.15035026436048,10.492409766965451],[107.15038206604595,10.492451868237016],[107.15040902923029,10.492491971339131],[107.15038509573979,10.492586224872261]]]},"properties":{"FID":171,"Shape_Leng":90.583328707600003,"Shape_Area":522.78272035600003,"Sothua":392,"So_To":71,"LoaidatHT":"LUC","Khuphomoi":"Khu phố Hương Giang","Sothuacu":392,"Sotocu":22,"Phuongcu":"phường Long Hương","Nguoisudun":"Đăng ký: NGUYỄN THỊ TUYẾT NGA; Sử dụng: NGUYỄN THỊ TUYẾT NGA.","Quyetdinh":"Quyết định 3693/QĐ-UBND","ID":"392.71"}},{"type":"Feature","id":172,"geometry":{"type":"Polygon","coordinates":[[[107.14720438894501,10.492613932887105],[107.14704464488366,10.492691293135222],[107.14698865792114,10.492590287549618],[107.14715004451723,10.492514196065365],[107.14715195647612,10.492517183872078],[107.14719201567435,10.492587780028915],[107.14720438894501,10.492613932887105]]]},"properties":{"FID":172,"Shape_Leng":64.3404159384,"Shape_Area":247.76179734900001,"Sothua":530,"So_To":23,"LoaidatHT":"LUC","Khuphomoi":"Khu phố Núi Dinh","Sothuacu":0,"Sotocu":23,"Phuongcu":"Phường Kim Dinh","Nguoisudun":" ","Quyetdinh":" ","ID":"530.23"}},{"type":"Feature","id":173,"geometry":{"type":"Polygon","coordinates":[[[107.15113754326174,10.492626258266087],[107.15095376329951,10.492711872307035],[107.15040998500358,10.49265977653868],[107.15038509573979,10.492586224872261],[107.15040902923029,10.492491971339131],[107.15051222630626,10.492508982605891],[107.15060164278712,10.492518644055416],[107.15095930328948,10.492607379043656],[107.15113302273758,10.492625607380951],[107.15113754326174,10.492626258266087]]]},"properties":{"FID":173,"Shape_Leng":182.71080832600001,"Shape_Area":1085.74925196,"Sothua":382,"So_To":71,"LoaidatHT":"LUC","Khuphomoi":"Khu phố Hương Giang","Sothuacu":382,"Sotocu":22,"Phuongcu":"phường Long Hương","Nguoisudun":"Đăng ký: NGUYỄN HUY QUỐC; Sử dụng: NGUYỄN HUY QUỐC.","Quyetdinh":"Quyết định 3693/QĐ-UBND","ID":"382.71"}},{"type":"Feature","id":174,"geometry":{"type":"Polygon","coordinates":[[[107.15019215883956,10.492632784455852],[107.14973238715584,10.492722327893178],[107.14966164892806,10.492548785397672],[107.14963621796088,10.492471616550731],[107.14960750653631,10.492390734353979],[107.14963639174239,10.492381477127985],[107.14977303345596,10.492346203491943],[107.14983308602334,10.492329138682056],[107.15014706544177,10.49237728718607],[107.1501706344858,10.492519639343056],[107.15019215883956,10.492632784455852]]]},"properties":{"FID":174,"Shape_Leng":179.60164708400001,"Shape_Area":2021.0320801,"Sothua":386,"So_To":71,"LoaidatHT":"LUC","Khuphomoi":"Khu phố Hương Giang","Sothuacu":386,"Sotocu":22,"Phuongcu":"phường Long Hương","Nguoisudun":"Đăng ký: NGUYỄN THỊ TƯ; Sử dụng: NGUYỄN THỊ TƯ.","Quyetdinh":"Quyết định 3693/QĐ-UBND","ID":"386.71"}},{"type":"Feature","id":175,"geometry":{"type":"Polygon","coordinates":[[[107.14745578998645,10.492615765220986],[107.14727568383427,10.492735309505372],[107.14720438894501,10.492613932887105],[107.14719201567435,10.492587780028915],[107.14740075970823,10.492492611162033],[107.14745578998645,10.492615765220986]]]},"properties":{"FID":175,"Shape_Leng":82.5408203227,"Shape_Area":411.20329888600003,"Sothua":528,"So_To":23,"LoaidatHT":"LUC","Khuphomoi":"Khu phố Núi Dinh","Sothuacu":0,"Sotocu":23,"Phuongcu":"Phường Kim Dinh","Nguoisudun":" ","Quyetdinh":" ","ID":"528.23"}},{"type":"Feature","id":176,"geometry":{"type":"Polygon","coordinates":[[[107.14708501970522,10.492410099900109],[107.14640069632621,10.492737536360938],[107.14633999840419,10.492616451241863],[107.14671760271939,10.492454066472726],[107.14680136661009,10.492410556726064],[107.14690607836201,10.492352440480669],[107.147008418341,10.492292601258017],[107.14708501970522,10.492410099900109]]]},"properties":{"FID":176,"Shape_Leng":195.262882128,"Shape_Area":1157.91439638,"Sothua":538,"So_To":23,"LoaidatHT":"LUC","Khuphomoi":"Khu phố Núi Dinh","Sothuacu":0,"Sotocu":23,"Phuongcu":"Phường Kim Dinh","Nguoisudun":" ","Quyetdinh":" ","ID":"538.23"}},{"type":"Feature","id":177,"geometry":{"type":"Polygon","coordinates":[[[107.16120005446564,10.492502558774195],[107.16109151149391,10.492799900892273],[107.16080917585228,10.492731207850575],[107.1608086037506,10.492695765508449],[107.16079924983501,10.492618355898445],[107.16089765509619,10.492464115885561],[107.1609221644789,10.49240159699378],[107.16095633603513,10.492302388477986],[107.16098389499982,10.492318170751815],[107.16116016687617,10.492436303093839],[107.16120005446564,10.492502558774195]]]},"properties":{"FID":177,"Shape_Leng":153.89566262700001,"Shape_Area":1498.8895199000001,"Sothua":242,"So_To":72,"LoaidatHT":"LUC","Khuphomoi":"Khu phố Hương Giang","Sothuacu":242,"Sotocu":23,"Phuongcu":"phường Long Hương","Nguoisudun":"NGUYỄN THANH CAO (chết); Sử dụng: ĐẶNG THỊ OANH ( vợ).","Quyetdinh":"Quyết định 3693/QĐ-UBND","ID":"242.72"}},{"type":"Feature","id":178,"geometry":{"type":"Polygon","coordinates":[[[107.1478027145041,10.492728894100836],[107.1475960133306,10.492806708491194],[107.14745578998645,10.492615765220986],[107.14762885720982,10.492545934056102],[107.14782305767702,10.492460320944756],[107.14784921120524,10.492493642015694],[107.147968285133,10.492661760752606],[107.1478027145041,10.492728894100836]]]},"properties":{"FID":178,"Shape_Leng":141.05509702000001,"Shape_Area":1139.65220052,"Sothua":525,"So_To":23,"LoaidatHT":"LUC","Khuphomoi":"Khu phố Núi Dinh","Sothuacu":0,"Sotocu":23,"Phuongcu":"Phường Kim Dinh","Nguoisudun":" ","Quyetdinh":" ","ID":"525.23"}},{"type":"Feature","id":179,"geometry":{"type":"Polygon","coordinates":[[[107.15464791516806,10.49278247338858],[107.15454369775969,10.492820974592902],[107.15440618196648,10.492549392581548],[107.15461791355412,10.492467786397015],[107.15467856226047,10.492472781852047],[107.15467715744877,10.492490952015],[107.15467537925795,10.492513099749948],[107.15467444395588,10.492572045687904],[107.1547197257582,10.492730892975393],[107.15464791516806,10.49278247338858]]]},"properties":{"FID":179,"Shape_Leng":116.31166694700001,"Shape_Area":829.74700345799999,"Sothua":381,"So_To":71,"LoaidatHT":"LUC","Khuphomoi":"Khu phố Hương Giang","Sothuacu":381,"Sotocu":22,"Phuongcu":"phường Long Hương","Nguoisudun":"Đăng ký: NGUYỄN TIẾT CƯỜNG; Sử dụng: NGUYỄN TIẾT CƯỜNG.","Quyetdinh":"Quyết định 3693/QĐ-UBND","ID":"381.71"}},{"type":"Feature","id":180,"geometry":{"type":"Polygon","coordinates":[[[107.14674557757927,10.492726166343685],[107.1464558035879,10.492867923519585],[107.14640069632621,10.492737536360938],[107.14708501970522,10.492410099900109],[107.14715004451723,10.492514196065365],[107.14698865792114,10.492590287549618],[107.14674557757927,10.492726166343685]]]},"properties":{"FID":180,"Shape_Leng":197.95078725499999,"Shape_Area":1230.89929173,"Sothua":526,"So_To":23,"LoaidatHT":"LUC","Khuphomoi":"Khu phố Núi Dinh","Sothuacu":0,"Sotocu":23,"Phuongcu":"Phường Kim Dinh","Nguoisudun":" ","Quyetdinh":" ","ID":"526.23"}},{"type":"Feature","id":181,"geometry":{"type":"Polygon","coordinates":[[[107.14715298197237,10.492789865234295],[107.14694169304877,10.492877977784945],[107.14688276170254,10.49278808753464],[107.14703393700718,10.492701489325302],[107.14704464488366,10.492691293135222],[107.14720438894501,10.492613932887105],[107.14727568383427,10.492735309505372],[107.14715298197237,10.492789865234295]]]},"properties":{"FID":181,"Shape_Leng":107.453482552,"Shape_Area":562.91446755699997,"Sothua":517,"So_To":23,"LoaidatHT":"LUC","Khuphomoi":"Khu phố Núi Dinh","Sothuacu":0,"Sotocu":23,"Phuongcu":"Phường Kim Dinh","Nguoisudun":" ","Quyetdinh":" ","ID":"517.23"}},{"type":"Feature","id":182,"geometry":{"type":"Polygon","coordinates":[[[107.1475960133306,10.492806708491194],[107.14738492655594,10.492932432058993],[107.14736689532421,10.492902923557995],[107.14727568383427,10.492735309505372],[107.14745578998645,10.492615765220986],[107.1475960133306,10.492806708491194]]]},"properties":{"FID":182,"Shape_Leng":101.719746736,"Shape_Area":647.136899567,"Sothua":514,"So_To":23,"LoaidatHT":"LUC","Khuphomoi":"Khu phố Núi Dinh","Sothuacu":0,"Sotocu":23,"Phuongcu":"Phường Kim Dinh","Nguoisudun":"UBND phường","Quyetdinh":"Quyết định 3693/QĐ-UBND","ID":"514.23"}},{"type":"Feature","id":183,"geometry":{"type":"Polygon","coordinates":[[[107.14824130658727,10.492915790944732],[107.14815783981813,10.492947548321089],[107.14800045748895,10.49270097026027],[107.14810937461844,10.492641143181393],[107.14827390969388,10.492542816393913],[107.14834662271757,10.492639512997428],[107.14844403252231,10.49281500501194],[107.14844119797559,10.492816355523063],[107.14837216165273,10.492849315085838],[107.14824130658727,10.492915790944732]]]},"properties":{"FID":183,"Shape_Leng":137.082187148,"Shape_Area":1192.9313724900001,"Sothua":516,"So_To":23,"LoaidatHT":"LUC","Khuphomoi":"Khu phố Núi Dinh","Sothuacu":0,"Sotocu":23,"Phuongcu":"Phường Kim Dinh","Nguoisudun":" ","Quyetdinh":" ","ID":"516.23"}},{"type":"Feature","id":184,"geometry":{"type":"Polygon","coordinates":[[[107.15095376329951,10.492711872307035],[107.15029327320785,10.493019555585041],[107.15029300324659,10.493017493060949],[107.15023604112974,10.492758177025772],[107.1502097925124,10.492631551609202],[107.15038509573979,10.492586224872261],[107.15040998500358,10.49265977653868],[107.15095376329951,10.492711872307035]]]},"properties":{"FID":184,"Shape_Leng":212.07497652999999,"Shape_Area":1765.2346465000001,"Sothua":359,"So_To":71,"LoaidatHT":"LUC","Khuphomoi":"Khu phố Hương Giang","Sothuacu":359,"Sotocu":22,"Phuongcu":"phường Long Hương","Nguoisudun":"Đăng ký: NGUYỄN THỊ TUYẾT NGA; Sử dụng: NGUYỄN THỊ TUYẾT NGA.","Quyetdinh":"Quyết định 3693/QĐ-UBND","ID":"359.71"}},{"type":"Feature","id":185,"geometry":{"type":"Polygon","coordinates":[[[107.14815783981813,10.492947548321089],[107.14798593990821,10.493027597865664],[107.14795479959308,10.492974377401806],[107.1478027145041,10.492728894100836],[107.147968285133,10.492661760752606],[107.14800045748895,10.49270097026027],[107.14815783981813,10.492947548321089]]]},"properties":{"FID":185,"Shape_Leng":116.917739875,"Shape_Area":771.576331923,"Sothua":512,"So_To":23,"LoaidatHT":"LUC","Khuphomoi":"Khu phố Núi Dinh","Sothuacu":0,"Sotocu":23,"Phuongcu":"Phường Kim Dinh","Nguoisudun":" ","Quyetdinh":" ","ID":"512.23"}},{"type":"Feature","id":186,"geometry":{"type":"Polygon","coordinates":[[[107.16094231410366,10.492905586732931],[107.16057024898642,10.493060889672812],[107.16056994985053,10.493053713522988],[107.16057753720494,10.492761427957454],[107.16073808941965,10.492738399454831],[107.16080917585228,10.492731207850575],[107.16109151149391,10.492799900892273],[107.16109420918754,10.492822780058052],[107.16100134802413,10.493043927875513],[107.16099788511913,10.493035791691023],[107.16106984208953,10.492858176903345],[107.16106774998912,10.492853200208231],[107.16094231410366,10.492905586732931]]]},"properties":{"FID":186,"Shape_Leng":201.48836138499999,"Shape_Area":1242.1097623000001,"Sothua":243,"So_To":72,"LoaidatHT":"LUC","Khuphomoi":"Khu phố Hương Giang","Sothuacu":243,"Sotocu":23,"Phuongcu":"phường Long Hương","Nguoisudun":"Đăng ký: NGUYỄN THANH CAO (chết); Sử dụng: ĐẶNG THỊ OANH ( vợ).","Quyetdinh":"Quyết định 3693/QĐ-UBND","ID":"243.72"}},{"type":"Feature","id":187,"geometry":{"type":"Polygon","coordinates":[[[107.14736689532421,10.492902923557995],[107.14702313510919,10.493043041375541],[107.14694169304877,10.492877977784945],[107.14715298197237,10.492789865234295],[107.14727568383427,10.492735309505372],[107.14736689532421,10.492902923557995]]]},"properties":{"FID":187,"Shape_Leng":121.933532789,"Shape_Area":826.47458846500001,"Sothua":508,"So_To":23,"LoaidatHT":"LUC","Khuphomoi":"Khu phố Núi Dinh","Sothuacu":0,"Sotocu":23,"Phuongcu":"Phường Kim Dinh","Nguoisudun":" ","Quyetdinh":" ","ID":"508.23"}},{"type":"Feature","id":188,"geometry":{"type":"Polygon","coordinates":[[[107.16054737542569,10.493070437766512],[107.16052903577354,10.493078092244509],[107.16004927066703,10.493033761404192],[107.16004966303286,10.492971740003103],[107.16012011523082,10.492720527066087],[107.160206984071,10.492725390183686],[107.16029488426518,10.492763977951142],[107.1605456764682,10.492750067495816],[107.16054795149255,10.492754953473584],[107.16054843413114,10.492837500212783],[107.16054638046899,10.493005390770691],[107.16054737542569,10.493070437766512]]]},"properties":{"FID":188,"Shape_Leng":173.717821504,"Shape_Area":1780.28548886,"Sothua":245,"So_To":72,"LoaidatHT":"LUC","Khuphomoi":"Khu phố Hương Giang","Sothuacu":245,"Sotocu":23,"Phuongcu":"phường Long Hương","Nguoisudun":"Đăng ký: NGUYỄN VĂN NON (chết); Sử dụng: TRẦN THỊ THU HÀ (vợ).","Quyetdinh":"Quyết định 3693/QĐ-UBND","ID":"245.72"}},{"type":"Feature","id":189,"geometry":{"type":"Polygon","coordinates":[[[107.14694825383046,10.493075357767616],[107.14689148758815,10.493093602885363],[107.14686013103275,10.49301099831014],[107.14674557757927,10.492726166343685],[107.14698865792114,10.492590287549618],[107.14704464488366,10.492691293135222],[107.14703393700718,10.492701489325302],[107.14688276170254,10.49278808753464],[107.14694169304877,10.492877977784945],[107.14702313510919,10.493043041375541],[107.14694825383046,10.493075357767616]]]},"properties":{"FID":189,"Shape_Leng":155.413458529,"Shape_Area":850.82916090799995,"Sothua":511,"So_To":23,"LoaidatHT":"LUC","Khuphomoi":"Khu phố Núi Dinh","Sothuacu":0,"Sotocu":23,"Phuongcu":"Phường Kim Dinh","Nguoisudun":" ","Quyetdinh":" ","ID":"511.23"}},{"type":"Feature","id":190,"geometry":{"type":"Polygon","coordinates":[[[107.14798593990821,10.493027597865664],[107.14778595464675,10.49312829905351],[107.1475960133306,10.492806708491194],[107.1478027145041,10.492728894100836],[107.14795479959308,10.492974377401806],[107.14798593990821,10.493027597865664]]]},"properties":{"FID":190,"Shape_Leng":128.66523076300001,"Shape_Area":968.57417626599999,"Sothua":506,"So_To":23,"LoaidatHT":"LUC","Khuphomoi":"Khu phố Núi Dinh","Sothuacu":0,"Sotocu":23,"Phuongcu":"Phường Kim Dinh","Nguoisudun":" ","Quyetdinh":" ","ID":"506.23"}},{"type":"Feature","id":191,"geometry":{"type":"Polygon","coordinates":[[[107.14676961794609,10.493048798993254],[107.14656452785675,10.493143793732179],[107.14653709701129,10.493061919097109],[107.14673749844016,10.492982285980998],[107.14676961794609,10.493048798993254]]]},"properties":{"FID":191,"Shape_Leng":66.1425627956,"Shape_Area":213.74423665500001,"Sothua":497,"So_To":23,"LoaidatHT":"LUC","Khuphomoi":"Khu phố Núi Dinh","Sothuacu":0,"Sotocu":23,"Phuongcu":"Phường Kim Dinh","Nguoisudun":"UBND phường","Quyetdinh":"Quyết định 3693/QĐ-UBND","ID":"497.23"}},{"type":"Feature","id":192,"geometry":{"type":"Polygon","coordinates":[[[107.15027643045971,10.493027407268771],[107.14990034684421,10.493202602092898],[107.14986120215281,10.493097777542362],[107.14973238715584,10.492722327893178],[107.15019215883956,10.492632784455852],[107.1502586236254,10.492938680236318],[107.15027643045971,10.493027407268771]]]},"properties":{"FID":192,"Shape_Leng":197.689357067,"Shape_Area":2427.1949567199999,"Sothua":355,"So_To":71,"LoaidatHT":"LUC","Khuphomoi":"Khu phố Hương Giang","Sothuacu":355,"Sotocu":22,"Phuongcu":"phường Long Hương","Nguoisudun":"Đăng ký: NGUYỄN THỊ TƯ; Sử dụng: NGUYỄN THỊ TƯ.","Quyetdinh":"Quyết định 3693/QĐ-UBND","ID":"355.71"}},{"type":"Feature","id":193,"geometry":{"type":"Polygon","coordinates":[[[107.15813908693218,10.493165918349828],[107.15784416557193,10.493230645206275],[107.15778617027874,10.492934892831467],[107.15790193290375,10.492925705588656],[107.15798131667555,10.492926847571059],[107.15813402236479,10.492990281302236],[107.15816168944681,10.493001772635179],[107.15813908693218,10.493165918349828]]]},"properties":{"FID":193,"Shape_Leng":127.57282821,"Shape_Area":1036.2676260200001,"Sothua":343,"So_To":71,"LoaidatHT":"LUC","Khuphomoi":"Khu phố Hương Giang","Sothuacu":343,"Sotocu":22,"Phuongcu":"phường Long Hương","Nguoisudun":"Đăng ký: ĐẶNG THỊ XUÂN; Sử dụng: ĐẶNG THỊ XUÂN.","Quyetdinh":"Quyết định 3693/QĐ-UBND","ID":"343.71"}},{"type":"Feature","id":194,"geometry":{"type":"Polygon","coordinates":[[[107.16052903577354,10.493078092244509],[107.16000684254003,10.493296059966173],[107.16003875686194,10.493086451822494],[107.16004927066703,10.493033761404192],[107.16052903577354,10.493078092244509]]]},"properties":{"FID":194,"Shape_Leng":144.21857442999999,"Shape_Area":776.88568833600004,"Sothua":220,"So_To":72,"LoaidatHT":"LUC","Khuphomoi":"Khu phố Hương Giang","Sothuacu":220,"Sotocu":23,"Phuongcu":"phường Long Hương","Nguoisudun":"UBND phường","Quyetdinh":"Quyết định 3693/QĐ-UBND","ID":"220.72"}},{"type":"Feature","id":195,"geometry":{"type":"Polygon","coordinates":[[[107.15902784515622,10.493274076183466],[107.15876843743288,10.49330297709397],[107.15870616525353,10.493286316053776],[107.15854398505923,10.493252472327361],[107.15855077098541,10.493191185630762],[107.15853787938372,10.493100569666746],[107.15856542184531,10.493076842385621],[107.15859322974401,10.493057546570208],[107.1587034507821,10.492887868908939],[107.15876912262065,10.49289395740205],[107.15883135122189,10.492933312021631],[107.15890282982016,10.49296011650709],[107.15893022899664,10.492964055405221],[107.1589761537851,10.493025710615635],[107.15899703949498,10.493092020743328],[107.15902866426696,10.493179417379123],[107.15904127130884,10.493227810258636],[107.15903353783482,10.493259259032497],[107.15902784515622,10.493274076183466]]]},"properties":{"FID":195,"Shape_Leng":164.787592066,"Shape_Area":1803.9023171199999,"Sothua":342,"So_To":71,"LoaidatHT":"LUC","Khuphomoi":"Khu phố Hương Giang","Sothuacu":342,"Sotocu":22,"Phuongcu":"phường Long Hương","Nguoisudun":"Đăng ký: LÊ THỊ HẬU (già yếu); Sử dụng: VÕ THỊ THU VÂN (con).","Quyetdinh":"Quyết định 3693/QĐ-UBND","ID":"342.71"}},{"type":"Feature","id":196,"geometry":{"type":"Polygon","coordinates":[[[107.158440441366,10.493369723321784],[107.1582846620978,10.493380916160538],[107.15827449838555,10.493249077074283],[107.15817289871707,10.493256211487566],[107.15813908693218,10.493165918349828],[107.15816168944681,10.493001772635179],[107.15848456165011,10.493083382269736],[107.15853787938372,10.493100569666746],[107.15855077098541,10.493191185630762],[107.15854398505923,10.493252472327361],[107.15853227210451,10.493359045299213],[107.158440441366,10.493369723321784]]]},"properties":{"FID":196,"Shape_Leng":153.43227779099999,"Shape_Area":1339.9313501700001,"Sothua":338,"So_To":71,"LoaidatHT":"LUC","Khuphomoi":"Khu phố Hương Giang","Sothuacu":338,"Sotocu":22,"Phuongcu":"phường Long Hương","Nguoisudun":"Đăng ký: LÊ KIM CÚC; Sử dụng: LÊ KIM CÚC.","Quyetdinh":"Quyết định 3693/QĐ-UBND","ID":"338.71"}},{"type":"Feature","id":197,"geometry":{"type":"Polygon","coordinates":[[[107.15785054972385,10.493332008553017],[107.1576016861368,10.493388323222389],[107.15751765991705,10.49294623619492],[107.15768009724742,10.49294066193867],[107.15774716002976,10.492936085979574],[107.15778617027874,10.492934892831467],[107.15784416557193,10.493230645206275],[107.15785054972385,10.493332008553017]]]},"properties":{"FID":197,"Shape_Leng":151.729033297,"Shape_Area":1368.18382608,"Sothua":339,"So_To":71,"LoaidatHT":"LUC","Khuphomoi":"Khu phố Hương Giang","Sothuacu":339,"Sotocu":22,"Phuongcu":"phường Long Hương","Nguoisudun":"Đăng ký: PHẠM MINH KHA (Chết); Sử dụng: PHẠM MINH TUẤN (CON TRAI).","Quyetdinh":"Quyết định 3693/QĐ-UBND","ID":"339.71"}},{"type":"Feature","id":198,"geometry":{"type":"Polygon","coordinates":[[[107.1576016861368,10.493388323222389],[107.15735313121046,10.493426737121668],[107.15734793581777,10.493372209235348],[107.15733236517428,10.493297681400923],[107.15732128117199,10.49321746514053],[107.1573014928172,10.493102967953899],[107.15728350573296,10.493050043535336],[107.15726695309915,10.493011045492647],[107.15729042014168,10.492969047985859],[107.15729948679711,10.492957311687201],[107.15751765991705,10.49294623619492],[107.1576016861368,10.493388323222389]]]},"properties":{"FID":198,"Shape_Leng":155.33394828199999,"Shape_Area":1375.42101159,"Sothua":337,"So_To":71,"LoaidatHT":"LUC","Khuphomoi":"Khu phố Hương Giang","Sothuacu":337,"Sotocu":22,"Phuongcu":"phường Long Hương","Nguoisudun":"Đăng ký: PHẠM HỒNG LO (già yếu); Sử dụng: PHẠM THỊ HỒNG THANH (con).","Quyetdinh":"Quyết định 3693/QĐ-UBND","ID":"337.71"}},{"type":"Feature","id":199,"geometry":{"type":"Polygon","coordinates":[[[107.15795450801221,10.493429394868183],[107.15788111568831,10.493447972586324],[107.15785054972385,10.493332008553017],[107.15784416557193,10.493230645206275],[107.15813908693218,10.493165918349828],[107.15817289871707,10.493256211487566],[107.15827449838555,10.493249077074283],[107.1582846620978,10.493380916160538],[107.15826355140422,10.493385125879879],[107.15818762862312,10.493389234312625],[107.15795450801221,10.493429394868183]]]},"properties":{"FID":199,"Shape_Leng":138.90349478600001,"Shape_Area":1021.70670934,"Sothua":328,"So_To":71,"LoaidatHT":"LUC","Khuphomoi":"Khu phố Hương Giang","Sothuacu":328,"Sotocu":22,"Phuongcu":"phường Long Hương","Nguoisudun":"Đăng ký: NGÔ THIỆN NHƠN; Sử dụng: NGÔ THIỆN NHƠN.","Quyetdinh":"Quyết định 3693/QĐ-UBND","ID":"328.71"}},{"type":"Feature","id":200,"geometry":{"type":"Polygon","coordinates":[[[107.14750677794895,10.493270257586589],[107.14716799535447,10.493434164311676],[107.14710480135371,10.493328081849528],[107.14700223179958,10.493223101484082],[107.14694825383046,10.493075357767616],[107.14702313510919,10.493043041375541],[107.14736689532421,10.492902923557995],[107.14738492655594,10.492932432058993],[107.14755826805779,10.493240067715005],[107.14750677794895,10.493270257586589]]]},"properties":{"FID":200,"Shape_Leng":187.45358123,"Shape_Area":2232.3557346399998,"Sothua":489,"So_To":23,"LoaidatHT":"LUC","Khuphomoi":"Khu phố Núi Dinh","Sothuacu":0,"Sotocu":23,"Phuongcu":"Phường Kim Dinh","Nguoisudun":" ","Quyetdinh":" ","ID":"489.23"}},{"type":"Feature","id":201,"geometry":{"type":"Polygon","coordinates":[[[107.15693065360847,10.493504606885198],[107.15691146657628,10.493506107342286],[107.15679799910149,10.493365668072155],[107.15674460216941,10.493293962918576],[107.15672580196362,10.493284072505286],[107.15669082867923,10.493228404528937],[107.15675061144778,10.493208716468711],[107.15681394964287,10.493192740688157],[107.15701806975767,10.493126036304668],[107.15707211098018,10.493290956914263],[107.15711740544374,10.493443927728423],[107.156988137781,10.493492960367623],[107.15693065360847,10.493504606885198]]]},"properties":{"FID":201,"Shape_Leng":137.44176218499999,"Shape_Area":1140.8492963199999,"Sothua":329,"So_To":71,"LoaidatHT":"LUC","Khuphomoi":"Khu phố Hương Giang","Sothuacu":329,"Sotocu":22,"Phuongcu":"phường Long Hương","Nguoisudun":"Đăng ký: NGUYỄN VĂN CẨN (chết); Sử dụng: VŨ THỊ THẠCH (vợ).","Quyetdinh":"Quyết định 3693/QĐ-UBND","ID":"329.71"}},{"type":"Feature","id":202,"geometry":{"type":"Polygon","coordinates":[[[107.15917396849876,10.493585633649083],[107.15892408012611,10.493604245955146],[107.15904722526591,10.493267240810432],[107.15923654016665,10.493251499422939],[107.15924263890236,10.493263355044768],[107.15923905118954,10.493565231249892],[107.15917396849876,10.493585633649083]]]},"properties":{"FID":202,"Shape_Leng":130.245198504,"Shape_Area":1008.90925567,"Sothua":323,"So_To":71,"LoaidatHT":"LUC","Khuphomoi":"Khu phố Hương Giang","Sothuacu":323,"Sotocu":22,"Phuongcu":"phường Long Hương","Nguoisudun":"Đăng ký: NGUYỄN THỊ NGA; Sử dụng: NGUYỄN THỊ NGA.","Quyetdinh":"Quyết định 3693/QĐ-UBND","ID":"323.71"}},{"type":"Feature","id":203,"geometry":{"type":"Polygon","coordinates":[[[107.15902784515622,10.493274076183466],[107.15891275175203,10.493604315700972],[107.15852542567765,10.4935969953063],[107.15852402660656,10.493564082918519],[107.15853227210451,10.493359045299213],[107.15854398505923,10.493252472327361],[107.15870616525353,10.493286316053776],[107.15876843743288,10.49330297709397],[107.15902784515622,10.493274076183466]]]},"properties":{"FID":203,"Shape_Leng":173.07994236900001,"Shape_Area":1693.0196191499999,"Sothua":322,"So_To":71,"LoaidatHT":"LUC","Khuphomoi":"Khu phố Hương Giang","Sothuacu":322,"Sotocu":22,"Phuongcu":"phường Long Hương","Nguoisudun":"Đăng ký: NGUYỄN THỊ NGA; Sử dụng: NGUYỄN THỊ NGA.","Quyetdinh":"Quyết định 3693/QĐ-UBND","ID":"322.71"}},{"type":"Feature","id":204,"geometry":{"type":"Polygon","coordinates":[[[107.15786823216142,10.493593330426556],[107.15764017282189,10.493614694765251],[107.1576016861368,10.493388323222389],[107.15785054972385,10.493332008553017],[107.15788111568831,10.493447972586324],[107.15786823216142,10.493593330426556]]]},"properties":{"FID":204,"Shape_Leng":107.841910902,"Shape_Area":753.68034092100004,"Sothua":320,"So_To":71,"LoaidatHT":"LUC","Khuphomoi":"Khu phố Hương Giang","Sothuacu":320,"Sotocu":22,"Phuongcu":"phường Long Hương","Nguoisudun":"Đăng ký: PHẠM MINH KHA (Chết); Sử dụng: PHẠM MINH TUẤN (CON TRAI).","Quyetdinh":"Quyết định 3693/QĐ-UBND","ID":"320.71"}},{"type":"Feature","id":205,"geometry":{"type":"Polygon","coordinates":[[[107.15764017282189,10.493614694765251],[107.15741700815028,10.493655777051048],[107.15738383435574,10.493518381018687],[107.15736704848044,10.493457864440515],[107.15735313121046,10.493426737121668],[107.1576016861368,10.493388323222389],[107.15764017282189,10.493614694765251]]]},"properties":{"FID":205,"Shape_Leng":104.141150466,"Shape_Area":666.26149294300001,"Sothua":315,"So_To":71,"LoaidatHT":"LUC","Khuphomoi":"Khu phố Hương Giang","Sothuacu":315,"Sotocu":22,"Phuongcu":"phường Long Hương","Nguoisudun":"Đăng ký: PHẠM VĂN ĐỰC; Sử dụng: PHẠM VĂN ĐỰC.","Quyetdinh":"Quyết định 3693/QĐ-UBND","ID":"315.71"}},{"type":"Feature","id":206,"geometry":{"type":"Polygon","coordinates":[[[107.15135306630818,10.493589805782619],[107.15077885809907,10.493710326409394],[107.150700797692,10.493233012820454],[107.15069165127059,10.493177085098303],[107.15117379437157,10.492951893627305],[107.15118830581478,10.493003535184988],[107.15135306630818,10.493589805782619]]]},"properties":{"FID":206,"Shape_Leng":255.68068864,"Shape_Area":4026.2063156099998,"Sothua":332,"So_To":71,"LoaidatHT":"LUC","Khuphomoi":"Khu phố Hương Giang","Sothuacu":332,"Sotocu":22,"Phuongcu":"phường Long Hương","Nguoisudun":"Đăng ký: TRẦN THỊ ĐẠT; Sử dụng: TRẦN THỊ ĐẠT.","Quyetdinh":"Quyết định 3693/QĐ-UBND","ID":"332.71"}},{"type":"Feature","id":207,"geometry":{"type":"Polygon","coordinates":[[[107.15739278371485,10.493664140160654],[107.15700284238868,10.493782484892224],[107.15694244359369,10.493597752157399],[107.15691690710689,10.493527364590118],[107.15712001257482,10.493465901961944],[107.15732302661789,10.493404439839603],[107.15732591934616,10.493420447771772],[107.15734626284905,10.493483412166192],[107.15739278371485,10.493664140160654]]]},"properties":{"FID":207,"Shape_Leng":150.67168794700001,"Shape_Area":1354.56461393,"Sothua":311,"So_To":71,"LoaidatHT":"LUC","Khuphomoi":"Khu phố Hương Giang","Sothuacu":311,"Sotocu":22,"Phuongcu":"phường Long Hương","Nguoisudun":"Đăng ký: LÊ VĂN RÔ; Sử dụng: LÊ VĂN RÔ.","Quyetdinh":"Quyết định 3693/QĐ-UBND","ID":"311.71"}},{"type":"Feature","id":208,"geometry":{"type":"Polygon","coordinates":[[[107.15848140870173,10.49378117159257],[107.15791675555054,10.493825868323185],[107.15786823216142,10.493593330426556],[107.15788111568831,10.493447972586324],[107.15795450801221,10.493429394868183],[107.15818762862312,10.493389234312625],[107.15826355140422,10.493385125879879],[107.1582846620978,10.493380916160538],[107.158440441366,10.493369723321784],[107.15853227210451,10.493359045299213],[107.15852402660656,10.493564082918519],[107.15852542567765,10.4935969953063],[107.15848140870173,10.49378117159257]]]},"properties":{"FID":208,"Shape_Leng":223.851277616,"Shape_Area":3122.59973145,"Sothua":310,"So_To":71,"LoaidatHT":"LUC","Khuphomoi":"Khu phố Hương Giang","Sothuacu":310,"Sotocu":22,"Phuongcu":"phường Long Hương","Nguoisudun":"Đăng ký: TRẦN NGỌC ĐÔNG; Sử dụng: TRẦN NGỌC ĐÔNG.","Quyetdinh":"Quyết định 3693/QĐ-UBND","ID":"310.71"}},{"type":"Feature","id":209,"geometry":{"type":"Polygon","coordinates":[[[107.15793491630778,10.493931864225278],[107.15771394481536,10.493972770074212],[107.15764017282189,10.493614694765251],[107.15786823216142,10.493593330426556],[107.15791675555054,10.493825868323185],[107.15793491630778,10.493931864225278]]]},"properties":{"FID":209,"Shape_Leng":128.301423927,"Shape_Area":979.50322111399998,"Sothua":302,"So_To":71,"LoaidatHT":"LUC","Khuphomoi":"Khu phố Hương Giang","Sothuacu":302,"Sotocu":22,"Phuongcu":"phường Long Hương","Nguoisudun":"Đăng ký: PHẠM MINH KHA (Chết); Sử dụng: PHẠM MINH TUẤN (CON TRAI).","Quyetdinh":"Quyết định 3693/QĐ-UBND","ID":"302.71"}},{"type":"Feature","id":210,"geometry":{"type":"Polygon","coordinates":[[[107.1576399179513,10.493988364019728],[107.15750777565796,10.494011895949223],[107.15741700815028,10.493655777051048],[107.15764017282189,10.493614694765251],[107.15771394481536,10.493972770074212],[107.1576399179513,10.493988364019728]]]},"properties":{"FID":210,"Shape_Leng":128.91598942900001,"Shape_Area":970.64857515799997,"Sothua":297,"So_To":71,"LoaidatHT":"LUC","Khuphomoi":"Khu phố Hương Giang","Sothuacu":297,"Sotocu":22,"Phuongcu":"phường Long Hương","Nguoisudun":"Đăng ký: PHẠM VĂN ĐỰC; Sử dụng: PHẠM VĂN ĐỰC.","Quyetdinh":"Quyết định 3693/QĐ-UBND","ID":"297.71"}},{"type":"Feature","id":211,"geometry":{"type":"Polygon","coordinates":[[[107.15848140870173,10.49378117159257],[107.15843198637285,10.494069130370921],[107.15825475854987,10.49402178620422],[107.15807151046921,10.493969548829035],[107.15794870092883,10.493937133908512],[107.15793491630778,10.493931864225278],[107.15791675555054,10.493825868323185],[107.15848140870173,10.49378117159257]]]},"properties":{"FID":211,"Shape_Leng":162.759060847,"Shape_Area":1280.2981878000001,"Sothua":290,"So_To":71,"LoaidatHT":"LUC","Khuphomoi":"Khu phố Hương Giang","Sothuacu":290,"Sotocu":22,"Phuongcu":"phường Long Hương","Nguoisudun":"Đăng ký: NGUYỄN THỊ THẠNH (chết); Sử dụng: NGÔ THỊ NGA (CON).","Quyetdinh":"Quyết định 3693/QĐ-UBND","ID":"290.71"}},{"type":"Feature","id":212,"geometry":{"type":"Polygon","coordinates":[[[107.15869140448773,10.49403543744814],[107.15843198637285,10.494069130370921],[107.15848140870173,10.49378117159257],[107.15852542567765,10.4935969953063],[107.15891275175203,10.493604315700972],[107.15890419363431,10.493685398295032],[107.15890807322469,10.493759000361148],[107.15893109004139,10.494002159503125],[107.15869140448773,10.49403543744814]]]},"properties":{"FID":212,"Shape_Leng":195.02740879500001,"Shape_Area":2313.0837054899998,"Sothua":296,"So_To":71,"LoaidatHT":"LUC","Khuphomoi":"Khu phố Hương Giang","Sothuacu":296,"Sotocu":22,"Phuongcu":"phường Long Hương","Nguoisudun":"Đăng ký: NGUYỄN THỊ NGA; Sử dụng: NGUYỄN THỊ NGA.","Quyetdinh":"Quyết định 3693/QĐ-UBND","ID":"296.71"}},{"type":"Feature","id":213,"geometry":{"type":"Polygon","coordinates":[[[107.15721829897765,10.49404697784294],[107.15707518056361,10.494077541795098],[107.15707472858371,10.494074918340727],[107.15707268194458,10.494075439283664],[107.15707262664461,10.49407536644909],[107.15700956720218,10.493992975047451],[107.1570025991123,10.493958063204818],[107.15700414584165,10.49386539409814],[107.15700284238868,10.493782484892224],[107.15739278371485,10.493664140160654],[107.15741012631018,10.493719595134907],[107.15748802825064,10.494019906001672],[107.15731179985671,10.494022922082829],[107.15721829897765,10.49404697784294]]]},"properties":{"FID":213,"Shape_Leng":166.639235719,"Shape_Area":1713.36573793,"Sothua":291,"So_To":71,"LoaidatHT":"LUC","Khuphomoi":"Khu phố Hương Giang","Sothuacu":291,"Sotocu":22,"Phuongcu":"phường Long Hương","Nguoisudun":"Đăng ký: NGUYỄN VĂN ỚN; Sử dụng: NGUYỄN VĂN ỚN.","Quyetdinh":"Quyết định 3693/QĐ-UBND","ID":"291.71"}},{"type":"Feature","id":214,"geometry":{"type":"Polygon","coordinates":[[[107.15169897179112,10.493949299353362],[107.1509382149852,10.494166751529246],[107.15083983417732,10.493972996272147],[107.15077885809907,10.493710326409394],[107.15135306630818,10.493589805782619],[107.15164235206106,10.493558887209174],[107.15168238749932,10.493594584929141],[107.15169897179112,10.493949299353362]]]},"properties":{"FID":214,"Shape_Leng":281.84583137200002,"Shape_Area":4678.5324252199998,"Sothua":294,"So_To":71,"LoaidatHT":"LUC","Khuphomoi":"Khu phố Hương Giang","Sothuacu":294,"Sotocu":22,"Phuongcu":"phường Long Hương","Nguoisudun":"Đăng ký: TRẦN THỊ THANH PHƯƠNG; Sử dụng: TRẦN THỊ THANH PHƯƠNG.","Quyetdinh":"Quyết định 3693/QĐ-UBND","ID":"294.71"}},{"type":"Feature","id":215,"geometry":{"type":"Polygon","coordinates":[[[107.15841370485445,10.494170898941473],[107.1579523196955,10.494195716869196],[107.15793743608243,10.493952030474802],[107.15842611030594,10.494085031549304],[107.15841370485445,10.494170898941473]]]},"properties":{"FID":215,"Shape_Leng":142.70277246500001,"Shape_Area":947.52319858199996,"Sothua":287,"So_To":71,"LoaidatHT":"LUC","Khuphomoi":"Khu phố Hương Giang","Sothuacu":287,"Sotocu":22,"Phuongcu":"phường Long Hương","Nguoisudun":"Đăng ký: NGUYỄN THỊ VẠN; Sử dụng: NGUYỄN THỊ VẠN.","Quyetdinh":"Quyết định 3693/QĐ-UBND","ID":"287.71"}},{"type":"Feature","id":216,"geometry":{"type":"Polygon","coordinates":[[[107.15059937744397,10.494074435914087],[107.1504107276598,10.494193181997851],[107.15035161083047,10.494129752653512],[107.15029025042466,10.494066890719104],[107.15028442523756,10.494056121224707],[107.15007413969225,10.493525644945347],[107.15006850904909,10.493511438663024],[107.15005323882845,10.493475263101937],[107.15069165127059,10.493177085098303],[107.150700797692,10.493233012820454],[107.15077885809907,10.493710326409394],[107.15083983417732,10.493972996272147],[107.15059937744397,10.494074435914087]]]},"properties":{"FID":216,"Shape_Leng":309.63595934300002,"Shape_Area":5825.2146483200004,"Sothua":309,"So_To":71,"LoaidatHT":"LUC","Khuphomoi":"Khu phố Hương Giang","Sothuacu":309,"Sotocu":22,"Phuongcu":"phường Long Hương","Nguoisudun":"Đăng ký: NGUYỄN VĂN TỐT; Sử dụng: NGUYỄN VĂN TỐT.","Quyetdinh":"Quyết định 3693/QĐ-UBND","ID":"309.71"}},{"type":"Feature","id":217,"geometry":{"type":"Polygon","coordinates":[[[107.15414020248663,10.494150529932813],[107.15369191229254,10.494349588085079],[107.15350845942609,10.494023220540583],[107.15364631972609,10.493972035851051],[107.15371946077688,10.493941614251561],[107.15398375937485,10.493839944839683],[107.15403463513805,10.493844470653995],[107.15408582722331,10.494017523230868],[107.15410727914086,10.49407379932838],[107.15414020248663,10.494150529932813]]]},"properties":{"FID":217,"Shape_Leng":192.40814727899999,"Shape_Area":2247.8546729700001,"Sothua":283,"So_To":71,"LoaidatHT":"LUC","Khuphomoi":"Khu phố Hương Giang","Sothuacu":283,"Sotocu":22,"Phuongcu":"phường Long Hương","Nguoisudun":"Đăng ký: ĐOÀN VĂN BA; Sử dụng: ĐOÀN VĂN BA.","Quyetdinh":"Quyết định 3693/QĐ-UBND","ID":"283.71"}},{"type":"Feature","id":218,"geometry":{"type":"Polygon","coordinates":[[[107.15794566884503,10.494378425507186],[107.15759589389513,10.494415927480279],[107.15758193969509,10.494355777637129],[107.15756548376983,10.494266602097763],[107.15752907257247,10.494101713782799],[107.15751130717109,10.494028356875056],[107.15765084964178,10.494004838858039],[107.15778766130552,10.493976162208032],[107.15792355296655,10.493950468055342],[107.15793743608243,10.493952030474802],[107.1579523196955,10.494195716869196],[107.15794566884503,10.494378425507186]]]},"properties":{"FID":218,"Shape_Leng":177.136823612,"Shape_Area":1971.7350484999999,"Sothua":279,"So_To":71,"LoaidatHT":"LUC","Khuphomoi":"Khu phố Hương Giang","Sothuacu":279,"Sotocu":22,"Phuongcu":"phường Long Hương","Nguoisudun":"Đăng ký: NGUYỄN THỊ THẠNH (chết); Sử dụng: NGÔ THỊ NGA (CON).","Quyetdinh":"Quyết định 3693/QĐ-UBND","ID":"279.71"}},{"type":"Feature","id":219,"geometry":{"type":"Polygon","coordinates":[[[107.15748418780005,10.494405683804818],[107.1572715769249,10.49442119926222],[107.15720491035225,10.494409864224426],[107.15717003275383,10.494351303447212],[107.15717351035283,10.494252489674228],[107.15721829897765,10.49404697784294],[107.15731179985671,10.494022922082829],[107.15748802825064,10.494019906001672],[107.15749655250333,10.494052831488482],[107.15752967190843,10.494218978602508],[107.15756195754628,10.494391181587291],[107.15748418780005,10.494405683804818]]]},"properties":{"FID":219,"Shape_Leng":152.89464271899999,"Shape_Area":1579.9375575700001,"Sothua":278,"So_To":71,"LoaidatHT":"LUC","Khuphomoi":"Khu phố Hương Giang","Sothuacu":278,"Sotocu":22,"Phuongcu":"phường Long Hương","Nguoisudun":"Đăng ký: PHẠM VĂN ĐỰC; Sử dụng: PHẠM VĂN ĐỰC.","Quyetdinh":"Quyết định 3693/QĐ-UBND","ID":"278.71"}},{"type":"Feature","id":220,"geometry":{"type":"Polygon","coordinates":[[[107.15369191229254,10.494349588085079],[107.15329795924336,10.494510775722405],[107.15312333494178,10.494296714894924],[107.15327277201372,10.49421110544141],[107.15325931470097,10.494130523517219],[107.15333264462298,10.494097028595574],[107.15350845942609,10.494023220540583],[107.15369191229254,10.494349588085079]]]},"properties":{"FID":220,"Shape_Leng":176.14106694399999,"Shape_Area":1832.10809875,"Sothua":270,"So_To":71,"LoaidatHT":"LUC","Khuphomoi":"Khu phố Hương Giang","Sothuacu":270,"Sotocu":22,"Phuongcu":"phường Long Hương","Nguoisudun":"Đăng ký: ĐOÀN ANH KIỆT; Sử dụng: ĐOÀN ANH KIỆT.","Quyetdinh":"Quyết định 3693/QĐ-UBND","ID":"270.71"}},{"type":"Feature","id":221,"geometry":{"type":"Polygon","coordinates":[[[107.15109550694228,10.494509073659275],[107.15107183124246,10.494516804452838],[107.1509382149852,10.494166751529246],[107.15169897179112,10.493949299353362],[107.15172214290371,10.493966340515636],[107.15179337329435,10.494307508762526],[107.15180940495662,10.494384294467713],[107.15170666455154,10.494461945171015],[107.15163011380179,10.494412707749186],[107.15154579779517,10.494410379283432],[107.15146138301637,10.494412389851474],[107.15140306605775,10.494429549022778],[107.15109550694228,10.494509073659275]]]},"properties":{"FID":221,"Shape_Leng":265.32782376699998,"Shape_Area":3811.6921397000001,"Sothua":273,"So_To":71,"LoaidatHT":"LUC","Khuphomoi":"Khu phố Hương Giang","Sothuacu":273,"Sotocu":22,"Phuongcu":"phường Long Hương","Nguoisudun":"Đăng ký: NGUYỄN VĂN TỐT; Sử dụng: NGUYỄN VĂN TỐT.","Quyetdinh":"Quyết định 3693/QĐ-UBND","ID":"273.71"}},{"type":"Feature","id":222,"geometry":{"type":"Polygon","coordinates":[[[107.15101341929538,10.494535951727729],[107.15086150577935,10.494579334677296],[107.15080683494971,10.494552831196611],[107.15066383436172,10.49442688963653],[107.15044505576599,10.494230013958422],[107.1504107276598,10.494193181997851],[107.15059937744397,10.494074435914087],[107.15083983417732,10.493972996272147],[107.1509382149852,10.494166751529246],[107.15107183124246,10.494516804452838],[107.15101341929538,10.494535951727729]]]},"properties":{"FID":222,"Shape_Leng":208.09995730399999,"Shape_Area":2569.6171272800002,"Sothua":269,"So_To":71,"LoaidatHT":"LUC","Khuphomoi":"Khu phố Hương Giang","Sothuacu":269,"Sotocu":22,"Phuongcu":"phường Long Hương","Nguoisudun":"Đăng ký: NGUYỄN THỊ NỮ; Sử dụng: NGUYỄN THỊ NỮ.","Quyetdinh":"Quyết định 3693/QĐ-UBND","ID":"269.71"}},{"type":"Feature","id":223,"geometry":{"type":"Polygon","coordinates":[[[107.15939021642816,10.494589873249948],[107.15914943105426,10.494721606580876],[107.15912389671091,10.494649773172526],[107.15901235462292,10.494408348198691],[107.15900975130138,10.494335742524605],[107.15900589127894,10.494300113703279],[107.15910451277733,10.494273716063194],[107.15964089387795,10.494107452142277],[107.15967818818669,10.494095858321325],[107.15981846408557,10.494360029464673],[107.15939021642816,10.494589873249948]]]},"properties":{"FID":223,"Shape_Leng":243.30769405800001,"Shape_Area":3316.2648757699999,"Sothua":176,"So_To":72,"LoaidatHT":"LUC","Khuphomoi":"Khu phố Hương Giang","Sothuacu":176,"Sotocu":23,"Phuongcu":"phường Long Hương","Nguoisudun":"VÕ VĂN DẬN (chết); Sử dụng: VÕ TRUNG DŨNG (con).","Quyetdinh":"Quyết định 3693/QĐ-UBND","ID":"176.72"}},{"type":"Feature","id":224,"geometry":{"type":"Polygon","coordinates":[[[107.15761757584401,10.494687834959214],[107.15739515344001,10.494722409296365],[107.15724264679854,10.494693736107724],[107.157194509535,10.494546636954968],[107.1572715769249,10.49442119926222],[107.15748418780005,10.494405683804818],[107.15756195754628,10.494391181587291],[107.15761757584401,10.494687834959214]]]},"properties":{"FID":224,"Shape_Leng":140.39638692700001,"Shape_Area":1314.3674127700001,"Sothua":259,"So_To":71,"LoaidatHT":"LUC","Khuphomoi":"Khu phố Hương Giang","Sothuacu":259,"Sotocu":22,"Phuongcu":"phường Long Hương","Nguoisudun":"Đăng ký: TRẦN NGỌC ĐÔNG; Sử dụng: TRẦN NGỌC ĐÔNG.","Quyetdinh":"Quyết định 3693/QĐ-UBND","ID":"259.71"}},{"type":"Feature","id":225,"geometry":{"type":"Polygon","coordinates":[[[107.15911055356365,10.494652460549785],[107.15856228025731,10.49497086351699],[107.15846756414948,10.494672691987024],[107.15850035760789,10.494626009769098],[107.15863845976699,10.494543088920532],[107.15894467165352,10.494450987026143],[107.15899948053865,10.494404797786377],[107.15899983868766,10.494408505560424],[107.15903703479502,10.494496996796061],[107.15911055356365,10.494652460549785]]]},"properties":{"FID":225,"Shape_Leng":201.106475985,"Shape_Area":2252.7173395300001,"Sothua":247,"So_To":71,"LoaidatHT":"LUC","Khuphomoi":"Khu phố Hương Giang","Sothuacu":247,"Sotocu":22,"Phuongcu":"phường Long Hương","Nguoisudun":"Đăng ký: NGUYỄN THỊ BẠCH TUYẾT; Sử dụng: NGUYỄN THỊ BẠCH TUYẾT.","Quyetdinh":"Quyết định 3693/QĐ-UBND","ID":"247.71"}},{"type":"Feature","id":226,"geometry":{"type":"Polygon","coordinates":[[[107.15183423311596,10.49472745175215],[107.15135883510165,10.494960269775929],[107.15129321783522,10.494878414912996],[107.15114582842571,10.494516492320729],[107.15121126574755,10.494502058834039],[107.15128182529291,10.494484290763499],[107.15147404188197,10.494433028060079],[107.15153661928106,10.494433055286905],[107.15162275736552,10.494437647259412],[107.15168816236482,10.494487225896103],[107.15169764476232,10.49449700800441],[107.15183423311596,10.49472745175215]]]},"properties":{"FID":226,"Shape_Leng":206.30779466199999,"Shape_Area":2724.4245751600001,"Sothua":249,"So_To":71,"LoaidatHT":"LUC","Khuphomoi":"Khu phố Hương Giang","Sothuacu":249,"Sotocu":22,"Phuongcu":"phường Long Hương","Nguoisudun":"Đăng ký: VÕ NGỌC ẤN- NGUYỄN THỊ HẠNH VÕ NGỌC THẠCH; Sử dụng: VÕ NGỌC Ấn- NGUYỄN THỊ HẠNH VÕ NGỌC THẠCH.","Quyetdinh":"Quyết định 3693/QĐ-UBND","ID":"249.71"}},{"type":"Feature","id":227,"geometry":{"type":"Polygon","coordinates":[[[107.15976913220696,10.494842011050096],[107.15935643749782,10.495011579654923],[107.15930772314495,10.494975052737464],[107.15927056796048,10.494913142816806],[107.15914943105426,10.494721606580876],[107.15939021642816,10.494589873249948],[107.15981846408557,10.494360029464673],[107.16002036672504,10.494740403061519],[107.15998060394159,10.494756484041337],[107.15976913220696,10.494842011050096]]]},"properties":{"FID":227,"Shape_Leng":249.321960058,"Shape_Area":3530.0441650600001,"Sothua":175,"So_To":72,"LoaidatHT":"LUC","Khuphomoi":"Khu phố Hương Giang","Sothuacu":175,"Sotocu":23,"Phuongcu":"phường Long Hương","Nguoisudun":"NGUYỄN VĂN AN + TRẦN TUYẾT VÂN","Quyetdinh":"Quyết định 3693/QĐ-UBND","ID":"175.72"}},{"type":"Feature","id":228,"geometry":{"type":"Polygon","coordinates":[[[107.15735508859548,10.495037688730067],[107.15728422192957,10.495072998063229],[107.15725519986891,10.495057755059252],[107.1571861855688,10.494840187064865],[107.15722408354991,10.494741883418799],[107.15722532425185,10.494738662790988],[107.15724264679854,10.494693736107724],[107.15739515344001,10.494722409296365],[107.15761757584401,10.494687834959214],[107.15762628256412,10.494721122534523],[107.15764238243402,10.494805958492579],[107.15766149224474,10.4948928790184],[107.15735508859548,10.495037688730067]]]},"properties":{"FID":228,"Shape_Leng":156.890239157,"Shape_Area":1504.5596468399999,"Sothua":240,"So_To":71,"LoaidatHT":"LUC","Khuphomoi":"Khu phố Hương Giang","Sothuacu":240,"Sotocu":22,"Phuongcu":"phường Long Hương","Nguoisudun":"Đăng ký: PHẠM HỒNG LO (già yếu); Sử dụng: PHẠM THỊ HỒNG THANH (con).","Quyetdinh":"Quyết định 3693/QĐ-UBND","ID":"240.71"}},{"type":"Feature","id":229,"geometry":{"type":"Polygon","coordinates":[[[107.15896670120596,10.495117540446541],[107.15862901676911,10.495234085226786],[107.15859710238995,10.495202652786521],[107.15858878480383,10.495204807086134],[107.15856228025731,10.49497086351699],[107.15911055356365,10.494652460549785],[107.15914009842642,10.494729094039698],[107.15918015522409,10.494802491782414],[107.15922615335835,10.494874002617022],[107.15929126802267,10.494981351275257],[107.15901772423133,10.495092861771862],[107.15896670120596,10.495117540446541]]]},"properties":{"FID":229,"Shape_Leng":220.83967698199999,"Shape_Area":2663.0846119299999,"Sothua":233,"So_To":71,"LoaidatHT":"LUC","Khuphomoi":"Khu phố Hương Giang","Sothuacu":233,"Sotocu":22,"Phuongcu":"phường Long Hương","Nguoisudun":"Đăng ký: NGUYỄN VĂN TRƯỜNG; Sử dụng: NGUYỄN VĂN TRƯỜNG.","Quyetdinh":"Quyết định 3693/QĐ-UBND","ID":"233.71"}},{"type":"Feature","id":230,"geometry":{"type":"Polygon","coordinates":[[[107.16429081978139,10.495247056670252],[107.16429085917636,10.495247468545397],[107.16411146003378,10.495239447328968],[107.16408840137862,10.495210563654931],[107.16405926564313,10.49511033467172],[107.16402574336136,10.495010729374906],[107.16401033187033,10.494947774577328],[107.1640020238563,10.494896405408893],[107.16399395525906,10.494863572033223],[107.16401800695245,10.494849963819755],[107.16409598994139,10.494819187046643],[107.16409955773904,10.494816390715334],[107.16419881757456,10.494738208947304],[107.16450270708532,10.495136819795828],[107.16456274778901,10.495215054179948],[107.16428891349852,10.49523086048638],[107.16429081978139,10.495247056670252]]]},"properties":{"FID":230,"Shape_Leng":188.17616464,"Shape_Area":1959.6718231499999,"Sothua":395,"So_To":72,"LoaidatHT":"HNK","Khuphomoi":"Khu phố Hương Giang","Sothuacu":395,"Sotocu":23,"Phuongcu":"phường Long Hương","Nguoisudun":"VÕ ĐỨC TIẾN","Quyetdinh":"Quyết định 3693/QĐ-UBND","ID":"395.72"}},{"type":"Feature","id":231,"geometry":{"type":"Polygon","coordinates":[[[107.15209218726014,10.495123486495313],[107.15157040845702,10.495389488726531],[107.15135883510165,10.494960269775929],[107.15183423311596,10.49472745175215],[107.15187910725381,10.494764876395399],[107.15188739819394,10.494776554667412],[107.15209218726014,10.495123486495313]]]},"properties":{"FID":231,"Shape_Leng":227.65143411700001,"Shape_Area":3254.0289094999998,"Sothua":226,"So_To":71,"LoaidatHT":"LUC","Khuphomoi":"Khu phố Hương Giang","Sothuacu":226,"Sotocu":22,"Phuongcu":"phường Long Hương","Nguoisudun":"Đăng ký: VÕ NGỌC ẤN- NGUYỄN THỊ HẠNH VÕ NGỌC THẠCH; Sử dụng: VÕ NGỌC Ấn- NGUYỄN THỊ HẠNH VÕ NGỌC THẠCH.","Quyetdinh":"Quyết định 3693/QĐ-UBND","ID":"226.71"}},{"type":"Feature","id":232,"geometry":{"type":"Polygon","coordinates":[[[107.15946154741465,10.495465549428047],[107.15913078120509,10.495546484890271],[107.15896670120596,10.495117540446541],[107.15901772423133,10.495092861771862],[107.15929126802267,10.494981351275257],[107.15933579051121,10.495012083335427],[107.15940055841665,10.495061297496829],[107.15940905819382,10.495107241765965],[107.1594624683996,10.49546166304131],[107.15946154741465,10.495465549428047]]]},"properties":{"FID":232,"Shape_Leng":186.81329736199999,"Shape_Area":2285.2381118899998,"Sothua":214,"So_To":71,"LoaidatHT":"LUC","Khuphomoi":"Khu phố Hương Giang","Sothuacu":214,"Sotocu":22,"Phuongcu":"phường Long Hương","Nguoisudun":"Đăng ký: VÕ ĐÔNG SƠ; Sử dụng: VÕ ĐÔNG SƠ.","Quyetdinh":"Quyết định 3693/QĐ-UBND","ID":"214.71"}},{"type":"Feature","id":233,"geometry":{"type":"Polygon","coordinates":[[[107.15157040845702,10.495389488726531],[107.15128382308112,10.495535415297224],[107.1512571935768,10.495464120695187],[107.15121725198455,10.495379421137928],[107.15110328130085,10.495121352911907],[107.1509852993768,10.494859390041734],[107.15087434135913,10.494602685020439],[107.15087326244023,10.4945939125101],[107.15087353586094,10.494593832025663],[107.15106795646851,10.494536778237544],[107.15114582842571,10.494516492320729],[107.15129321783522,10.494878414912996],[107.15135883510165,10.494960269775929],[107.15157040845702,10.495389488726531]]]},"properties":{"FID":233,"Shape_Leng":287.43607111300003,"Shape_Area":3564.1488316599998,"Sothua":229,"So_To":71,"LoaidatHT":"LUC","Khuphomoi":"Khu phố Hương Giang","Sothuacu":229,"Sotocu":22,"Phuongcu":"phường Long Hương","Nguoisudun":"Đăng ký: VÕ NGỌC ẤN- NGUYỄN THỊ HẠNH VÕ NGỌC THẠCH; Sử dụng: VÕ NGỌC Ấn- NGUYỄN THỊ HẠNH VÕ NGỌC THẠCH.","Quyetdinh":"Quyết định 3693/QĐ-UBND","ID":"229.71"}},{"type":"Feature","id":234,"geometry":{"type":"Polygon","coordinates":[[[107.15913078120509,10.495546484890271],[107.1587894831633,10.495641776592366],[107.15873608837427,10.495568534522787],[107.1586647874835,10.495399603971912],[107.15866182119476,10.495374193157559],[107.15862901676911,10.495234085226786],[107.15896670120596,10.495117540446541],[107.15913078120509,10.495546484890271]]]},"properties":{"FID":234,"Shape_Leng":177.73079832499999,"Shape_Area":2021.85959738,"Sothua":212,"So_To":71,"LoaidatHT":"LUC","Khuphomoi":"Khu phố Hương Giang","Sothuacu":212,"Sotocu":22,"Phuongcu":"phường Long Hương","Nguoisudun":"Đăng ký: ĐỖ VĂN PHƯỚC; Sử dụng: ĐỖ VĂN PHƯỚC.","Quyetdinh":"Quyết định 3693/QĐ-UBND","ID":"212.71"}},{"type":"Feature","id":235,"geometry":{"type":"Polygon","coordinates":[[[107.15271361370561,10.495628968401254],[107.1524790817671,10.495737383158993],[107.15244319627598,10.495680899227908],[107.15233055800302,10.495489919374773],[107.15260583356618,10.495381582063748],[107.15271361370561,10.495628968401254]]]},"properties":{"FID":235,"Shape_Leng":122.44004246199999,"Shape_Area":935.35860219999995,"Sothua":199,"So_To":71,"LoaidatHT":"LUC","Khuphomoi":"Khu phố Hương Giang","Sothuacu":199,"Sotocu":22,"Phuongcu":"phường Long Hương","Nguoisudun":"Đăng ký: ĐỖ THỊ NẶNG; Sử dụng: ĐỖ THỊ NẶNG.","Quyetdinh":"Quyết định 3693/QĐ-UBND","ID":"199.71"}},{"type":"Feature","id":236,"geometry":{"type":"Polygon","coordinates":[[[107.15211881438492,10.495624324569038],[107.15178415967159,10.495826758444773],[107.15157040845702,10.495389488726531],[107.15209218726014,10.495123486495313],[107.15213934376587,10.495209375273271],[107.15227284654522,10.495429597400223],[107.15231445591742,10.495502004223104],[107.15211881438492,10.495624324569038]]]},"properties":{"FID":236,"Shape_Leng":234.748933421,"Shape_Area":3383.35192882,"Sothua":204,"So_To":71,"LoaidatHT":"LUC","Khuphomoi":"Khu phố Hương Giang","Sothuacu":204,"Sotocu":22,"Phuongcu":"phường Long Hương","Nguoisudun":"Đăng ký: VÕ NGỌC ẤN- NGUYỄN THỊ HẠNH VÕ NGỌC THẠCH; Sử dụng: VÕ NGỌC Ấn- NGUYỄN THỊ HẠNH VÕ NGỌC THẠCH.","Quyetdinh":"Quyết định 3693/QĐ-UBND","ID":"204.71"}},{"type":"Feature","id":237,"geometry":{"type":"Polygon","coordinates":[[[107.15969008972816,10.495816498765169],[107.1595478798591,10.495849324559778],[107.15950322431064,10.49559970664299],[107.1594930487678,10.495521933785207],[107.15949661336548,10.49552103645691],[107.15958261853616,10.495499768622699],[107.1596919348377,10.495469864396194],[107.15975892723894,10.495454166811705],[107.15999400784166,10.495681988399728],[107.16003094221531,10.495715871144267],[107.15985104460344,10.495774665369744],[107.15969008972816,10.495816498765169]]]},"properties":{"FID":237,"Shape_Leng":163.29296163999999,"Shape_Area":1569.79843385,"Sothua":144,"So_To":72,"LoaidatHT":"LUC","Khuphomoi":"Khu phố Hương Giang","Sothuacu":144,"Sotocu":23,"Phuongcu":"phường Long Hương","Nguoisudun":"ĐẶNG THỊ XUÂN","Quyetdinh":"Quyết định 3693/QĐ-UBND","ID":"144.72"}},{"type":"Feature","id":238,"geometry":{"type":"Polygon","coordinates":[[[107.14799821866082,10.495842844257476],[107.1477481710733,10.495942455312191],[107.14780004360114,10.49580964970856],[107.14781923261316,10.495807335400896],[107.14798685144007,10.495815880258313],[107.14799821866082,10.495842844257476]]]},"properties":{"FID":238,"Shape_Leng":68.996713123899994,"Shape_Area":203.288684354,"Sothua":317,"So_To":23,"LoaidatHT":"LUK","Khuphomoi":"Khu phố Núi Dinh","Sothuacu":0,"Sotocu":23,"Phuongcu":"Phường Kim Dinh","Nguoisudun":" ","Quyetdinh":" ","ID":"317.23"}},{"type":"Feature","id":239,"geometry":{"type":"Polygon","coordinates":[[[107.16067004515926,10.495964151181573],[107.1606508498261,10.495969992117214],[107.16036025145182,10.495631766811123],[107.16037579119464,10.495627003714048],[107.16048052097953,10.495607217108214],[107.16067004515926,10.495964151181573]]]},"properties":{"FID":239,"Shape_Leng":109.39105024600001,"Shape_Area":339.00671192300001,"Sothua":503,"So_To":72,"LoaidatHT":"LUC","Khuphomoi":"Khu phố Hương Giang","Sothuacu":503,"Sotocu":23,"Phuongcu":"phường Long Hương","Nguoisudun":"ĐẶNG THỊ YẾN (CHẾT); Sử dụng: ĐẶNG THỊ NGỌC BÍCH (con).","Quyetdinh":"Quyết định 3693/QĐ-UBND","ID":"503.72"}},{"type":"Feature","id":240,"geometry":{"type":"Polygon","coordinates":[[[107.16014475070023,10.495822225010473],[107.16033532820066,10.496008645445977],[107.16018096193412,10.495996605138783],[107.15996336659397,10.495942496809121],[107.15985104460344,10.495774665369744],[107.16003094221531,10.495715871144267],[107.16006686508733,10.495753096782369],[107.16014475070023,10.495822225010473]]]},"properties":{"FID":240,"Shape_Leng":131.03460516600001,"Shape_Area":798.57621073099995,"Sothua":142,"So_To":72,"LoaidatHT":"LUC","Khuphomoi":"Khu phố Hương Giang","Sothuacu":142,"Sotocu":23,"Phuongcu":"phường Long Hương","Nguoisudun":"ĐẶNG THỊ XUÂN","Quyetdinh":"Quyết định 3693/QĐ-UBND","ID":"142.72"}},{"type":"Feature","id":241,"geometry":{"type":"Polygon","coordinates":[[[107.1606508498261,10.495969992117214],[107.1604856532491,10.496032250495945],[107.16011286601004,10.495678682908453],[107.16034886183841,10.495615923379402],[107.16036025145182,10.495631766811123],[107.1606508498261,10.495969992117214]]]},"properties":{"FID":241,"Shape_Leng":153.92780750399999,"Shape_Area":1110.8573722799999,"Sothua":140,"So_To":72,"LoaidatHT":"LUC","Khuphomoi":"Khu phố Hương Giang","Sothuacu":140,"Sotocu":23,"Phuongcu":"phường Long Hương","Nguoisudun":"ĐẶNG THỊ YẾN (CHẾT); Sử dụng: ĐẶNG THỊ NGỌC BÍCH (con).","Quyetdinh":"Quyết định 3693/QĐ-UBND","ID":"140.72"}},{"type":"Feature","id":242,"geometry":{"type":"Polygon","coordinates":[[[107.14839926968955,10.495887453150917],[107.14807119610093,10.496039084393527],[107.14799821866082,10.495842844257476],[107.14830697043445,10.495761606822626],[107.14839926968955,10.495887453150917]]]},"properties":{"FID":242,"Shape_Leng":114.972973246,"Shape_Area":737.82825442199999,"Sothua":312,"So_To":23,"LoaidatHT":"LUK","Khuphomoi":"Khu phố Núi Dinh","Sothuacu":0,"Sotocu":23,"Phuongcu":"Phường Kim Dinh","Nguoisudun":"UBND phường","Quyetdinh":"Quyết định 3693/QĐ-UBND","ID":"312.23"}},{"type":"Feature","id":243,"geometry":{"type":"Polygon","coordinates":[[[107.15286056445906,10.495982572106943],[107.15259655033236,10.496077369050399],[107.15249061087079,10.495775286689559],[107.1524790817671,10.495737383158993],[107.15271361370561,10.495628968401254],[107.15272009592688,10.495631331372284],[107.152726577235,10.495633694349348],[107.15273378920929,10.495636329850498],[107.15274717078687,10.49566465015733],[107.15280421167111,10.495785369575264],[107.15285370695578,10.495890339358521],[107.1528545983091,10.495901823706987],[107.15286056445906,10.495982572106943]]]},"properties":{"FID":243,"Shape_Leng":142.46469151900001,"Shape_Area":1306.5438855699999,"Sothua":171,"So_To":71,"LoaidatHT":"LUC","Khuphomoi":"Khu phố Hương Giang","Sothuacu":171,"Sotocu":22,"Phuongcu":"phường Long Hương","Nguoisudun":"Đăng ký: ĐỖ THỊ NẶNG; Sử dụng: ĐỖ THỊ NẶNG.","Quyetdinh":"Quyết định 3693/QĐ-UBND","ID":"171.71"}},{"type":"Feature","id":244,"geometry":{"type":"Polygon","coordinates":[[[107.15181578532795,10.495960445794715],[107.15152029498044,10.496081491771083],[107.1514427910532,10.495909926449174],[107.15128382308112,10.495535415297224],[107.15157040845702,10.495389488726531],[107.15178415967159,10.495826758444773],[107.15181578532795,10.495960445794715]]]},"properties":{"FID":244,"Shape_Leng":204.98423160999999,"Shape_Area":2458.9411943499999,"Sothua":183,"So_To":71,"LoaidatHT":"LUC","Khuphomoi":"Khu phố Hương Giang","Sothuacu":183,"Sotocu":22,"Phuongcu":"phường Long Hương","Nguoisudun":"Đăng ký: VÕ NGỌC ẤN- NGUYỄN THỊ HẠNH VÕ NGỌC THẠCH; Sử dụng: VÕ NGỌC Ấn- NGUYỄN THỊ HẠNH VÕ NGỌC THẠCH.","Quyetdinh":"Quyết định 3693/QĐ-UBND","ID":"183.71"}},{"type":"Feature","id":245,"geometry":{"type":"Polygon","coordinates":[[[107.1595478798591,10.495849324559778],[107.15934365235776,10.4961164721791],[107.15929005836371,10.496099827394501],[107.15879653631326,10.495920166900218],[107.1587894831633,10.495641776592366],[107.15913078120509,10.495546484890271],[107.15946154741465,10.495465549428047],[107.1594624683996,10.49546166304131],[107.1594930487678,10.495521933785207],[107.15950322431064,10.49559970664299],[107.1595478798591,10.495849324559778]]]},"properties":{"FID":245,"Shape_Leng":252.378078453,"Shape_Area":4124.2977611899996,"Sothua":177,"So_To":71,"LoaidatHT":"LUC","Khuphomoi":"Khu phố Hương Giang","Sothuacu":177,"Sotocu":22,"Phuongcu":"phường Long Hương","Nguoisudun":"Đăng ký: LÊ VĂN DỮNG (chết); Sử dụng: LÊ THÀNH ĐÔNG (con). Đăng ký: TRẦN VĂN HÙNG PHONG; Sử dụng: TRẦN VĂN HÙNG PHONG.","Quyetdinh":"Quyết định 3693/QĐ-UBND","ID":"177.71"}},{"type":"Feature","id":246,"geometry":{"type":"Polygon","coordinates":[[[107.15902840785569,10.496153949215669],[107.15890302400096,10.496177494692731],[107.15879351285926,10.496069339620579],[107.15877683309763,10.496049327471702],[107.15879504130201,10.495938065596009],[107.15883959408191,10.495952613583299],[107.15918686370043,10.496080829971492],[107.15932380362133,10.496129364616134],[107.15931341693829,10.496162887641239],[107.15902840785569,10.496153949215669]]]},"properties":{"FID":246,"Shape_Leng":143.01187368500001,"Shape_Area":779.07253250999997,"Sothua":158,"So_To":71,"LoaidatHT":"LUC","Khuphomoi":"Khu phố Hương Giang","Sothuacu":158,"Sotocu":22,"Phuongcu":"phường Long Hương","Nguoisudun":"Đăng ký: LÊ VĂN DỮNG (chết); Sử dụng: LÊ THÀNH ĐÔNG (con).","Quyetdinh":"Quyết định 3693/QĐ-UBND","ID":"158.71"}},{"type":"Feature","id":247,"geometry":{"type":"Polygon","coordinates":[[[107.15253573629509,10.495967405430619],[107.15185229120618,10.496169092694672],[107.15181578532795,10.495960445794715],[107.15178415967159,10.495826758444773],[107.15211881438492,10.495624324569038],[107.15231445591742,10.495502004223104],[107.15239996361558,10.495644743406018],[107.15243664991723,10.495712169108822],[107.15245513535925,10.495743215146279],[107.15253573629509,10.495967405430619]]]},"properties":{"FID":247,"Shape_Leng":242.15000288799999,"Shape_Area":3488.3746467400001,"Sothua":166,"So_To":71,"LoaidatHT":"LUC","Khuphomoi":"Khu phố Hương Giang","Sothuacu":166,"Sotocu":22,"Phuongcu":"phường Long Hương","Nguoisudun":"Đăng ký: VÕ NGỌC ẤN- NGUYỄN THỊ HẠNH VÕ NGỌC THẠCH; Sử dụng: VÕ NGỌC Ấn- NGUYỄN THỊ HẠNH VÕ NGỌC THẠCH.","Quyetdinh":"Quyết định 3693/QĐ-UBND","ID":"166.71"}},{"type":"Feature","id":248,"geometry":{"type":"Polygon","coordinates":[[[107.15758978687194,10.496136985347372],[107.15747602988279,10.496243820335096],[107.1573888907301,10.496097405566122],[107.15775749266106,10.495812088966321],[107.15778883430794,10.495856539591896],[107.15756952588659,10.496049883753095],[107.15760890044724,10.49611841834826],[107.15758978687194,10.496136985347372]]]},"properties":{"FID":248,"Shape_Leng":137.02834583500001,"Shape_Area":572.65395502499996,"Sothua":187,"So_To":71,"LoaidatHT":"ODT","Khuphomoi":"Khu phố Hương Giang","Sothuacu":187,"Sotocu":22,"Phuongcu":"phường Long Hương","Nguoisudun":"Đăng ký: VÕ NGỌC ẤN- NGUYỄN THỊ HẠNH VÕ NGỌC THẠCH; Sử dụng: VÕ NGỌC Ấn- NGUYỄN THỊ HẠNH VÕ NGỌC THẠCH.","Quyetdinh":"Quyết định 3693/QĐ-UBND","ID":"187.71"}},{"type":"Feature","id":249,"geometry":{"type":"Polygon","coordinates":[[[107.14777294052553,10.496172508492327],[107.14763945160944,10.496229666502918],[107.14763129079606,10.496198459006591],[107.14758123667761,10.496005426908463],[107.1477481710733,10.495942455312191],[107.14799821866082,10.495842844257476],[107.14807119610093,10.496039084393527],[107.14784983606226,10.496137936659753],[107.14777294052553,10.496172508492327]]]},"properties":{"FID":249,"Shape_Leng":149.59683434799999,"Shape_Area":1220.28640114,"Sothua":299,"So_To":23,"LoaidatHT":"LUK","Khuphomoi":"Khu phố Núi Dinh","Sothuacu":0,"Sotocu":23,"Phuongcu":"Phường Kim Dinh","Nguoisudun":"NGUYỄN HỮU SANG (chết); Sử dụng: LÊ VĂN SANG (con rễ).","Quyetdinh":"Quyết định 3693/QĐ-UBND","ID":"299.23"}},{"type":"Feature","id":250,"geometry":{"type":"Polygon","coordinates":[[[107.15236133348759,10.496161552226834],[107.15188093547135,10.496333062270493],[107.15185229120618,10.496169092694672],[107.15253573629509,10.495967405430619],[107.1525729673486,10.49608464833169],[107.15236133348759,10.496161552226834]]]},"properties":{"FID":250,"Shape_Leng":190.71106811199999,"Shape_Area":1265.29263883,"Sothua":167,"So_To":71,"LoaidatHT":"LUC","Khuphomoi":"Khu phố Hương Giang","Sothuacu":167,"Sotocu":22,"Phuongcu":"phường Long Hương","Nguoisudun":"Đăng ký: VÕ NGỌC ẤN- NGUYỄN THỊ HẠNH VÕ NGỌC THẠCH; Sử dụng: VÕ NGỌC Ấn- NGUYỄN THỊ HẠNH VÕ NGỌC THẠCH.","Quyetdinh":"Quyết định 3693/QĐ-UBND","ID":"167.71"}},{"type":"Feature","id":251,"geometry":{"type":"Polygon","coordinates":[[[107.15279620904062,10.496528082773228],[107.15276045884841,10.496543837501934],[107.15275003392176,10.49650159626195],[107.15271660061238,10.496405154622149],[107.15268660675089,10.496325355385832],[107.15265153870145,10.496223758517232],[107.15259655033236,10.496077369050399],[107.15286056445906,10.495982572106943],[107.15298966789443,10.496257936407718],[107.15305272289993,10.496390145130363],[107.15279620904062,10.496528082773228]]]},"properties":{"FID":251,"Shape_Leng":171.439495104,"Shape_Area":1726.8060179500001,"Sothua":145,"So_To":71,"LoaidatHT":"LUC","Khuphomoi":"Khu phố Hương Giang","Sothuacu":145,"Sotocu":22,"Phuongcu":"phường Long Hương","Nguoisudun":"Đăng ký: LÊ THỊ CÚC - NGUYỄN LÊ THÚY VI; Sử dụng: LÊ THỊ CÚC - NGUYỄN LÊ THÚY VI.","Quyetdinh":"Quyết định 3693/QĐ-UBND","ID":"145.71"}},{"type":"Feature","id":252,"geometry":{"type":"Polygon","coordinates":[[[107.14822531896084,10.496413226592953],[107.14795673601104,10.496555115279667],[107.14794899652,10.496542081024176],[107.14784983606226,10.496137936659753],[107.14807119610093,10.496039084393527],[107.14839926968955,10.495887453150917],[107.14859842013867,10.496172173607405],[107.14851780519253,10.496240100484393],[107.14850330254734,10.496228590659806],[107.14831842099808,10.496359969476478],[107.14822531896084,10.496413226592953]]]},"properties":{"FID":252,"Shape_Leng":235.90641454499999,"Shape_Area":3209.8231754100002,"Sothua":284,"So_To":23,"LoaidatHT":"LUK","Khuphomoi":"Khu phố Núi Dinh","Sothuacu":0,"Sotocu":23,"Phuongcu":"Phường Kim Dinh","Nguoisudun":" ","Quyetdinh":" ","ID":"284.23"}},{"type":"Feature","id":253,"geometry":{"type":"Polygon","coordinates":[[[107.15892179842739,10.496249045050734],[107.15914203988288,10.496593740678867],[107.15883825636087,10.4964648817308],[107.15883257760566,10.49632798879915],[107.15888955942688,10.496244554326603],[107.15892179842739,10.496249045050734]]]},"properties":{"FID":253,"Shape_Leng":111.181131342,"Shape_Area":556.95350502300005,"Sothua":132,"So_To":71,"LoaidatHT":"CLN","Khuphomoi":"Khu phố Hương Giang","Sothuacu":132,"Sotocu":22,"Phuongcu":"phường Long Hương","Nguoisudun":"Đăng ký: NGUYỄN THỊ VẠN; Sử dụng: NGUYỄN THỊ VẠN.","Quyetdinh":"Quyết định 3693/QĐ-UBND","ID":"132.71"}},{"type":"Feature","id":254,"geometry":{"type":"Polygon","coordinates":[[[107.14795673601104,10.496555115279667],[107.14790727846355,10.496573012997645],[107.14777294052553,10.496172508492327],[107.14784983606226,10.496137936659753],[107.14794899652,10.496542081024176],[107.14795673601104,10.496555115279667]]]},"properties":{"FID":254,"Shape_Leng":109.392766296,"Shape_Area":340.14964833599998,"Sothua":272,"So_To":23,"LoaidatHT":"LUK","Khuphomoi":"Khu phố Núi Dinh","Sothuacu":0,"Sotocu":23,"Phuongcu":"Phường Kim Dinh","Nguoisudun":" ","Quyetdinh":" ","ID":"272.23"}},{"type":"Feature","id":255,"geometry":{"type":"Polygon","coordinates":[[[107.15254565689035,10.496605726924567],[107.15247539958612,10.496608487917861],[107.15236133348759,10.496161552226834],[107.1525729673486,10.49608464833169],[107.15259515286148,10.496139117342089],[107.15266276418015,10.496324949362148],[107.1526890179673,10.496401938634262],[107.15274763380899,10.496562167325541],[107.15275525663927,10.496588671993104],[107.15267866879685,10.496605976982982],[107.15254565689035,10.496605726924567]]]},"properties":{"FID":255,"Shape_Leng":165.80101949600001,"Shape_Area":1532.58068641,"Sothua":135,"So_To":71,"LoaidatHT":"LUC","Khuphomoi":"Khu phố Hương Giang","Sothuacu":135,"Sotocu":22,"Phuongcu":"phường Long Hương","Nguoisudun":"Đăng ký: LÊ THỊ CÚC - NGUYỄN LÊ THÚY VI; Sử dụng: LÊ THỊ CÚC - NGUYỄN LÊ THÚY VI.","Quyetdinh":"Quyết định 3693/QĐ-UBND","ID":"135.71"}},{"type":"Feature","id":256,"geometry":{"type":"Polygon","coordinates":[[[107.15188093547135,10.496333062270493],[107.15190030935891,10.496614820356891],[107.15173985800173,10.496584139501618],[107.15163062773311,10.496331325138835],[107.15154757729664,10.496146006790967],[107.15152029498044,10.496081491771083],[107.15181578532795,10.495960445794715],[107.15185229120618,10.496169092694672],[107.15188093547135,10.496333062270493]]]},"properties":{"FID":256,"Shape_Leng":186.58995331599999,"Shape_Area":1746.74857101,"Sothua":140,"So_To":71,"LoaidatHT":"LUC","Khuphomoi":"Khu phố Hương Giang","Sothuacu":140,"Sotocu":22,"Phuongcu":"phường Long Hương","Nguoisudun":"Đăng ký: VÕ NGỌC ẤN- NGUYỄN THỊ HẠNH VÕ NGỌC THẠCH; Sử dụng: VÕ NGỌC Ấn- NGUYỄN THỊ HẠNH VÕ NGỌC THẠCH.","Quyetdinh":"Quyết định 3693/QĐ-UBND","ID":"140.71"}},{"type":"Feature","id":257,"geometry":{"type":"Polygon","coordinates":[[[107.14790727846355,10.496573012997645],[107.14774398966715,10.496639969485702],[107.14763945160944,10.496229666502918],[107.14777294052553,10.496172508492327],[107.14790727846355,10.496573012997645]]]},"properties":{"FID":257,"Shape_Leng":128.789013826,"Shape_Area":818.62677181000004,"Sothua":268,"So_To":23,"LoaidatHT":"LUK","Khuphomoi":"Khu phố Núi Dinh","Sothuacu":0,"Sotocu":23,"Phuongcu":"Phường Kim Dinh","Nguoisudun":" ","Quyetdinh":" ","ID":"268.23"}},{"type":"Feature","id":258,"geometry":{"type":"Polygon","coordinates":[[[107.15224219354855,10.49664412358635],[107.15209353589306,10.496656592305705],[107.15195674585942,10.496625594890254],[107.15190030935891,10.496614820356891],[107.15188093547135,10.496333062270493],[107.15236133348759,10.496161552226834],[107.15247539958612,10.496608487917861],[107.1523396821277,10.496637345880751],[107.15228312349862,10.496642844804578],[107.15224219354855,10.49664412358635]]]},"properties":{"FID":258,"Shape_Leng":202.07530082900001,"Shape_Area":2579.5905609400002,"Sothua":127,"So_To":71,"LoaidatHT":"LUC","Khuphomoi":"Khu phố Hương Giang","Sothuacu":127,"Sotocu":22,"Phuongcu":"phường Long Hương","Nguoisudun":"Đăng ký: PHAN NGỌC HUY; Sử dụng: PHAN NGỌC HUY.","Quyetdinh":"Quyết định 3693/QĐ-UBND","ID":"127.71"}},{"type":"Feature","id":259,"geometry":{"type":"Polygon","coordinates":[[[107.15317719863596,10.496649588058263],[107.15295325298987,10.496810822730074],[107.15289809840047,10.496751047602771],[107.15282973091399,10.496673345974598],[107.15280221849871,10.496633694335017],[107.15278942148974,10.4965898214933],[107.15276045884841,10.496543837501934],[107.15279620904062,10.496528082773228],[107.15305272289993,10.496390145130363],[107.15307473481842,10.496440364551379],[107.15317719863596,10.496649588058263]]]},"properties":{"FID":259,"Shape_Leng":135.08385303200001,"Shape_Area":1158.2873384500001,"Sothua":119,"So_To":71,"LoaidatHT":"LUC","Khuphomoi":"Khu phố Hương Giang","Sothuacu":119,"Sotocu":22,"Phuongcu":"phường Long Hương","Nguoisudun":"Đăng ký: LÊ THỊ CÚC - NGUYỄN LÊ THÚY VI; Sử dụng: LÊ THỊ CÚC - NGUYỄN LÊ THÚY VI.","Quyetdinh":"Quyết định 3693/QĐ-UBND","ID":"119.71"}},{"type":"Feature","id":260,"geometry":{"type":"Polygon","coordinates":[[[107.15208892884102,10.496677107025961],[107.15199002419584,10.496945622727528],[107.15195494252931,10.496898814235307],[107.15184360601896,10.496743187794346],[107.15179031430924,10.496664610079334],[107.15176198969992,10.496619351942645],[107.15198372665449,10.496656927756021],[107.15204436159372,10.496669970459886],[107.15208892884102,10.496677107025961]]]},"properties":{"FID":260,"Shape_Leng":111.900639493,"Shape_Area":581.04003776699994,"Sothua":110,"So_To":71,"LoaidatHT":"LUC","Khuphomoi":"Khu phố Hương Giang","Sothuacu":110,"Sotocu":22,"Phuongcu":"phường Long Hương","Nguoisudun":"Đăng ký: HTX NN QUYẾT THẮNG; Sử dụng: HTX NN QUYẾT THẮNG.","Quyetdinh":"Quyết định 3693/QĐ-UBND","ID":"110.71"}},{"type":"Feature","id":261,"geometry":{"type":"Polygon","coordinates":[[[107.14809160454747,10.496870634086889],[107.14782086892596,10.496944710987695],[107.14779549942637,10.496835988778823],[107.14777679581564,10.49677673344447],[107.14774398966715,10.496639969485702],[107.14790727846355,10.496573012997645],[107.14795673601104,10.496555115279667],[107.14808321002965,10.496865374515391],[107.14809160454747,10.496870634086889]]]},"properties":{"FID":261,"Shape_Leng":128.748980534,"Shape_Area":1000.7597254,"Sothua":233,"So_To":23,"LoaidatHT":"LUK","Khuphomoi":"Khu phố Núi Dinh","Sothuacu":0,"Sotocu":23,"Phuongcu":"Phường Kim Dinh","Nguoisudun":"NGUYỄN THỊ ANH (già yếu); Sử dụng: NGUYỄN THỊ NGỌC HIỀN (con).","Quyetdinh":"Quyết định 3693/QĐ-UBND","ID":"233.23"}},{"type":"Feature","id":262,"geometry":{"type":"Polygon","coordinates":[[[107.15278444648867,10.497040059205641],[107.15269657744196,10.497080127717103],[107.15257468186211,10.496904772073952],[107.15233481221871,10.496652073350495],[107.15246239297156,10.496626184475339],[107.1525278089631,10.496623142663466],[107.15267479738061,10.496623780651804],[107.1527425238333,10.496607001191764],[107.15276682693944,10.496605328890528],[107.15277917952213,10.496642783034311],[107.15285656524372,10.496733520047789],[107.15296277769852,10.496846100625792],[107.15300883798135,10.496884883570745],[107.15294852032073,10.496944351373347],[107.15278444648867,10.497040059205641]]]},"properties":{"FID":262,"Shape_Leng":191.68285547900001,"Shape_Area":1982.53827439,"Sothua":105,"So_To":71,"LoaidatHT":"LUC","Khuphomoi":"Khu phố Hương Giang","Sothuacu":105,"Sotocu":22,"Phuongcu":"phường Long Hương","Nguoisudun":"Đăng ký: HTX NN QUYẾT THẮNG; Sử dụng: HTX NN QUYẾT THẮNG.","Quyetdinh":"Quyết định 3693/QĐ-UBND","ID":"105.71"}},{"type":"Feature","id":263,"geometry":{"type":"Polygon","coordinates":[[[107.15785711023801,10.496942687440045],[107.15779934291312,10.497151248439421],[107.15774786894617,10.497124933425622],[107.15768854911755,10.497092817612717],[107.1573617046125,10.496600731915189],[107.15746501790595,10.496556608528163],[107.15756047121471,10.496515844702332],[107.15757708554335,10.496522476207298],[107.15771234958767,10.496635380857567],[107.15781733316223,10.496866577053815],[107.15783060823142,10.496891978407236],[107.15785711023801,10.496942687440045]]]},"properties":{"FID":263,"Shape_Leng":185.399138373,"Shape_Area":1803.7281871499999,"Sothua":108,"So_To":71,"LoaidatHT":"HNK","Khuphomoi":"Khu phố Hương Giang","Sothuacu":108,"Sotocu":22,"Phuongcu":"phường Long Hương","Nguoisudun":"Đăng ký: NGUYỄN VĂN TẢNG; Sử dụng: NGUYỄN VĂN TẢNG.","Quyetdinh":"Quyết định 3693/QĐ-UBND","ID":"108.71"}},{"type":"Feature","id":264,"geometry":{"type":"Polygon","coordinates":[[[107.15823123066301,10.49697927763313],[107.15818543576214,10.497185239240343],[107.15779934291312,10.497151248439421],[107.15785711023801,10.496942687440045],[107.15793740974529,10.496943379235804],[107.15823293012348,10.496950168284103],[107.15823123066301,10.49697927763313]]]},"properties":{"FID":264,"Shape_Leng":134.092501309,"Shape_Area":1045.02632451,"Sothua":92,"So_To":71,"LoaidatHT":"HNK","Khuphomoi":"Khu phố Hương Giang","Sothuacu":92,"Sotocu":22,"Phuongcu":"phường Long Hương","Nguoisudun":"Đăng ký: NGUYỄN VĂN TẢNG; Sử dụng: NGUYỄN VĂN TẢNG.","Quyetdinh":"Quyết định 3693/QĐ-UBND","ID":"92.71"}},{"type":"Feature","id":265,"geometry":{"type":"Polygon","coordinates":[[[107.15968408323319,10.497201408089424],[107.15957402441664,10.497236915774991],[107.15957980702638,10.497125992362466],[107.1595930274751,10.496995371910893],[107.15966323373245,10.497019371067307],[107.15969413416641,10.497055593282264],[107.15968408323319,10.497201408089424]]]},"properties":{"FID":265,"Shape_Leng":69.038873588399994,"Shape_Area":265.14774803900002,"Sothua":105,"So_To":72,"LoaidatHT":"ODT","Khuphomoi":"Khu phố Hương Giang","Sothuacu":105,"Sotocu":23,"Phuongcu":"phường Long Hương","Nguoisudun":"NGUYỄN THỊ VẠN","Quyetdinh":"Quyết định 3693/QĐ-UBND","ID":"105.72"}},{"type":"Feature","id":266,"geometry":{"type":"Polygon","coordinates":[[[107.15519868130592,10.497135451544745],[107.15508110709014,10.497231428796862],[107.15484530242065,10.496902286116883],[107.15509111007096,10.497064006216275],[107.15519868130592,10.497135451544745]]]},"properties":{"FID":266,"Shape_Leng":107.837660727,"Shape_Area":372.525295357,"Sothua":1068,"So_To":71,"LoaidatHT":"LUC","Khuphomoi":"Khu phố Hương Giang","Sothuacu":0,"Sotocu":22,"Phuongcu":"phường Long Hương","Nguoisudun":" ","Quyetdinh":" ","ID":"1068.71"}},{"type":"Feature","id":267,"geometry":{"type":"Polygon","coordinates":[[[107.15774786894617,10.497124933425622],[107.15764594541889,10.497301769085887],[107.15762487043233,10.497295628847189],[107.15762267746931,10.497287169460952],[107.15757841141027,10.497297264941544],[107.15758066330973,10.497282751352298],[107.15755315047946,10.497247076191817],[107.15747613667909,10.497147210337543],[107.15743303269791,10.497091256145907],[107.15741904497293,10.497048555838665],[107.15739755372287,10.496965794640591],[107.15737524307481,10.49687931433157],[107.15728147614034,10.496802560979781],[107.15724626833969,10.496773744763811],[107.15714885326516,10.496694000968601],[107.15725514835889,10.496619971431199],[107.15727296899328,10.496616840654232],[107.1573617046125,10.496600731915189],[107.15768854911755,10.497092817612717],[107.15774786894617,10.497124933425622]]]},"properties":{"FID":267,"Shape_Leng":214.26579464899999,"Shape_Area":1711.62993295,"Sothua":101,"So_To":71,"LoaidatHT":"HNK","Khuphomoi":"Khu phố Hương Giang","Sothuacu":101,"Sotocu":22,"Phuongcu":"phường Long Hương","Nguoisudun":"Đăng ký: NGUYỄN THỊ TẮT (chết); Sử dụng: PHẠM NGỌC QUÝ (con).","Quyetdinh":"Quyết định 3693/QĐ-UBND","ID":"101.71"}},{"type":"Feature","id":268,"geometry":{"type":"Polygon","coordinates":[[[107.15892857166888,10.497060317939418],[107.1588915424859,10.497316384153864],[107.15818543576214,10.497185239240343],[107.15823123066301,10.49697927763313],[107.15823293012348,10.496950168284103],[107.15826106852845,10.496949768300647],[107.15844125505237,10.496979577674963],[107.15892857166888,10.497060317939418]]]},"properties":{"FID":268,"Shape_Leng":211.038810351,"Shape_Area":2161.64167782,"Sothua":90,"So_To":71,"LoaidatHT":"HNK","Khuphomoi":"Khu phố Hương Giang","Sothuacu":90,"Sotocu":22,"Phuongcu":"phường Long Hương","Nguoisudun":"Đăng ký: PHẠM MINH KHA (Chết); Sử dụng: PHẠM MINH TUẤN (CON TRAI).","Quyetdinh":"Quyết định 3693/QĐ-UBND","ID":"90.71"}},{"type":"Feature","id":269,"geometry":{"type":"Polygon","coordinates":[[[107.15241214463548,10.497293205419435],[107.15237162774062,10.497318292838841],[107.15233542393892,10.497285133520991],[107.15207928212388,10.497038191122083],[107.15199565545602,10.496962269282035],[107.15199002419584,10.496945622727528],[107.15208892884102,10.496677107025961],[107.15214384109812,10.496672960574131],[107.15233481221871,10.496652073350495],[107.15257468186211,10.496904772073952],[107.15269657744196,10.497080127717103],[107.15256626245687,10.497197778511675],[107.15241214463548,10.497293205419435]]]},"properties":{"FID":269,"Shape_Leng":223.98311789799999,"Shape_Area":3337.1009641700002,"Sothua":98,"So_To":71,"LoaidatHT":"LUC","Khuphomoi":"Khu phố Hương Giang","Sothuacu":98,"Sotocu":22,"Phuongcu":"phường Long Hương","Nguoisudun":"Đăng ký: HTX NN QUYẾT THẮNG; Sử dụng: HTX NN QUYẾT THẮNG.","Quyetdinh":"Quyết định 3693/QĐ-UBND","ID":"98.71"}},{"type":"Feature","id":270,"geometry":{"type":"Polygon","coordinates":[[[107.15934077327859,10.497152310060496],[107.15931594686722,10.497332905152307],[107.15919539882375,10.497311524902512],[107.15889098662907,10.497320904352948],[107.1588915424859,10.497316384153864],[107.15892857166888,10.497060317939418],[107.15902001580436,10.49706103041173],[107.15917613253244,10.497065841334255],[107.15930741166339,10.497064910011781],[107.15935535071229,10.497076391686017],[107.15934077327859,10.497152310060496]]]},"properties":{"FID":270,"Shape_Leng":151.49319575600001,"Shape_Area":1311.13046715,"Sothua":89,"So_To":71,"LoaidatHT":"HNK","Khuphomoi":"Khu phố Hương Giang","Sothuacu":89,"Sotocu":22,"Phuongcu":"phường Long Hương","Nguoisudun":"Đăng ký: PHAN VĂN THẬM; Sử dụng: PHAN VĂN THẬM.","Quyetdinh":"Quyết định 3693/QĐ-UBND","ID":"89.71"}},{"type":"Feature","id":271,"geometry":{"type":"Polygon","coordinates":[[[107.15818543576214,10.497185239240343],[107.15796314626256,10.497389155325376],[107.15794652557572,10.497386091299735],[107.15794579495535,10.497385957978247],[107.15788835670357,10.497373374691939],[107.15780056716123,10.49737185436738],[107.15779716953527,10.497332971310367],[107.1577727462017,10.497349561581963],[107.15766936083386,10.497286804425006],[107.15767141122045,10.497316578830812],[107.15764594541889,10.497301769085887],[107.15774786894617,10.497124933425622],[107.15779934291312,10.497151248439421],[107.15818543576214,10.497185239240343]]]},"properties":{"FID":271,"Shape_Leng":149.86996017499999,"Shape_Area":980.81661023300001,"Sothua":87,"So_To":71,"LoaidatHT":"HNK","Khuphomoi":"Khu phố Hương Giang","Sothuacu":87,"Sotocu":22,"Phuongcu":"phường Long Hương","Nguoisudun":"Đăng ký: TRẦN THỊ HÓA; Sử dụng: TRẦN THỊ HÓA.","Quyetdinh":"Quyết định 3693/QĐ-UBND","ID":"87.71"}},{"type":"Feature","id":272,"geometry":{"type":"Polygon","coordinates":[[[107.14911649460663,10.497306186569162],[107.14897767694283,10.497426441599663],[107.14873642954514,10.497179072569725],[107.14888139291237,10.49704617122601],[107.14903796780955,10.496907776418926],[107.14913910992526,10.497043132343613],[107.14924928962958,10.497182031544584],[107.14911649460663,10.497306186569162]]]},"properties":{"FID":272,"Shape_Leng":161.032639542,"Shape_Area":1619.3886314199999,"Sothua":197,"So_To":23,"LoaidatHT":"LUK","Khuphomoi":"Khu phố Núi Dinh","Sothuacu":0,"Sotocu":23,"Phuongcu":"Phường Kim Dinh","Nguoisudun":" ","Quyetdinh":" ","ID":"197.23"}},{"type":"Feature","id":273,"geometry":{"type":"Polygon","coordinates":[[[107.15532391863046,10.497427804578445],[107.15524900196738,10.497465782071238],[107.15508110709014,10.497231428796862],[107.15519868130592,10.497135451544745],[107.15530473057429,10.49703730374279],[107.15542167706481,10.497183967948393],[107.15548283226262,10.497307402723639],[107.15549720411637,10.497340068062986],[107.15540923168082,10.497386375296587],[107.15532391863046,10.497427804578445]]]},"properties":{"FID":273,"Shape_Leng":134.731096423,"Shape_Area":1155.09398018,"Sothua":72,"So_To":71,"LoaidatHT":"LUC","Khuphomoi":"Khu phố Hương Giang","Sothuacu":72,"Sotocu":22,"Phuongcu":"phường Long Hương","Nguoisudun":"Đăng ký: NGUYỄN VĂN BÚP; Sử dụng: NGUYỄN VĂN BÚP.","Quyetdinh":"Quyết định 3693/QĐ-UBND","ID":"72.71"}},{"type":"Feature","id":274,"geometry":{"type":"Polygon","coordinates":[[[107.1594930442982,10.49740221851116],[107.15940154123328,10.497480254257736],[107.15931594686722,10.497332905152307],[107.15934077327859,10.497152310060496],[107.15935535071229,10.497076391686017],[107.15937389137724,10.497080818208657],[107.15938931997364,10.497084501251049],[107.15945706824341,10.497103703385116],[107.1594741174693,10.497124562562355],[107.15953189691655,10.497195248410684],[107.15956917922783,10.49723844455111],[107.15958893907859,10.49732048425555],[107.1594930442982,10.49740221851116]]]},"properties":{"FID":274,"Shape_Leng":114.79393878099999,"Shape_Area":826.72862844199994,"Sothua":70,"So_To":72,"LoaidatHT":"HNK","Khuphomoi":"Khu phố Hương Giang","Sothuacu":70,"Sotocu":23,"Phuongcu":"phường Long Hương","Nguoisudun":"PHAN VĂN THẬM","Quyetdinh":"Quyết định 3693/QĐ-UBND","ID":"70.72"}},{"type":"Feature","id":275,"geometry":{"type":"Polygon","coordinates":[[[107.15480390389621,10.497075350105865],[107.15436440960627,10.497497647507343],[107.15431861614773,10.497444546349321],[107.15421715862328,10.497329623925372],[107.15446441166627,10.497114005104571],[107.15466844568685,10.496882109445998],[107.15480390389621,10.497075350105865]]]},"properties":{"FID":275,"Shape_Leng":187.81382555499999,"Shape_Area":1637.9299138199999,"Sothua":1026,"So_To":71,"LoaidatHT":"LUC","Khuphomoi":"Khu phố Hương Giang","Sothuacu":0,"Sotocu":22,"Phuongcu":"phường Long Hương","Nguoisudun":" ","Quyetdinh":" ","ID":"1026.71"}},{"type":"Feature","id":276,"geometry":{"type":"Polygon","coordinates":[[[107.15889098662907,10.497320904352948],[107.15885367210592,10.497535199459289],[107.15881988190499,10.497529079756486],[107.1587576006435,10.497517029374256],[107.15862262236722,10.497493452178086],[107.15860252263776,10.49748993190248],[107.15853285025175,10.497477733767925],[107.15852481266033,10.497476156985719],[107.15844171249734,10.49745986356168],[107.15842810558344,10.49745719664959],[107.15837842674716,10.49744743037647],[107.15832820023029,10.497437572011107],[107.15828902384675,10.497429904441129],[107.15823002219345,10.497422471004215],[107.15818472093883,10.497416962706446],[107.1581418855654,10.497411728678705],[107.15810087674727,10.497406499406544],[107.15803447828073,10.497397967427105],[107.15796314626256,10.497389155325376],[107.15818543576214,10.497185239240343],[107.1588915424859,10.497316384153864],[107.15889098662907,10.497320904352948]]]},"properties":{"FID":276,"Shape_Leng":235.30918625300001,"Shape_Area":2201.0750274000002,"Sothua":1024,"So_To":71,"LoaidatHT":"HNK","Khuphomoi":"Khu phố Hương Giang","Sothuacu":0,"Sotocu":22,"Phuongcu":"phường Long Hương","Nguoisudun":" ","Quyetdinh":" ","ID":"1024.71"}},{"type":"Feature","id":277,"geometry":{"type":"Polygon","coordinates":[[[107.14896476871616,10.497440701926411],[107.14880365295038,10.497611907654038],[107.14867218824961,10.497519891256356],[107.14851911569887,10.497358579527457],[107.14873433459542,10.497176175499053],[107.14873642954514,10.497179072569725],[107.14897767694283,10.497426441599663],[107.14896476871616,10.497440701926411]]]},"properties":{"FID":277,"Shape_Leng":139.57988407900001,"Shape_Area":1224.46156161,"Sothua":170,"So_To":23,"LoaidatHT":"LUK","Khuphomoi":"Khu phố Núi Dinh","Sothuacu":0,"Sotocu":23,"Phuongcu":"Phường Kim Dinh","Nguoisudun":" ","Quyetdinh":" ","ID":"170.23"}},{"type":"Feature","id":278,"geometry":{"type":"Polygon","coordinates":[[[107.14919981151132,10.497589421484726],[107.14916823674827,10.497619106390308],[107.14896476871616,10.497440701926411],[107.14897767694283,10.497426441599663],[107.14911649460663,10.497306186569162],[107.14924928962958,10.497182031544584],[107.14939746480327,10.497372989151984],[107.14941023168073,10.497384404916698],[107.14933343917588,10.497459933591211],[107.14919981151132,10.497589421484726]]]},"properties":{"FID":278,"Shape_Leng":137.71446380200001,"Shape_Area":1146.23190881,"Sothua":169,"So_To":23,"LoaidatHT":"LUK","Khuphomoi":"Khu phố Núi Dinh","Sothuacu":0,"Sotocu":23,"Phuongcu":"Phường Kim Dinh","Nguoisudun":"UBND phường","Quyetdinh":"Quyết định 3693/QĐ-UBND","ID":"169.23"}},{"type":"Feature","id":279,"geometry":{"type":"Polygon","coordinates":[[[107.15495009504619,10.497618234465016],[107.15480723599501,10.497703405316965],[107.15473917957651,10.497654094098742],[107.15491312164394,10.49746175330178],[107.15500613982434,10.49733421470037],[107.1551304764339,10.497507767483908],[107.15509259589629,10.497529355777546],[107.15495009504619,10.497618234465016]]]},"properties":{"FID":279,"Shape_Leng":120.231038523,"Shape_Area":673.57241984400002,"Sothua":1067,"So_To":71,"LoaidatHT":"HNK","Khuphomoi":"Khu phố Hương Giang","Sothuacu":0,"Sotocu":22,"Phuongcu":"phường Long Hương","Nguoisudun":" ","Quyetdinh":" ","ID":"1067.71"}},{"type":"Feature","id":280,"geometry":{"type":"Polygon","coordinates":[[[107.15940154123328,10.497480254257736],[107.15912910596917,10.497728468673101],[107.15891333580892,10.497626445520659],[107.15889996068974,10.497605989751129],[107.15886083689173,10.497546158460935],[107.15885367210592,10.497535199459289],[107.15889098662907,10.497320904352948],[107.15919539882375,10.497311524902512],[107.15931594686722,10.497332905152307],[107.15940154123328,10.497480254257736]]]},"properties":{"FID":280,"Shape_Leng":168.383443755,"Shape_Area":1933.66735152,"Sothua":68,"So_To":71,"LoaidatHT":"HNK","Khuphomoi":"Khu phố Hương Giang","Sothuacu":68,"Sotocu":22,"Phuongcu":"phường Long Hương","Nguoisudun":"Đăng ký: NGUYỄN THỊ NGÀNH; Sử dụng: NGUYỄN THỊ NGÀNH.","Quyetdinh":"Quyết định 3693/QĐ-UBND","ID":"68.71"}},{"type":"Feature","id":281,"geometry":{"type":"Polygon","coordinates":[[[107.14855162540995,10.497648318023623],[107.14848177515771,10.497724492818746],[107.14810816028985,10.49771022406077],[107.14799788989347,10.497712907670216],[107.14799262494793,10.49769571984535],[107.14799431569294,10.497624208028164],[107.14796997479925,10.497503644119769],[107.14796387020651,10.49749513334111],[107.1479623058858,10.497489593484799],[107.14823928453154,10.497411482831243],[107.1485025863371,10.497355383314853],[107.14851911569887,10.497358579527457],[107.14867218824961,10.497519891256356],[107.14855162540995,10.497648318023623]]]},"properties":{"FID":281,"Shape_Leng":196.449353758,"Shape_Area":2254.67565203,"Sothua":155,"So_To":23,"LoaidatHT":"LUK","Khuphomoi":"Khu phố Núi Dinh","Sothuacu":0,"Sotocu":23,"Phuongcu":"Phường Kim Dinh","Nguoisudun":" ","Quyetdinh":" ","ID":"155.23"}},{"type":"Feature","id":282,"geometry":{"type":"Polygon","coordinates":[[[107.15472849008023,10.497654526343627],[107.15457521178702,10.497741847503599],[107.15446291148724,10.497611715909054],[107.15490240574555,10.497189418368491],[107.15500613982434,10.49733421470037],[107.15491312164394,10.49746175330178],[107.15473917957651,10.497654094098742],[107.15472849008023,10.497654526343627]]]},"properties":{"FID":282,"Shape_Leng":172.14979583900001,"Shape_Area":1464.4361756400001,"Sothua":1062,"So_To":71,"LoaidatHT":"CLN","Khuphomoi":"Khu phố Hương Giang","Sothuacu":0,"Sotocu":22,"Phuongcu":"phường Long Hương","Nguoisudun":" ","Quyetdinh":" ","ID":"1062.71"}},{"type":"Feature","id":283,"geometry":{"type":"Polygon","coordinates":[[[107.14916823674827,10.497619106390308],[107.14901904142138,10.49776737003269],[107.14880365295038,10.497611907654038],[107.14896476871616,10.497440701926411],[107.14916823674827,10.497619106390308]]]},"properties":{"FID":283,"Shape_Leng":107.994250186,"Shape_Area":719.08801330699998,"Sothua":147,"So_To":23,"LoaidatHT":"HNK","Khuphomoi":"Khu phố Núi Dinh","Sothuacu":0,"Sotocu":23,"Phuongcu":"Phường Kim Dinh","Nguoisudun":" ","Quyetdinh":" ","ID":"147.23"}},{"type":"Feature","id":284,"geometry":{"type":"Polygon","coordinates":[[[107.1626091433552,10.497868812156248],[107.16260531747912,10.497872457120385],[107.16253839085036,10.497809633377837],[107.16268054799028,10.497654768517442],[107.16274481584692,10.497713220462071],[107.16275004247137,10.49770810357065],[107.16275010067631,10.497708199883501],[107.16275344817423,10.497713643417484],[107.1626091433552,10.497868812156248]]]},"properties":{"FID":284,"Shape_Leng":68.245467662300001,"Shape_Area":237.65097284800001,"Sothua":14,"So_To":137,"LoaidatHT":"TSC","Khuphomoi":"Khu phố Hương Giang","Sothuacu":0,"Sotocu":59,"Phuongcu":"Phường Long Hương","Nguoisudun":"Trụ sở khu Hương Giang","Quyetdinh":" ","ID":"14.137"}},{"type":"Feature","id":285,"geometry":{"type":"Polygon","coordinates":[[[107.16224455355416,10.497821248871768],[107.16213466663794,10.497875537736631],[107.16213325817071,10.497864469146863],[107.16212935198388,10.497818062653323],[107.1621845105398,10.49779762314156],[107.16220533998731,10.497794443581707],[107.16223418732156,10.49779315808026],[107.16223696987359,10.497793136425019],[107.1622615666151,10.497798905287592],[107.16227197317998,10.497807703668277],[107.16224455355416,10.497821248871768]]]},"properties":{"FID":285,"Shape_Leng":39.681626259399998,"Shape_Area":71.310955072900001,"Sothua":18,"So_To":137,"LoaidatHT":"ODT","Khuphomoi":"Khu phố Hương Giang","Sothuacu":0,"Sotocu":59,"Phuongcu":"Phường Long Hương","Nguoisudun":" ","Quyetdinh":" ","ID":"18.137"}},{"type":"Feature","id":286,"geometry":{"type":"Polygon","coordinates":[[[107.16275662379557,10.497928702142403],[107.16269332442427,10.49794742659482],[107.1626091433552,10.497868812156248],[107.16275344817423,10.497713643417484],[107.16275010067631,10.497708199883501],[107.16275004247137,10.49770810357065],[107.16288765335453,10.497590425816739],[107.16300114499616,10.49779808470832],[107.16298686968317,10.497805680054695],[107.16290505095684,10.497849838647511],[107.16275662379557,10.497928702142403]]]},"properties":{"FID":286,"Shape_Leng":120.421721956,"Shape_Area":812.89806143999999,"Sothua":15,"So_To":137,"LoaidatHT":"CAN","Khuphomoi":"Khu phố Hương Giang","Sothuacu":0,"Sotocu":59,"Phuongcu":"Phường Long Hương","Nguoisudun":"Công an phường Long Hương","Quyetdinh":" ","ID":"15.137"}},{"type":"Feature","id":287,"geometry":{"type":"Polygon","coordinates":[[[107.15537792591397,10.497944967507925],[107.15537719138611,10.49794677472663],[107.15519924048388,10.497512105631239],[107.15527605910334,10.497470117607168],[107.15550302684244,10.49735255560765],[107.15553616596081,10.497412199389609],[107.1555706601428,10.497479981077175],[107.15563386216816,10.49763162936747],[107.15569650329822,10.497789966152629],[107.15572233199983,10.497850951087367],[107.15537792591397,10.497944967507925]]]},"properties":{"FID":287,"Shape_Leng":189.09560239499999,"Shape_Area":2178.0083258599998,"Sothua":54,"So_To":71,"LoaidatHT":"HNK","Khuphomoi":"Khu phố Hương Giang","Sothuacu":54,"Sotocu":22,"Phuongcu":"phường Long Hương","Nguoisudun":"Đăng ký: HUỲNH THỊ NGỌC MAI; Sử dụng: HUỲNH THỊ NGỌC MAI.","Quyetdinh":"Quyết định 3693/QĐ-UBND","ID":"54.71"}},{"type":"Feature","id":288,"geometry":{"type":"Polygon","coordinates":[[[107.12427397432982,10.497893912811058],[107.12419026326447,10.497908936941812],[107.12413728664085,10.497768515481852],[107.12409292502412,10.497613644452445],[107.12439964617543,10.497546441134102],[107.1244408049651,10.497749042100166],[107.12446106737286,10.497849256918826],[107.12441434400458,10.497869597763296],[107.12427397432982,10.497893912811058]]]},"properties":{"FID":288,"Shape_Leng":133.47368935599999,"Shape_Area":1135.3179440199999,"Sothua":75,"So_To":21,"LoaidatHT":"ODT","Khuphomoi":"Khu phố Kim Hải","Sothuacu":0,"Sotocu":21,"Phuongcu":"Phường Kim Dinh","Nguoisudun":"UBND phường","Quyetdinh":"Quyết định 3693/QĐ-UBND","ID":"75.21"}},{"type":"Feature","id":289,"geometry":{"type":"Polygon","coordinates":[[[107.16277324170113,10.498020418425472],[107.16276855421653,10.498025581356984],[107.16269332442427,10.49794742659482],[107.16275662379557,10.497928702142403],[107.16290505095684,10.497849838647511],[107.16298686968317,10.497805680054695],[107.16300114499616,10.49779808470832],[107.16288765335453,10.497590425816739],[107.16275004247137,10.49770810357065],[107.16274481584692,10.497713220462071],[107.16268054799028,10.497654768517442],[107.16253839085036,10.497809633377837],[107.16247641122564,10.497752962610889],[107.16258127015251,10.497699539401452],[107.16268431531158,10.497647167912708],[107.16272592205094,10.497626088500697],[107.16276846172619,10.497594704557567],[107.1628543920023,10.497529542960718],[107.16310027964504,10.497787759409436],[107.16285785500322,10.497971916024605],[107.16277324170113,10.498020418425472]]]},"properties":{"FID":289,"Shape_Leng":270.97064800999999,"Shape_Area":801.09082487199998,"Sothua":109,"So_To":137,"LoaidatHT":"HNK","Khuphomoi":"Khu phố Hương Giang","Sothuacu":0,"Sotocu":59,"Phuongcu":"Phường Long Hương","Nguoisudun":" ","Quyetdinh":" ","ID":"109.137"}},{"type":"Feature","id":290,"geometry":{"type":"Polygon","coordinates":[[[107.15495204551195,10.498073672227205],[107.15494245914654,10.498076333972811],[107.15486229272926,10.49786236050268],[107.15480764700408,10.497727274452494],[107.15484834331026,10.497704386355281],[107.15498800340707,10.49762056582019],[107.15506308595108,10.497578574251708],[107.15512428408555,10.497535652844237],[107.15516643973031,10.497514214495963],[107.15519924048388,10.497512105631239],[107.15537719138611,10.49794677472663],[107.15537342727553,10.497956712557817],[107.15495204551195,10.498073672227205]]]},"properties":{"FID":290,"Shape_Leng":192.88265168000001,"Shape_Area":2341.7110913199999,"Sothua":38,"So_To":71,"LoaidatHT":"HNK","Khuphomoi":"Khu phố Hương Giang","Sothuacu":38,"Sotocu":22,"Phuongcu":"phường Long Hương","Nguoisudun":"Đăng ký: LÊ THỊ NGA; Sử dụng: LÊ THỊ NGA.","Quyetdinh":"Quyết định 3693/QĐ-UBND","ID":"38.71"}},{"type":"Feature","id":291,"geometry":{"type":"Polygon","coordinates":[[[107.15586782518527,10.498299934332874],[107.15552477573098,10.498401186876007],[107.15537342727553,10.497956712557817],[107.15537719138611,10.49794677472663],[107.15537792591397,10.497944967507925],[107.15572233199983,10.497850951087367],[107.15574804363003,10.497924955553632],[107.15575157762352,10.497940061649679],[107.15586782518527,10.498299934332874]]]},"properties":{"FID":291,"Shape_Leng":183.78156330900001,"Shape_Area":2082.3738357100001,"Sothua":19,"So_To":71,"LoaidatHT":"HNK","Khuphomoi":"Khu phố Hương Giang","Sothuacu":19,"Sotocu":22,"Phuongcu":"phường Long Hương","Nguoisudun":"Đăng ký: NGUYỄN THỊ THU VÂN; Sử dụng: NGUYỄN THỊ THU VÂN.","Quyetdinh":"Quyết định 3693/QĐ-UBND","ID":"19.71"}},{"type":"Feature","id":292,"geometry":{"type":"Polygon","coordinates":[[[107.15552477573098,10.498401186876007],[107.15511701242713,10.498505669271047],[107.15495204551195,10.498073672227205],[107.15537342727553,10.497956712557817],[107.15552477573098,10.498401186876007]]]},"properties":{"FID":292,"Shape_Leng":197.03615583800001,"Shape_Area":2413.2880845899999,"Sothua":10,"So_To":71,"LoaidatHT":"HNK","Khuphomoi":"Khu phố Hương Giang","Sothuacu":10,"Sotocu":22,"Phuongcu":"phường Long Hương","Nguoisudun":"Đăng ký: NGUYỄN THỊ THANH NGUYỆT; Sử dụng: NGUYỄN THỊ THANH NGUYỆT.","Quyetdinh":"Quyết định 3693/QĐ-UBND","ID":"10.71"}},{"type":"Feature","id":293,"geometry":{"type":"Polygon","coordinates":[[[107.15511701242713,10.498505669271047],[107.15480774231996,10.498584915950385],[107.15477633077366,10.498433870636795],[107.15466283538089,10.498163961132784],[107.15494245914654,10.498076333972811],[107.15495204551195,10.498073672227205],[107.15511701242713,10.498505669271047]]]},"properties":{"FID":293,"Shape_Leng":168.69464827100001,"Shape_Area":1653.3611549100001,"Sothua":930,"So_To":71,"LoaidatHT":"HNK","Khuphomoi":"Khu phố Hương Giang","Sothuacu":0,"Sotocu":22,"Phuongcu":"phường Long Hương","Nguoisudun":" ","Quyetdinh":" ","ID":"930.71"}},{"type":"Feature","id":294,"geometry":{"type":"Polygon","coordinates":[[[107.15716986663104,10.498707409456385],[107.15711863180672,10.498746823603469],[107.15708534783757,10.498667018479182],[107.15744083395046,10.498559369280422],[107.15742041824124,10.498630123088684],[107.15716986663104,10.498707409456385]]]},"properties":{"FID":294,"Shape_Leng":94.243873179900007,"Shape_Area":272.63963203399999,"Sothua":935,"So_To":71,"LoaidatHT":"TMD","Khuphomoi":"Khu phố Hương Giang","Sothuacu":0,"Sotocu":22,"Phuongcu":"phường Long Hương","Nguoisudun":" ","Quyetdinh":" ","ID":"935.71"}},{"type":"Feature","id":295,"geometry":{"type":"Polygon","coordinates":[[[107.16348200583326,10.498857536369799],[107.16343167163051,10.49887083287806],[107.16343142660145,10.498869611673673],[107.16336904578836,10.498654471025622],[107.1633708350525,10.49865410363409],[107.16341625031541,10.498648148066835],[107.16348200583326,10.498857536369799]]]},"properties":{"FID":295,"Shape_Leng":60.084078867800002,"Shape_Area":133.30394238599999,"Sothua":60,"So_To":133,"LoaidatHT":"ODT","Khuphomoi":"Khu phố Hương Điền","Sothuacu":0,"Sotocu":55,"Phuongcu":"Phường Long Hương","Nguoisudun":" ","Quyetdinh":" ","ID":"60.133"}},{"type":"Feature","id":296,"geometry":{"type":"Polygon","coordinates":[[[107.16103443095595,10.498838189385753],[107.16089456750707,10.498870151358803],[107.16085815793667,10.498738229118992],[107.16085994337162,10.498652387009555],[107.16085469539355,10.498604350962188],[107.16084200902129,10.498570794193364],[107.16082283869574,10.498522017738804],[107.16080973950611,10.498479779822329],[107.16078945643379,10.498414248589778],[107.16077352668886,10.498360125644783],[107.16077250061296,10.498356769491849],[107.16095199174397,10.498286102807146],[107.16097537497578,10.498355653932608],[107.16101006986709,10.49845924838886],[107.16103617690592,10.498536616230259],[107.16115004047262,10.498539612156815],[107.16115674467194,10.498539997658616],[107.16115247960447,10.498527754545224],[107.16120117645444,10.498546793934356],[107.16120175009169,10.498546940969391],[107.16117967616798,10.498627330069661],[107.1611428827579,10.498758132572668],[107.16113468890961,10.498785990898236],[107.16112917444208,10.498811069804358],[107.16112993658014,10.498814950162091],[107.16103443095595,10.498838189385753]]]},"properties":{"FID":296,"Shape_Leng":186.844876355,"Shape_Area":1659.4784382600001,"Sothua":94,"So_To":132,"LoaidatHT":"TSC","Khuphomoi":"Khu phố Hương Giang","Sothuacu":0,"Sotocu":54,"Phuongcu":"Phường Long Hương","Nguoisudun":"Trụ sở UBND phường Long Hương","Quyetdinh":" ","ID":"94.132"}},{"type":"Feature","id":297,"geometry":{"type":"Polygon","coordinates":[[[107.16340934185507,10.49887693035202],[107.16337848396761,10.49888538163365],[107.163316950709,10.49869427329617],[107.16334834394603,10.498658800369189],[107.16335032697772,10.498658324102735],[107.16336904578836,10.498654471025622],[107.16343142660145,10.498869611673673],[107.16340934185507,10.49887693035202]]]},"properties":{"FID":297,"Shape_Leng":60.547755136900001,"Shape_Area":153.974286041,"Sothua":86,"So_To":133,"LoaidatHT":"ODT","Khuphomoi":"Khu phố Hương Điền","Sothuacu":0,"Sotocu":55,"Phuongcu":"Phường Long Hương","Nguoisudun":" ","Quyetdinh":" ","ID":"86.133"}},{"type":"Feature","id":298,"geometry":{"type":"Polygon","coordinates":[[[107.15757155276413,10.498756799878167],[107.15750767152002,10.498913454074708],[107.15742041824124,10.498630123088684],[107.15744083395046,10.498559369280422],[107.15729988741069,10.498054817054877],[107.15764887106697,10.498212577384269],[107.1576490574096,10.498203893051279],[107.15771629444308,10.498210714764914],[107.15774648567876,10.498213824879709],[107.15784763800089,10.498224249266851],[107.15798820203133,10.498240966702111],[107.1580161477373,10.498243576867036],[107.15810767314586,10.498252128777917],[107.15813708142433,10.498255460189032],[107.15824318376271,10.498267482214539],[107.15828860865346,10.498272627204942],[107.15850964835975,10.498293923988024],[107.15821808068067,10.498561631506119],[107.15804471260878,10.498356888961416],[107.15802709883741,10.498347724540158],[107.15800499169136,10.498347231235675],[107.15799475029532,10.49835209382055],[107.15791147866938,10.498424991106507],[107.15765249818689,10.498658583278129],[107.15764024063915,10.498666788347695],[107.15758698298278,10.498713702701249],[107.15757155276413,10.498756799878167]]]},"properties":{"FID":298,"Shape_Leng":399.24037787999998,"Shape_Area":4132.5995821099996,"Sothua":5,"So_To":71,"LoaidatHT":"TMD","Khuphomoi":"Khu phố Hương Giang","Sothuacu":5,"Sotocu":22,"Phuongcu":"phường Long Hương","Nguoisudun":"HTX NN QUYẾT THẮNG","Quyetdinh":"Quyết định 3693/QĐ-UBND","ID":"5.71"}},{"type":"Feature","id":299,"geometry":{"type":"Polygon","coordinates":[[[107.15795122933034,10.498803307890309],[107.15766519911242,10.499041318362647],[107.15757155276413,10.498756799878167],[107.15758698298278,10.498713702701249],[107.15764024063915,10.498666788347695],[107.15765249818689,10.498658583278129],[107.15791147866938,10.498424991106507],[107.15799475029532,10.49835209382055],[107.15800499169136,10.498347231235675],[107.15802709883741,10.498347724540158],[107.15804471260878,10.498356888961416],[107.15821808068067,10.498561631506119],[107.158115655069,10.498666499025262],[107.1580676169751,10.498706460988647],[107.15795122933034,10.498803307890309]]]},"properties":{"FID":299,"Shape_Leng":214.11702039400001,"Shape_Area":2492.7529015499999,"Sothua":1,"So_To":71,"LoaidatHT":"TMD","Khuphomoi":"Khu phố Hương Giang","Sothuacu":1,"Sotocu":22,"Phuongcu":"phường Long Hương","Nguoisudun":"HTX NN QUYẾT THẮNG","Quyetdinh":"Quyết định 3693/QĐ-UBND","ID":"1.71"}},{"type":"Feature","id":300,"geometry":{"type":"Polygon","coordinates":[[[107.15766519911242,10.499041318362647],[107.15757042751366,10.499108045585794],[107.1575063871438,10.498916435488063],[107.15750767152002,10.498913454074708],[107.15757155276413,10.498756799878167],[107.15766519911242,10.499041318362647]]]},"properties":{"FID":300,"Shape_Leng":87.223390778999999,"Shape_Area":338.69697343199999,"Sothua":271,"So_To":119,"LoaidatHT":"TMD","Khuphomoi":"Khu phố Hương Giang","Sothuacu":0,"Sotocu":13,"Phuongcu":"Phường Long Hương","Nguoisudun":"Hợp tác xã nông nghiệp Quyết Thắng","Quyetdinh":"Quyết định 3693/QĐ-UBND","ID":"271.119"}},{"type":"Feature","id":301,"geometry":{"type":"Polygon","coordinates":[[[107.16348004458199,10.499234285184405],[107.16344397098655,10.499242338177195],[107.16339403747489,10.499081376531798],[107.16338408434351,10.499016063527186],[107.16337848396761,10.49888538163365],[107.16340934185507,10.49887693035202],[107.16343142660145,10.498869611673673],[107.16343167163051,10.49887083287806],[107.16348200583326,10.498857536369799],[107.16348520094499,10.498856692122956],[107.16350019623988,10.498910061988564],[107.16354289864523,10.499054101779903],[107.16354491399096,10.499060896553871],[107.16353332384563,10.499064320568737],[107.16353881562138,10.499087737380417],[107.16355048104417,10.499126907354752],[107.16354650558321,10.499127559885688],[107.16356883303362,10.499214866272665],[107.16348004458199,10.499234285184405]]]},"properties":{"FID":301,"Shape_Leng":109.106717296,"Shape_Area":590.69512246399995,"Sothua":36,"So_To":133,"LoaidatHT":"ODT","Khuphomoi":"Khu phố Hương Điền","Sothuacu":0,"Sotocu":55,"Phuongcu":"Phường Long Hương","Nguoisudun":" ","Quyetdinh":" ","ID":"36.133"}},{"type":"Feature","id":302,"geometry":{"type":"Polygon","coordinates":[[[107.16160742555006,10.499240223640774],[107.16147479398381,10.499276757018238],[107.16146064960276,10.49922120569595],[107.16147423442523,10.499218053783267],[107.16153065075311,10.499206143299569],[107.16154837074943,10.499203110560481],[107.16159475953147,10.499194237385963],[107.16160742555006,10.499240223640774]]]},"properties":{"FID":302,"Shape_Leng":41.6745868657,"Shape_Area":87.988917160900002,"Sothua":78,"So_To":132,"LoaidatHT":"ODT","Khuphomoi":"Khu phố Hương Sơn","Sothuacu":0,"Sotocu":54,"Phuongcu":"Phường Long Hương","Nguoisudun":" ","Quyetdinh":" ","ID":"78.132"}},{"type":"Feature","id":303,"geometry":{"type":"Polygon","coordinates":[[[107.16161943853875,10.499283837280124],[107.16148592735675,10.49932061526285],[107.16147479398381,10.499276757018238],[107.16160742555006,10.499240223640774],[107.16161943853875,10.499283837280124]]]},"properties":{"FID":303,"Shape_Leng":40.2554603305,"Shape_Area":75.651610971500006,"Sothua":159,"So_To":132,"LoaidatHT":"ODT","Khuphomoi":"Khu phố Hương Sơn","Sothuacu":0,"Sotocu":54,"Phuongcu":"Phường Long Hương","Nguoisudun":" ","Quyetdinh":" ","ID":"159.132"}},{"type":"Feature","id":304,"geometry":{"type":"Polygon","coordinates":[[[107.16359770947714,10.499326586408992],[107.16347101199047,10.499353964186394],[107.16346256570951,10.49931766722538],[107.16345421154416,10.499281089450763],[107.16344397098655,10.499242338177195],[107.16348004458199,10.499234285184405],[107.16356883303362,10.499214866272665],[107.16359770947714,10.499326586408992]]]},"properties":{"FID":304,"Shape_Leng":53.667723958499998,"Shape_Area":179.01191623899999,"Sothua":20,"So_To":133,"LoaidatHT":"ODT","Khuphomoi":"Khu phố Hương Điền","Sothuacu":0,"Sotocu":55,"Phuongcu":"Phường Long Hương","Nguoisudun":" ","Quyetdinh":" ","ID":"20.133"}},{"type":"Feature","id":305,"geometry":{"type":"Polygon","coordinates":[[[107.16163144971179,10.499327451834455],[107.16149705981454,10.499364472608777],[107.16148592735675,10.49932061526285],[107.16161943853875,10.499283837280124],[107.16163144971179,10.499327451834455]]]},"properties":{"FID":305,"Shape_Leng":40.455327531099996,"Shape_Area":76.151027282699999,"Sothua":79,"So_To":132,"LoaidatHT":"ODT","Khuphomoi":"Khu phố Hương Sơn","Sothuacu":0,"Sotocu":54,"Phuongcu":"Phường Long Hương","Nguoisudun":" ","Quyetdinh":" ","ID":"79.132"}},{"type":"Feature","id":306,"geometry":{"type":"Polygon","coordinates":[[[107.16351498516788,10.499390789159071],[107.16348106861378,10.49939843791519],[107.1634802809138,10.499394432111796],[107.16347131982981,10.499355287094783],[107.16347101199047,10.499353964186394],[107.16359770947714,10.499326586408992],[107.16360856190205,10.49937058291245],[107.16351498516788,10.499390789159071]]]},"properties":{"FID":306,"Shape_Leng":38.5505337321,"Shape_Area":71.394845937699998,"Sothua":21,"So_To":133,"LoaidatHT":"ODT","Khuphomoi":"Khu phố Hương Điền","Sothuacu":0,"Sotocu":55,"Phuongcu":"Phường Long Hương","Nguoisudun":" ","Quyetdinh":" ","ID":"21.133"}},{"type":"Feature","id":307,"geometry":{"type":"Polygon","coordinates":[[[107.16164570927178,10.499370398520924],[107.16151043791382,10.499407661202639],[107.16149705981454,10.499364472608777],[107.16163144971179,10.499327451834455],[107.16164570927178,10.499370398520924]]]},"properties":{"FID":307,"Shape_Leng":40.6501683125,"Shape_Area":76.570760840899993,"Sothua":80,"So_To":132,"LoaidatHT":"ODT","Khuphomoi":"Khu phố Hương Sơn","Sothuacu":0,"Sotocu":54,"Phuongcu":"Phường Long Hương","Nguoisudun":" ","Quyetdinh":" ","ID":"80.132"}},{"type":"Feature","id":308,"geometry":{"type":"Polygon","coordinates":[[[107.16355867388374,10.499436871216778],[107.16350365196506,10.499451371047662],[107.16349733716999,10.49944788735043],[107.16348106861378,10.49939843791519],[107.16351498516788,10.499390789159071],[107.16360856190205,10.49937058291245],[107.16361939326366,10.499420871979016],[107.16358055028984,10.499431106709903],[107.16355107484985,10.499420494186532],[107.16355867388374,10.499436871216778]]]},"properties":{"FID":308,"Shape_Leng":42.596326526200002,"Shape_Area":81.248556199999996,"Sothua":14,"So_To":133,"LoaidatHT":"ODT","Khuphomoi":"Khu phố Hương Điền","Sothuacu":0,"Sotocu":55,"Phuongcu":"Phường Long Hương","Nguoisudun":" ","Quyetdinh":" ","ID":"14.133"}},{"type":"Feature","id":309,"geometry":{"type":"Polygon","coordinates":[[[107.16165996883676,10.499413345205841],[107.16152355349996,10.499450922080342],[107.16151043791382,10.499407661202639],[107.16164570927178,10.499370398520924],[107.16165996883676,10.499413345205841]]]},"properties":{"FID":309,"Shape_Leng":40.8796369688,"Shape_Area":77.145700283400004,"Sothua":136,"So_To":132,"LoaidatHT":"ODT","Khuphomoi":"Khu phố Hương Sơn","Sothuacu":0,"Sotocu":54,"Phuongcu":"Phường Long Hương","Nguoisudun":" ","Quyetdinh":" ","ID":"136.132"}},{"type":"Feature","id":310,"geometry":{"type":"Polygon","coordinates":[[[107.16167422748727,10.499456290991663],[107.16153693252211,10.499494110665179],[107.16152355349996,10.499450922080342],[107.16165996883676,10.499413345205841],[107.16167422748727,10.499456290991663]]]},"properties":{"FID":310,"Shape_Leng":41.110220714599997,"Shape_Area":77.719532592099995,"Sothua":169,"So_To":132,"LoaidatHT":"ODT","Khuphomoi":"Khu phố Hương Sơn","Sothuacu":0,"Sotocu":54,"Phuongcu":"Phường Long Hương","Nguoisudun":" ","Quyetdinh":" ","ID":"169.132"}},{"type":"Feature","id":311,"geometry":{"type":"Polygon","coordinates":[[[107.16168848706231,10.499499237673515],[107.16155031064213,10.499537300158597],[107.16153693252211,10.499494110665179],[107.16167422748727,10.499456290991663],[107.16168848706231,10.499499237673515]]]},"properties":{"FID":311,"Shape_Leng":41.310593558500003,"Shape_Area":78.221132449799995,"Sothua":54,"So_To":132,"LoaidatHT":"ODT","Khuphomoi":"Khu phố Hương Sơn","Sothuacu":0,"Sotocu":54,"Phuongcu":"Phường Long Hương","Nguoisudun":" ","Quyetdinh":" ","ID":"54.132"}},{"type":"Feature","id":312,"geometry":{"type":"Polygon","coordinates":[[[107.16170274664236,10.499542184353851],[107.16156369150035,10.499580488728173],[107.16155031064213,10.499537300158597],[107.16168848706231,10.499499237673515],[107.16170274664236,10.499542184353851]]]},"properties":{"FID":312,"Shape_Leng":41.5106409562,"Shape_Area":78.720775826899995,"Sothua":135,"So_To":132,"LoaidatHT":"ODT","Khuphomoi":"Khu phố Hương Sơn","Sothuacu":0,"Sotocu":54,"Phuongcu":"Phường Long Hương","Nguoisudun":" ","Quyetdinh":" ","ID":"135.132"}},{"type":"Feature","id":313,"geometry":{"type":"Polygon","coordinates":[[[107.1617170053142,10.499585131038852],[107.16157706963001,10.499623678218764],[107.16156369150035,10.499580488728173],[107.16170274664236,10.499542184353851],[107.1617170053142,10.499585131038852]]]},"properties":{"FID":313,"Shape_Leng":41.710580958900003,"Shape_Area":79.220257712099993,"Sothua":52,"So_To":132,"LoaidatHT":"ODT","Khuphomoi":"Khu phố Hương Sơn","Sothuacu":0,"Sotocu":54,"Phuongcu":"Phường Long Hương","Nguoisudun":" ","Quyetdinh":" ","ID":"52.132"}},{"type":"Feature","id":314,"geometry":{"type":"Polygon","coordinates":[[[107.16173126490429,10.4996280777161],[107.16159044867145,10.499666866797959],[107.16157706963001,10.499623678218764],[107.1617170053142,10.499585131038852],[107.16173126490429,10.4996280777161]]]},"properties":{"FID":314,"Shape_Leng":41.910698128999996,"Shape_Area":79.719928117899997,"Sothua":53,"So_To":132,"LoaidatHT":"ODT","Khuphomoi":"Khu phố Hương Sơn","Sothuacu":0,"Sotocu":54,"Phuongcu":"Phường Long Hương","Nguoisudun":" ","Quyetdinh":" ","ID":"53.132"}},{"type":"Feature","id":315,"geometry":{"type":"Polygon","coordinates":[[[107.16174552449311,10.499671023488053],[107.16160382772399,10.499710056279508],[107.16159044867145,10.499666866797959],[107.16173126490429,10.4996280777161],[107.16174552449311,10.499671023488053]]]},"properties":{"FID":315,"Shape_Leng":42.110878634700001,"Shape_Area":80.220023071499995,"Sothua":142,"So_To":132,"LoaidatHT":"ODT","Khuphomoi":"Khu phố Hương Sơn","Sothuacu":0,"Sotocu":54,"Phuongcu":"Phường Long Hương","Nguoisudun":" ","Quyetdinh":" ","ID":"142.132"}},{"type":"Feature","id":316,"geometry":{"type":"Polygon","coordinates":[[[107.16175978409325,10.499713970162235],[107.16161720768831,10.499753244849645],[107.16160382772399,10.499710056279508],[107.16174552449311,10.499671023488053],[107.16175978409325,10.499713970162235]]]},"properties":{"FID":316,"Shape_Leng":42.3109900862,"Shape_Area":80.720090480099998,"Sothua":134,"So_To":132,"LoaidatHT":"ODT","Khuphomoi":"Khu phố Hương Sơn","Sothuacu":0,"Sotocu":54,"Phuongcu":"Phường Long Hương","Nguoisudun":" ","Quyetdinh":" ","ID":"134.132"}},{"type":"Feature","id":317,"geometry":{"type":"Polygon","coordinates":[[[107.16177404278515,10.499756916841102],[107.16163058674422,10.499796433424583],[107.16161720768831,10.499753244849645],[107.16175978409325,10.499713970162235],[107.16177404278515,10.499756916841102]]]},"properties":{"FID":317,"Shape_Leng":42.510865438300002,"Shape_Area":81.219136042100004,"Sothua":133,"So_To":132,"LoaidatHT":"ODT","Khuphomoi":"Khu phố Hương Sơn","Sothuacu":0,"Sotocu":54,"Phuongcu":"Phường Long Hương","Nguoisudun":" ","Quyetdinh":" ","ID":"133.132"}},{"type":"Feature","id":318,"geometry":{"type":"Polygon","coordinates":[[[107.16178830239531,10.499799863512218],[107.161643964898,10.499839622908107],[107.16163058674422,10.499796433424583],[107.16177404278515,10.499756916841102],[107.16178830239531,10.499799863512218]]]},"properties":{"FID":318,"Shape_Leng":42.711116916899996,"Shape_Area":81.719944985200001,"Sothua":168,"So_To":132,"LoaidatHT":"ODT","Khuphomoi":"Khu phố Hương Sơn","Sothuacu":0,"Sotocu":54,"Phuongcu":"Phường Long Hương","Nguoisudun":" ","Quyetdinh":" ","ID":"168.132"}},{"type":"Feature","id":319,"geometry":{"type":"Polygon","coordinates":[[[107.16181607876517,10.499871775220164],[107.16181251588718,10.499872793683453],[107.16180256200423,10.499842809278038],[107.16178830239531,10.499799863512218],[107.16177404278515,10.499756916841102],[107.16175978409325,10.499713970162235],[107.16174552449311,10.499671023488053],[107.16173126490429,10.4996280777161],[107.1617170053142,10.499585131038852],[107.16170274664236,10.499542184353851],[107.16168848706231,10.499499237673515],[107.16167422748727,10.499456290991663],[107.16165996883676,10.499413345205841],[107.16164570927178,10.499370398520924],[107.16163144971179,10.499327451834455],[107.16161943853875,10.499283837280124],[107.16160742555006,10.499240223640774],[107.16159475953147,10.499194237385963],[107.16159739081381,10.499193735928769],[107.16160058127502,10.499193009228186],[107.16162100673169,10.499188716214114],[107.16165639447141,10.499181177846838],[107.16167931351431,10.499177333324992],[107.16170088280369,10.499172445033807],[107.16173550378443,10.499163911343887],[107.16173821868666,10.499163352375422],[107.16177534189187,10.499155721741658],[107.16178264828281,10.499151819902609],[107.16178572291642,10.49914927639726],[107.1617865646855,10.499148581952467],[107.16178984249483,10.499144655115931],[107.16179469596291,10.499138271803321],[107.1617981611232,10.499132130224561],[107.16180098563348,10.499126186425503],[107.16180242864462,10.499121858127577],[107.16180318489559,10.499118188873906],[107.16180304852978,10.499112628568582],[107.16180016072099,10.499098953474885],[107.16179653362002,10.499089416604351],[107.16179168167869,10.499075258681421],[107.16177980516203,10.499041558175938],[107.16175106135053,10.49895644634371],[107.16203702168389,10.498889339279859],[107.16207404209972,10.499003696716603],[107.1620762115559,10.499010725451345],[107.1620807632369,10.499024385596934],[107.16208497337411,10.499034763569183],[107.16209084891338,10.49904350874135],[107.16209439601772,10.499047185752966],[107.16210041634754,10.499052060666044],[107.16210577963281,10.499056482717178],[107.16211690243694,10.499063338418759],[107.16212475511962,10.499065766856177],[107.16213074419694,10.499067459615025],[107.16213792487156,10.499067545395068],[107.1621611643133,10.499062630339058],[107.16216835848024,10.499061109930381],[107.16218319213679,10.499057756068696],[107.16223874882796,10.499045951647146],[107.16233705060684,10.49902518577419],[107.1623574478912,10.499087124259075],[107.16244254767379,10.499345511254631],[107.16245402773671,10.499380367698276],[107.16246428282287,10.499411504207309],[107.16256012792225,10.499704641403424],[107.16246147197754,10.499724539412348],[107.16199210312946,10.499821668133501],[107.16197941607926,10.499825089626372],[107.16191988256492,10.499842104540487],[107.16187239032786,10.499855685179902],[107.16181607876517,10.499871775220164]]]},"properties":{"FID":319,"Shape_Leng":364.77943380699998,"Shape_Area":7270.81222471,"Sothua":81,"So_To":132,"LoaidatHT":"DCH","Khuphomoi":"Khu phố Hương Sơn","Sothuacu":0,"Sotocu":54,"Phuongcu":"Phường Long Hương","Nguoisudun":"Chợ Long Hương","Quyetdinh":" ","ID":"81.132"}},{"type":"Feature","id":320,"geometry":{"type":"Polygon","coordinates":[[[107.16180256200423,10.499842809278038],[107.16165734396358,10.499882811480218],[107.161643964898,10.499839622908107],[107.16178830239531,10.499799863512218],[107.16180256200423,10.499842809278038]]]},"properties":{"FID":320,"Shape_Leng":42.911230981199999,"Shape_Area":82.218909109099997,"Sothua":30,"So_To":132,"LoaidatHT":"ODT","Khuphomoi":"Khu phố Hương Sơn","Sothuacu":0,"Sotocu":54,"Phuongcu":"Phường Long Hương","Nguoisudun":" ","Quyetdinh":" ","ID":"30.132"}},{"type":"Feature","id":321,"geometry":{"type":"Polygon","coordinates":[[[107.16165734396358,10.499882811480218],[107.16166181514448,10.499897240431348],[107.16165106714627,10.499892018089279],[107.16164065133826,10.499858510999955],[107.16163834045737,10.499848741923939],[107.1616272972103,10.499814310876717],[107.16162304285584,10.499798228256731],[107.16161015948654,10.499755665369067],[107.16160173749699,10.499726121533222],[107.16159745282118,10.499711720232913],[107.16158454469306,10.499668353107099],[107.16157169895529,10.499625158185793],[107.16155702705892,10.499577022733696],[107.16154179580504,10.499525143829546],[107.16151843761226,10.499447274720739],[107.16150625127214,10.499408284416894],[107.16149429257348,10.499364991259709],[107.16148479684068,10.499333114721912],[107.16148571981365,10.499332671892134],[107.16145205231197,10.499223202917751],[107.16146064960276,10.49922120569595],[107.16147479398381,10.499276757018238],[107.16148592735675,10.49932061526285],[107.16149705981454,10.499364472608777],[107.16151043791382,10.499407661202639],[107.16152355349996,10.499450922080342],[107.16153693252211,10.499494110665179],[107.16155031064213,10.499537300158597],[107.16156369150035,10.499580488728173],[107.16157706963001,10.499623678218764],[107.16159044867145,10.499666866797959],[107.16160382772399,10.499710056279508],[107.16161720768831,10.499753244849645],[107.16163058674422,10.499796433424583],[107.161643964898,10.499839622908107],[107.16165734396358,10.499882811480218]]]},"properties":{"FID":321,"Shape_Leng":157.51168755500001,"Shape_Area":49.285205278500001,"Sothua":160,"So_To":132,"LoaidatHT":"ODT","Khuphomoi":"Khu phố Hương Sơn","Sothuacu":0,"Sotocu":54,"Phuongcu":"Phường Long Hương","Nguoisudun":" ","Quyetdinh":" ","ID":"160.132"}},{"type":"Feature","id":322,"geometry":{"type":"Polygon","coordinates":[[[107.16172701889144,10.499897267439614],[107.16168548568938,10.499908744958322],[107.16166181514448,10.499897240431348],[107.16165734396358,10.499882811480218],[107.16180256200423,10.499842809278038],[107.16181251588718,10.499872793683453],[107.16179079224484,10.499879131872914],[107.16174444221016,10.499891884046374],[107.16172701889144,10.499897267439614]]]},"properties":{"FID":322,"Shape_Leng":39.023565160300002,"Shape_Area":56.740826275899998,"Sothua":167,"So_To":132,"LoaidatHT":"ODT","Khuphomoi":"Khu phố Hương Sơn","Sothuacu":0,"Sotocu":54,"Phuongcu":"Phường Long Hương","Nguoisudun":" ","Quyetdinh":" ","ID":"167.132"}},{"type":"Feature","id":323,"geometry":{"type":"Polygon","coordinates":[[[107.12912439613375,10.499812092234896],[107.12910252805256,10.500016549825638],[107.12902976972568,10.50000912903573],[107.129051041396,10.499805592840243],[107.12912439613375,10.499812092234896]]]},"properties":{"FID":323,"Shape_Leng":61.460770831399998,"Shape_Area":182.37127317400001,"Sothua":763,"So_To":14,"LoaidatHT":"DBV","Khuphomoi":"Khu phố Kim Hải","Sothuacu":0,"Sotocu":14,"Phuongcu":"Phường Kim Dinh","Nguoisudun":"Bưu điện","Quyetdinh":" ","ID":"763.14"}},{"type":"Feature","id":324,"geometry":{"type":"Polygon","coordinates":[[[107.12900164503246,10.500020990734891],[107.12890807575704,10.500022787645364],[107.12889737822968,10.499788999937778],[107.12902401623275,10.499802366546893],[107.12900164503246,10.500020990734891]]]},"properties":{"FID":324,"Shape_Leng":74.398329125199993,"Shape_Area":302.14462576300002,"Sothua":774,"So_To":14,"LoaidatHT":"DCH","Khuphomoi":"Khu phố Kim Hải","Sothuacu":0,"Sotocu":14,"Phuongcu":"Phường Kim Dinh","Nguoisudun":"Chợ Kim Hải","Quyetdinh":" ","ID":"774.14"}},{"type":"Feature","id":325,"geometry":{"type":"Polygon","coordinates":[[[107.16383893631311,10.500302164036716],[107.16375897766535,10.500351073421795],[107.16371644654974,10.500301937650681],[107.16364224085321,10.500216208581525],[107.16365155949644,10.500182294177009],[107.16372749986937,10.500111479117471],[107.16384808847906,10.500296566652324],[107.16383893631311,10.500302164036716]]]},"properties":{"FID":325,"Shape_Leng":70.800024157099998,"Shape_Area":295.047091615,"Sothua":2,"So_To":133,"LoaidatHT":"DVH","Khuphomoi":"Khu phố Hương Sơn","Sothuacu":0,"Sotocu":55,"Phuongcu":"Phường Long Hương","Nguoisudun":"Trụ sở KP Hương Sơn","Quyetdinh":"Quyết định 3693/QĐ-UBND","ID":"2.133"}},{"type":"Feature","id":326,"geometry":{"type":"Polygon","coordinates":[[[107.14884482464367,10.500416991589066],[107.14884785981104,10.500453522914663],[107.14878857296584,10.500452235774752],[107.14878390779049,10.50040819650005],[107.14884482464367,10.500416991589066]]]},"properties":{"FID":326,"Shape_Leng":22.189193077300001,"Shape_Area":29.098459328699999,"Sothua":244,"So_To":18,"LoaidatHT":"DCH","Khuphomoi":"Khu phố Núi Dinh","Sothuacu":0,"Sotocu":18,"Phuongcu":"Phường Kim Dinh","Nguoisudun":"Nghĩa trang khu phố Hải Dinh","Quyetdinh":" ","ID":"244.18"}},{"type":"Feature","id":327,"geometry":{"type":"Polygon","coordinates":[[[107.14883297822441,10.500486467973234],[107.14878947628362,10.50049507400689],[107.14877124155514,10.500406342592262],[107.14878390779049,10.50040819650005],[107.14878857296584,10.500452235774752],[107.14884785981104,10.500453522914663],[107.14884482464367,10.500416991589066],[107.14884568672105,10.500417115906776],[107.14884612188273,10.500421541738172],[107.14884935209578,10.500456826263386],[107.14882963332067,10.500458904755972],[107.14883297822441,10.500486467973234]]]},"properties":{"FID":327,"Shape_Leng":41.476722557899997,"Shape_Area":28.598072312500001,"Sothua":1061,"So_To":18,"LoaidatHT":"DCH","Khuphomoi":"Khu phố Núi Dinh","Sothuacu":0,"Sotocu":18,"Phuongcu":"Phường Kim Dinh","Nguoisudun":"Chợ Núi Dinh","Quyetdinh":" ","ID":"1061.18"}},{"type":"Feature","id":328,"geometry":{"type":"Polygon","coordinates":[[[107.14897376291715,10.500488533983809],[107.1485408845686,10.500567782049952],[107.14850908980887,10.500432285898867],[107.14850468112134,10.50041161887872],[107.14853632312358,10.500404048485688],[107.14852775327512,10.500357298817345],[107.14869531071966,10.500375245804481],[107.1487669406598,10.500385417257442],[107.14877124155514,10.500406342592262],[107.14878947628362,10.50049507400689],[107.14883297822441,10.500486467973234],[107.14882963332067,10.500458904755972],[107.14884935209578,10.500456826263386],[107.14884612188273,10.500421541738172],[107.14884568672105,10.500417115906776],[107.14884382896943,10.500398193200606],[107.14896323167764,10.500416465016176],[107.14897376291715,10.500488533983809]]]},"properties":{"FID":328,"Shape_Leng":151.41487368099999,"Shape_Area":707.14677933999997,"Sothua":789,"So_To":18,"LoaidatHT":"ODT","Khuphomoi":"Khu phố Núi Dinh","Sothuacu":0,"Sotocu":18,"Phuongcu":"Phường Kim Dinh","Nguoisudun":" ","Quyetdinh":" ","ID":"789.18"}},{"type":"Feature","id":329,"geometry":{"type":"Polygon","coordinates":[[[107.13493759234565,10.501238683979178],[107.1346947261429,10.501260120078074],[107.13468183741705,10.50125939056629],[107.13466641214372,10.501252489517322],[107.13465986099229,10.501238896428648],[107.13462011643202,10.500645859716055],[107.13462266935061,10.500629536379897],[107.13462864592528,10.50061943104097],[107.1346365847341,10.500614853951969],[107.13487797874758,10.500593757791775],[107.1348999294276,10.500599731910404],[107.13491121035806,10.500613974688818],[107.13497369187738,10.501203846780149],[107.13497218293685,10.501218318359541],[107.1349617854691,10.50122846970079],[107.13494949954291,10.501232134229792],[107.13493740937625,10.501233982532177],[107.13493759234565,10.501238683979178]]]},"properties":{"FID":329,"Shape_Leng":204.64609554,"Shape_Area":2376.1930062400002,"Sothua":815,"So_To":15,"LoaidatHT":"DCH","Khuphomoi":"Khu phố Kim Hải","Sothuacu":0,"Sotocu":15,"Phuongcu":"Phường Kim Dinh","Nguoisudun":"Chợ Kim Dinh","Quyetdinh":" ","ID":"815.15"}},{"type":"Feature","id":330,"geometry":{"type":"Polygon","coordinates":[[[107.1303057145538,10.501745836540509],[107.13029546085099,10.501921909611369],[107.13009842600964,10.501911932704994],[107.13010515328867,10.501745011181386],[107.1303057145538,10.501745836540509]]]},"properties":{"FID":330,"Shape_Leng":81.560302808700001,"Shape_Area":413.59188168100002,"Sothua":118,"So_To":15,"LoaidatHT":"DVH","Khuphomoi":"Khu phố Kim Hải","Sothuacu":0,"Sotocu":15,"Phuongcu":"Phường Kim Dinh","Nguoisudun":"Nhà văn hóa khu phố 2","Quyetdinh":" ","ID":"118.15"}},{"type":"Feature","id":331,"geometry":{"type":"Polygon","coordinates":[[[107.16186108643359,10.502134366358437],[107.16185948368434,10.502134372753336],[107.16185787433511,10.502134349366948],[107.1618562611382,10.502134297988199],[107.16185464408098,10.502134216809523],[107.16185302318863,10.502134109446038],[107.16185139933664,10.502133970468835],[107.16184977163067,10.502133802595482],[107.16184814464312,10.502133606698662],[107.16184651652243,10.502133379175698],[107.16184488911389,10.502133122725484],[107.161843263337,10.502132838245586],[107.16184163824087,10.502132520319545],[107.16184001660916,10.502132175255156],[107.16183839842299,10.502131800341088],[107.16183678549626,10.50213139375734],[107.16183517694091,10.50213095912525],[107.16183357547146,10.502130492811045],[107.16183198111307,10.502129998429846],[107.16183039384059,10.502129472366505],[107.16182881460495,10.502128920037551],[107.16182724611444,10.502128336905367],[107.16182568746837,10.502127724783747],[107.1618241404995,10.502127084564044],[107.16182260338765,10.502126417162481],[107.16182108159335,10.50212571983038],[107.16181957332157,10.502124997099111],[107.16181807672069,10.502124245365989],[107.16181659820219,10.502123467298791],[107.16181513229297,10.50212266383865],[107.16181368537934,10.502121834038224],[107.16181225380842,10.50212097792242],[107.16181084125823,10.502120099081461],[107.16180944587718,10.502119193912677],[107.16180807134963,10.502118266910083],[107.16180671583022,10.502117315374809],[107.16180538025108,10.502116342011927],[107.1618040646122,10.502115346821485],[107.16180277074002,10.502114329791032],[107.16180149955406,10.502113291818116],[107.16180025015368,10.502112234716524],[107.16179902253884,10.502111158486283],[107.16179782035623,10.502110062198714],[107.16179663998429,10.502108950397599],[107.16179548413761,10.50210781944916],[107.16179435192809,10.502106672974731],[107.16179324426265,10.502105510064339],[107.16179216389358,10.502104332506871],[107.16179110625474,10.50210314033343],[107.16179007410463,10.502101936236709],[107.16178906743698,10.502100719312926],[107.16178808715247,10.502099487748286],[107.16178713238185,10.502098247875479],[107.16178620401318,10.502096996073178],[107.16178530023261,10.502095734161371],[107.16178442378609,10.502094463025186],[107.16178357285347,10.502093183580859],[107.16178275018697,10.502091897617261],[107.16178195212113,10.502090603351739],[107.16178117958802,10.502089303489399],[107.1617804353336,10.502087998915382],[107.16177975363122,10.502086758990808],[107.16147920561907,10.501337476599508],[107.16169264085812,10.501242002221714],[107.16169028095422,10.501237927578467],[107.16200921802677,10.501096630236168],[107.16201094842896,10.501099616439129],[107.16210192271498,10.501058743315614],[107.16210856127657,10.501055591664496],[107.16217707828946,10.501205575693501],[107.1622249749077,10.501312647352746],[107.1622695698421,10.501412065303279],[107.16227702943787,10.501428877151453],[107.16230716986728,10.501495431057981],[107.16231568864399,10.501488439803634],[107.16235392918111,10.501572240444613],[107.16234538129969,10.501579249071121],[107.16235524030188,10.501602792526272],[107.16247006155095,10.501857598419381],[107.16244982295667,10.501911632213506],[107.16231527041269,10.501972671053577],[107.1623138518697,10.501973294411831],[107.16226229501994,10.501995897710993],[107.16221017229314,10.502017239503029],[107.16215753471739,10.50203730317118],[107.16210442871703,10.502056066707155],[107.16210252558147,10.502056741267523],[107.16188092241339,10.502131958164744],[107.16187961758018,10.502132254466371],[107.16187813476776,10.502132566441148],[107.16187663991998,10.502132854998461],[107.16187513211732,10.502133119240696],[107.16187361135977,10.502133359167882],[107.16187207948637,10.502133576575151],[107.16187053737893,10.502133766937357],[107.16186898596955,10.502133932959648],[107.16186742159272,10.502134072859315],[107.1618658497341,10.502134187502845],[107.1618642694679,10.502134275088858],[107.16186268170105,10.502134334707396],[107.16186108643359,10.502134366358437]]]},"properties":{"FID":331,"Shape_Leng":351.74958009400001,"Shape_Area":7813.8482798599998,"Sothua":44,"So_To":128,"LoaidatHT":"DGD","Khuphomoi":"Khu phố Hương Sơn","Sothuacu":44,"Sotocu":51,"Phuongcu":"Phường Long Hương","Nguoisudun":"Trường mầm non Long Hương","Quyetdinh":" ","ID":"44.128"}},{"type":"Feature","id":332,"geometry":{"type":"Polygon","coordinates":[[[107.15549699808587,10.502171608908631],[107.15548695380711,10.502173444088269],[107.15547562932242,10.502141055469206],[107.15545176308224,10.50209355412948],[107.15543590449568,10.502060550957681],[107.15541973394298,10.502022331198551],[107.15541304001721,10.502004996029081],[107.15540875681367,10.501985242117341],[107.15540988911779,10.501973888674932],[107.15541711173572,10.501961434598],[107.15544014718513,10.501945872455371],[107.15546815709811,10.501927390615254],[107.15549088171259,10.501913627390557],[107.15550041616073,10.501906096133654],[107.15551130195577,10.501905899305179],[107.15552910149646,10.501913906582663],[107.15557998169764,10.501942463743731],[107.1556674139656,10.501991838230671],[107.15569984793105,10.502004863603627],[107.15563215313492,10.502095491845148],[107.1556242235385,10.502105295279357],[107.15560768812951,10.502121420674033],[107.15559343455132,10.502134847109467],[107.15557765632938,10.502148876807656],[107.1555629676466,10.502163170256106],[107.15549699808587,10.502171608908631]]]},"properties":{"FID":332,"Shape_Leng":92.552177515599993,"Shape_Area":565.95024415499995,"Sothua":75,"So_To":119,"LoaidatHT":"LUC","Khuphomoi":"Khu phố Hương Sơn","Sothuacu":75,"Sotocu":13,"Phuongcu":"Phường Long Hương","Nguoisudun":"Nguyễn Văn Dự","Quyetdinh":"Quyết định 3693/QĐ-UBND","ID":"75.119"}},{"type":"Feature","id":333,"geometry":{"type":"Polygon","coordinates":[[[107.15571226394739,10.502341966792446],[107.15569238116584,10.502363067899994],[107.15564405520314,10.50228654354491],[107.1555629676466,10.502163170256106],[107.15557765632938,10.502148876807656],[107.15559343455132,10.502134847109467],[107.15560768812951,10.502121420674033],[107.1556242235385,10.502105295279357],[107.15563215313492,10.502095491845148],[107.15569984793105,10.502004863603627],[107.1557459681288,10.502032625146326],[107.15577806199066,10.502050866098866],[107.1558109812924,10.50206697563898],[107.1558389485117,10.502082778059251],[107.15586867827599,10.502097778562076],[107.15591373928928,10.502118322970968],[107.15594542495238,10.502131166303364],[107.1559389073886,10.502143486353607],[107.15592679817493,10.502158489880189],[107.15590086706064,10.502184371742857],[107.15584762970263,10.502233672832936],[107.15579578427928,10.502277063372546],[107.15573909289829,10.502320571772104],[107.15571226394739,10.502341966792446]]]},"properties":{"FID":333,"Shape_Leng":117.684174016,"Shape_Area":825.48114129800001,"Sothua":69,"So_To":119,"LoaidatHT":"LUC","Khuphomoi":"Khu phố Hương Sơn","Sothuacu":69,"Sotocu":13,"Phuongcu":"Phường Long Hương","Nguoisudun":"Nguyễn Văn Dự","Quyetdinh":"Quyết định 3693/QĐ-UBND","ID":"69.119"}},{"type":"Feature","id":334,"geometry":{"type":"Polygon","coordinates":[[[107.1562183897651,10.502633766765925],[107.15620722605728,10.502633926646489],[107.15618143800761,10.502626970598394],[107.15615297403171,10.5026218548392],[107.15612047151613,10.502618710639581],[107.15607812420387,10.502612058659983],[107.15602850605137,10.502604055121036],[107.15598547086533,10.502593821411169],[107.15594354873102,10.50258539773376],[107.15589796510683,10.502574843286224],[107.15587841670693,10.502570277038275],[107.15587407344158,10.502569527433597],[107.15585355031298,10.502550566209628],[107.15581814785152,10.502513132362338],[107.15577629168175,10.502462849228316],[107.15573069625964,10.502406066742946],[107.15571518050815,10.502386690088594],[107.15569238116584,10.502363067899994],[107.15571226394739,10.502341966792446],[107.15573909289829,10.502320571772104],[107.15579578427928,10.502277063372546],[107.15584762970263,10.502233672832936],[107.15590086706064,10.502184371742857],[107.15592679817493,10.502158489880189],[107.1559389073886,10.502143486353607],[107.15594542495238,10.502131166303364],[107.15597703914739,10.502147400375692],[107.15603128117941,10.502174507474223],[107.15608973135424,10.502199208915371],[107.15613241466598,10.502217578556889],[107.15616763887718,10.502232074431499],[107.15619331880211,10.502242012949225],[107.1561919393629,10.502270535371203],[107.15619056220844,10.502288587837342],[107.15619039623297,10.502314435725955],[107.15619102220184,10.502344517187806],[107.15619213285918,10.502380882383248],[107.15619448773039,10.502415451356818],[107.15619708331096,10.50244561705437],[107.15620185834359,10.502494800752912],[107.15620584923961,10.502525204621877],[107.15621083626111,10.502557282844403],[107.15621788188294,10.502592927145988],[107.15621835822091,10.50262342357609],[107.1562183897651,10.502633766765925]]]},"properties":{"FID":334,"Shape_Leng":180.05011303699999,"Shape_Area":2045.18387489,"Sothua":57,"So_To":119,"LoaidatHT":"LUC","Khuphomoi":"Khu phố Hương Sơn","Sothuacu":57,"Sotocu":13,"Phuongcu":"Phường Long Hương","Nguoisudun":"Nguyễn Văn Dự","Quyetdinh":"Quyết định 3693/QĐ-UBND","ID":"57.119"}},{"type":"Feature","id":335,"geometry":{"type":"Polygon","coordinates":[[[107.15642474206044,10.502659051550628],[107.15641380464135,10.502663922458508],[107.15640185842906,10.502663185641518],[107.15637189237988,10.502656792152097],[107.15631271730152,10.502649918285437],[107.15627153427491,10.502645221538728],[107.15623720916776,10.502637644706756],[107.1562183897651,10.502633766765925],[107.15621835822091,10.50262342357609],[107.15621788188294,10.502592927145988],[107.15621083626111,10.502557282844403],[107.15620584923961,10.502525204621877],[107.15620185834359,10.502494800752912],[107.15619708331096,10.50244561705437],[107.15619448773039,10.502415451356818],[107.15619213285918,10.502380882383248],[107.15619102220184,10.502344517187806],[107.15619039623297,10.502314435725955],[107.15619056220844,10.502288587837342],[107.1561919393629,10.502270535371203],[107.15619331880211,10.502242012949225],[107.15621359491715,10.502248533736845],[107.15624537174968,10.502265960629078],[107.15628398805845,10.502286013681713],[107.15631615351012,10.502303903397024],[107.15633842343213,10.50232242521383],[107.15634906101725,10.502331079416134],[107.15635552511162,10.502332121910785],[107.15637063357254,10.502390609914153],[107.15638281448658,10.502442836198988],[107.15641277069501,10.502573835044643],[107.15642976835528,10.502656230907833],[107.15642474206044,10.502659051550628]]]},"properties":{"FID":335,"Shape_Leng":124.493438471,"Shape_Area":831.95155958099997,"Sothua":52,"So_To":119,"LoaidatHT":"LUC","Khuphomoi":"Khu phố Hương Sơn","Sothuacu":52,"Sotocu":13,"Phuongcu":"Phường Long Hương","Nguoisudun":"Nguyễn Văn Dự","Quyetdinh":"Quyết định 3693/QĐ-UBND","ID":"52.119"}},{"type":"Feature","id":336,"geometry":{"type":"Polygon","coordinates":[[[107.1563859819654,10.50267779539854],[107.15638148808682,10.502767391623051],[107.15626351333677,10.502737064237037],[107.15628670787504,10.502666614208421],[107.1562887695648,10.502667070195155],[107.1563035560806,10.502665569731008],[107.15632842242739,10.50266880825882],[107.15634693373411,10.502669610752156],[107.15636832214413,10.502674009011869],[107.15638428104268,10.502677474343736],[107.1563859819654,10.50267779539854]]]},"properties":{"FID":336,"Shape_Leng":42.475059211599998,"Shape_Area":111.469940826,"Sothua":139,"So_To":114,"LoaidatHT":"LUC","Khuphomoi":"Khu phố Hương Sơn","Sothuacu":139,"Sotocu":41,"Phuongcu":"Phường Long Hương","Nguoisudun":" ","Quyetdinh":"Quyết định 3693/QĐ-UBND","ID":"139.114"}},{"type":"Feature","id":337,"geometry":{"type":"Polygon","coordinates":[[[107.1455244111134,10.502790481861339],[107.1455027280616,10.502797383657274],[107.14549051100863,10.502756214352818],[107.14549999934954,10.502753601416446],[107.14549939350913,10.502712391600202],[107.14561157415996,10.502677480266506],[107.14570992208107,10.502648111605289],[107.14577976730288,10.502627342127953],[107.14581215726849,10.502709840229858],[107.14556913610198,10.502777990486168],[107.14556191350759,10.502780852030861],[107.14552413879299,10.502789531964988],[107.1455244111134,10.502790481861339]]]},"properties":{"FID":337,"Shape_Leng":87.648448451999997,"Shape_Area":321.139655318,"Sothua":177,"So_To":50,"LoaidatHT":"ODT","Khuphomoi":"Khu phố Hải Dinh","Sothuacu":0,"Sotocu":50,"Phuongcu":"Phường Kim Dinh","Nguoisudun":" ","Quyetdinh":"Quyết định 3693/QĐ-UBND","ID":"177.50"}},{"type":"Feature","id":338,"geometry":{"type":"Polygon","coordinates":[[[107.15499982916718,10.502557655956528],[107.15452307382695,10.502830672097836],[107.15447406891079,10.502740757392127],[107.15491957376985,10.502489896613994],[107.15495734362959,10.502469389958573],[107.1549751290993,10.502503562287052],[107.15499982916718,10.502557655956528]]]},"properties":{"FID":338,"Shape_Leng":143.280501192,"Shape_Area":671.72566010699995,"Sothua":80,"So_To":114,"LoaidatHT":"CLN","Khuphomoi":"Khu phố Hương Sơn","Sothuacu":80,"Sotocu":41,"Phuongcu":"Phường Long Hương","Nguoisudun":" ","Quyetdinh":"Quyết định 3693/QĐ-UBND","ID":"80.114"}},{"type":"Feature","id":339,"geometry":{"type":"Polygon","coordinates":[[[107.1550641145398,10.502849212156653],[107.15503472242943,10.502856186783015],[107.15496403821747,10.502686191927264],[107.15496474957999,10.502685784894801],[107.15504154322909,10.502643317828376],[107.15505605977771,10.502676389784227],[107.15507083069633,10.502710584374418],[107.15508635650016,10.502746434171243],[107.15510143944572,10.502779923461933],[107.15511365965203,10.502824799634038],[107.1550678653991,10.502847370902556],[107.1550641145398,10.502849212156653]]]},"properties":{"FID":339,"Shape_Leng":61.050145139900003,"Shape_Area":206.84338601499999,"Sothua":78,"So_To":114,"LoaidatHT":"CLN","Khuphomoi":"Khu phố Hương Sơn","Sothuacu":78,"Sotocu":41,"Phuongcu":"Phường Long Hương","Nguoisudun":" ","Quyetdinh":"Quyết định 3693/QĐ-UBND","ID":"78.114"}},{"type":"Feature","id":340,"geometry":{"type":"Polygon","coordinates":[[[107.14582624793024,10.502745778115321],[107.14550004730795,10.50284062400373],[107.14549264796852,10.502822372283811],[107.14548586248559,10.502802550975002],[107.1455027280616,10.502797383657274],[107.1455244111134,10.502790481861339],[107.14552413879299,10.502789531964988],[107.14556191350759,10.502780852030861],[107.14556913610198,10.502777990486168],[107.14581215726849,10.502709840229858],[107.14582624793024,10.502745778115321]]]},"properties":{"FID":340,"Shape_Leng":83.276874984399996,"Shape_Area":164.57319939199999,"Sothua":172,"So_To":50,"LoaidatHT":"ODT","Khuphomoi":"Khu phố Hải Dinh","Sothuacu":0,"Sotocu":50,"Phuongcu":"Phường Kim Dinh","Nguoisudun":" ","Quyetdinh":"Quyết định 3693/QĐ-UBND","ID":"172.50"}},{"type":"Feature","id":341,"geometry":{"type":"Polygon","coordinates":[[[107.14551587290254,10.502872947502192],[107.14551352387673,10.502873865403998],[107.14550004730795,10.50284062400373],[107.14582624793024,10.502745778115321],[107.1458409285102,10.502783426584019],[107.1456562802198,10.502834690993094],[107.14551587290254,10.502872947502192]]]},"properties":{"FID":341,"Shape_Leng":82.877542347000002,"Shape_Area":156.413710882,"Sothua":170,"So_To":50,"LoaidatHT":"ODT","Khuphomoi":"Khu phố Hải Dinh","Sothuacu":0,"Sotocu":50,"Phuongcu":"Phường Kim Dinh","Nguoisudun":" ","Quyetdinh":"Quyết định 3693/QĐ-UBND","ID":"170.50"}},{"type":"Feature","id":342,"geometry":{"type":"Polygon","coordinates":[[[107.15460282537737,10.502884760936414],[107.1545642334703,10.502910800054419],[107.15452307382695,10.502830672097836],[107.15499982916718,10.502557655956528],[107.15500408207794,10.502564607353431],[107.15502593957567,10.502609410882778],[107.15504154322909,10.502643317828376],[107.15496474957999,10.502685784894801],[107.15496403821747,10.502686191927264],[107.15496342711083,10.502684724642945],[107.15460282537737,10.502884760936414]]]},"properties":{"FID":342,"Shape_Leng":141.062806067,"Shape_Area":599.32833787699997,"Sothua":79,"So_To":114,"LoaidatHT":"CLN","Khuphomoi":"Khu phố Hương Sơn","Sothuacu":79,"Sotocu":41,"Phuongcu":"Phường Long Hương","Nguoisudun":" ","Quyetdinh":"Quyết định 3693/QĐ-UBND","ID":"79.114"}},{"type":"Feature","id":343,"geometry":{"type":"Polygon","coordinates":[[[107.14576049815506,10.502844933808706],[107.14552490849186,10.502910602508781],[107.14551352387673,10.502873865403998],[107.14551587290254,10.502872947502192],[107.1456562802198,10.502834690993094],[107.1458409285102,10.502783426584019],[107.14585478318359,10.502818649322032],[107.1458275781817,10.502827368112944],[107.14576049815506,10.502844933808706]]]},"properties":{"FID":343,"Shape_Leng":83.184666170200003,"Shape_Area":157.57180057599999,"Sothua":169,"So_To":50,"LoaidatHT":"ODT","Khuphomoi":"Khu phố Hải Dinh","Sothuacu":0,"Sotocu":50,"Phuongcu":"Phường Kim Dinh","Nguoisudun":" ","Quyetdinh":"Quyết định 3693/QĐ-UBND","ID":"169.50"}},{"type":"Feature","id":344,"geometry":{"type":"Polygon","coordinates":[[[107.14561061362869,10.502946306751511],[107.14554361763497,10.502961498373439],[107.14553540754849,10.502942357339919],[107.14552490849186,10.502910602508781],[107.14576049815506,10.502844933808706],[107.1458275781817,10.502827368112944],[107.14585478318359,10.502818649322032],[107.14586772757457,10.502851792164309],[107.14577012531973,10.502878448862173],[107.145604734434,10.502923620496267],[107.14561061362869,10.502946306751511]]]},"properties":{"FID":344,"Shape_Leng":87.448963447799997,"Shape_Area":161.50011603900001,"Sothua":171,"So_To":50,"LoaidatHT":"ODT","Khuphomoi":"Khu phố Hải Dinh","Sothuacu":0,"Sotocu":50,"Phuongcu":"Phường Kim Dinh","Nguoisudun":" ","Quyetdinh":"Quyết định 3693/QĐ-UBND","ID":"171.50"}},{"type":"Feature","id":345,"geometry":{"type":"Polygon","coordinates":[[[107.1457899411019,10.50310860988365],[107.14568721784941,10.503147291443245],[107.14565220770724,10.503064010246213],[107.14563389098976,10.503073423650257],[107.14559867750286,10.503089838468854],[107.14554361763497,10.502961498373439],[107.14561061362869,10.502946306751511],[107.145604734434,10.502923620496267],[107.14577012531973,10.502878448862173],[107.14586772757457,10.502851792164309],[107.14588430121159,10.502893250144115],[107.14594683668878,10.503052591721618],[107.14583730491319,10.503092327122408],[107.1457899411019,10.50310860988365]]]},"properties":{"FID":345,"Shape_Leng":126.06443434400001,"Shape_Area":861.72889231099998,"Sothua":141,"So_To":50,"LoaidatHT":"ODT","Khuphomoi":"Khu phố Hải Dinh","Sothuacu":0,"Sotocu":50,"Phuongcu":"Phường Kim Dinh","Nguoisudun":" ","Quyetdinh":"Quyết định 3693/QĐ-UBND","ID":"141.50"}},{"type":"Feature","id":346,"geometry":{"type":"Polygon","coordinates":[[[107.1622549126396,10.503179612585571],[107.16222842752661,10.503189707035284],[107.16191755718418,10.502387792910872],[107.16194373351748,10.50232935593186],[107.16260739168857,10.502077366906921],[107.16318047903789,10.501859712771061],[107.16350190126498,10.502688597451767],[107.16350779812484,10.502703801153167],[107.16260980535286,10.503044803803631],[107.162314272198,10.503157069080158],[107.1622549126396,10.503179612585571]]]},"properties":{"FID":346,"Shape_Leng":497.23998737300002,"Shape_Area":14997.1451301,"Sothua":1,"So_To":129,"LoaidatHT":"DGD","Khuphomoi":"Khu phố Hương Điền","Sothuacu":1,"Sotocu":52,"Phuongcu":"Phường Long Hương","Nguoisudun":"Trường THCS Nguyễn Trãi","Quyetdinh":" ","ID":"1.129"}},{"type":"Feature","id":347,"geometry":{"type":"Polygon","coordinates":[[[107.14575764881943,10.503225405508484],[107.14570338446991,10.503243447669778],[107.14569585297725,10.50322656254483],[107.14559867750286,10.503089838468854],[107.14563389098976,10.503073423650257],[107.14565220770724,10.503064010246213],[107.14568721784941,10.503147291443245],[107.1457899411019,10.50310860988365],[107.14583730491319,10.503092327122408],[107.14594683668878,10.503052591721618],[107.14596270543746,10.503094599469383],[107.14597185381571,10.503116432989405],[107.14598383482073,10.503151707246451],[107.14575764881943,10.503225405508484]]]},"properties":{"FID":347,"Shape_Leng":111.37520071199999,"Shape_Area":425.27235393000001,"Sothua":134,"So_To":50,"LoaidatHT":"ODT","Khuphomoi":"Khu phố Hải Dinh","Sothuacu":0,"Sotocu":50,"Phuongcu":"Phường Kim Dinh","Nguoisudun":" ","Quyetdinh":"Quyết định 3693/QĐ-UBND","ID":"134.50"}},{"type":"Feature","id":348,"geometry":{"type":"Polygon","coordinates":[[[107.16013379565715,10.503272929330745],[107.16012736370982,10.503277962215535],[107.16007618561132,10.503244460395534],[107.16007255726285,10.503245132224105],[107.16006690354295,10.503245581032205],[107.16006689099905,10.503245484408229],[107.16004866827879,10.503109678470159],[107.16005235362934,10.503109061387628],[107.16004677433054,10.503074738616595],[107.16012157610318,10.503082999443572],[107.16012639002786,10.503083531577323],[107.16021104567861,10.503090423821027],[107.16029282621024,10.503086914500459],[107.16033351680861,10.503077125731744],[107.16043145774591,10.503059289226853],[107.16047653449607,10.503068251176463],[107.16013379565715,10.503272929330745]]]},"properties":{"FID":348,"Shape_Leng":119.45950907300001,"Shape_Area":550.33406870199997,"Sothua":186,"So_To":115,"LoaidatHT":"ODT","Khuphomoi":"Khu phố Hương Sơn","Sothuacu":186,"Sotocu":42,"Phuongcu":"Phường Long Hương","Nguoisudun":" ","Quyetdinh":"Quyết định 3693/QĐ-UBND","ID":"186.115"}},{"type":"Feature","id":349,"geometry":{"type":"Polygon","coordinates":[[[107.16035418035656,10.503173958338804],[107.16039147206403,10.503308921337867],[107.16035101568082,10.503301161660128],[107.16034375912201,10.503299764924153],[107.16025421316057,10.50328253822596],[107.16025936271804,10.503235160807597],[107.16025274642774,10.503237058674742],[107.16017479638666,10.50326058335194],[107.16034866073869,10.503155721457386],[107.16035418035656,10.503173958338804]]]},"properties":{"FID":349,"Shape_Leng":70.142541705300005,"Shape_Area":170.99059824700001,"Sothua":175,"So_To":115,"LoaidatHT":"ODT","Khuphomoi":"Khu phố Hương Sơn","Sothuacu":175,"Sotocu":42,"Phuongcu":"Phường Long Hương","Nguoisudun":" ","Quyetdinh":"Quyết định 3693/QĐ-UBND","ID":"175.115"}},{"type":"Feature","id":350,"geometry":{"type":"Polygon","coordinates":[[[107.14584248900428,10.503311366844134],[107.1457903812755,10.503319404372602],[107.14578037015514,10.503290734658686],[107.14575764881943,10.503225405508484],[107.14598383482073,10.503151707246451],[107.14602986368027,10.503262883020152],[107.14600552961677,10.503270485170392],[107.14595951389799,10.50328466466496],[107.14590887643898,10.503297976082296],[107.14584248900428,10.503311366844134]]]},"properties":{"FID":350,"Shape_Leng":77.369866439999996,"Shape_Area":331.97484488800001,"Sothua":133,"So_To":50,"LoaidatHT":"ODT","Khuphomoi":"Khu phố Hải Dinh","Sothuacu":0,"Sotocu":50,"Phuongcu":"Phường Kim Dinh","Nguoisudun":" ","Quyetdinh":"Quyết định 3693/QĐ-UBND","ID":"133.50"}},{"type":"Feature","id":351,"geometry":{"type":"Polygon","coordinates":[[[107.15650502889264,10.503378594588462],[107.15649472771335,10.503386188028863],[107.15648214026218,10.503374773239205],[107.15645571376406,10.503353070194926],[107.15642966818629,10.503329930185743],[107.1563993533822,10.503300915373229],[107.15636218584483,10.503260386248304],[107.1563296129202,10.503227479518957],[107.15633636821387,10.503221388832594],[107.15635184101124,10.503202693802571],[107.15637033927109,10.50318659932047],[107.15639428437419,10.503164981604147],[107.15641318225956,10.503146066271414],[107.15643179195919,10.503124971959755],[107.15644921664762,10.503104860927268],[107.15646470986303,10.503085424616767],[107.15648291478109,10.503067331049028],[107.15650446477764,10.503052887007897],[107.15651844023316,10.503040445785285],[107.15653753946094,10.503124690142169],[107.15656877568765,10.503256921202455],[107.15658072864484,10.503309581042506],[107.15659312633659,10.503364736942663],[107.15658288448503,10.503365215052694],[107.15656170839888,10.503369840995926],[107.15653356189016,10.503368765948961],[107.15651538401117,10.50337035092941],[107.15650502889264,10.503378594588462]]]},"properties":{"FID":351,"Shape_Leng":102.840686375,"Shape_Area":577.95189578099996,"Sothua":55,"So_To":114,"LoaidatHT":"LUC","Khuphomoi":"Khu phố Hương Sơn","Sothuacu":55,"Sotocu":41,"Phuongcu":"Phường Long Hương","Nguoisudun":" ","Quyetdinh":"Quyết định 3693/QĐ-UBND","ID":"55.114"}},{"type":"Feature","id":352,"geometry":{"type":"Polygon","coordinates":[[[107.14595212918506,10.503337739778996],[107.14581091179602,10.503379196077931],[107.1457903812755,10.503319404372602],[107.14584248900428,10.503311366844134],[107.14590887643898,10.503297976082296],[107.14595951389799,10.50328466466496],[107.14600552961677,10.503270485170392],[107.14602986368027,10.503262883020152],[107.1460482107846,10.503308548086792],[107.14604698329896,10.503310263726254],[107.14602168948853,10.50331827999549],[107.14595212918506,10.503337739778996]]]},"properties":{"FID":352,"Shape_Leng":66.610556161800005,"Shape_Area":157.76389201999999,"Sothua":113,"So_To":50,"LoaidatHT":"ODT","Khuphomoi":"Khu phố Hải Dinh","Sothuacu":0,"Sotocu":50,"Phuongcu":"Phường Kim Dinh","Nguoisudun":" ","Quyetdinh":"Quyết định 3693/QĐ-UBND","ID":"113.50"}},{"type":"Feature","id":353,"geometry":{"type":"Polygon","coordinates":[[[107.15485029322181,10.50338737863939],[107.15483680043724,10.503396737184062],[107.15479516403286,10.50332189811585],[107.15475120146534,10.503229260368311],[107.15516717971082,10.503004528597558],[107.15517448748183,10.503000929651511],[107.15518786050949,10.503029502870534],[107.1552075439895,10.503075685915126],[107.15522940631607,10.503131582971424],[107.15524676067508,10.503176540867848],[107.15525766755931,10.503202698622802],[107.15523429678883,10.503212455951086],[107.15519484072155,10.503226340905185],[107.15514080294803,10.503250199175131],[107.15508099619161,10.503278304826988],[107.15501984921153,10.503308983728951],[107.15495354330085,10.50334193190665],[107.15489208615465,10.503370820602525],[107.15485029322181,10.50338737863939]]]},"properties":{"FID":353,"Shape_Leng":148.587340101,"Shape_Area":1150.2454456099999,"Sothua":52,"So_To":114,"LoaidatHT":"LUC","Khuphomoi":"Khu phố Hương Sơn","Sothuacu":52,"Sotocu":41,"Phuongcu":"Phường Long Hương","Nguoisudun":" ","Quyetdinh":"Quyết định 3693/QĐ-UBND","ID":"52.114"}},{"type":"Feature","id":354,"geometry":{"type":"Polygon","coordinates":[[[107.15192535170527,10.50344406588224],[107.15163787019836,10.50345299217066],[107.15155034341031,10.503447239635365],[107.15152663883207,10.503445739964635],[107.15149353857093,10.503441888938662],[107.15148612645602,10.503425272544984],[107.15148338703622,10.503419131508364],[107.15148311471546,10.503411717426504],[107.15148047958,10.503339745203478],[107.15147261981909,10.503118014785267],[107.15147102864643,10.503080762453132],[107.15145788057391,10.502711670314037],[107.15145192767817,10.502524625909954],[107.15245694715333,10.502491926730134],[107.15250430493464,10.502535548934002],[107.15251432472277,10.50282976073343],[107.15251907598169,10.502969251810432],[107.15252630971391,10.503145965644842],[107.15253253112925,10.503379075371992],[107.15248836263117,10.503425191808624],[107.15237043024207,10.503429897815785],[107.15213949410749,10.503437418915169],[107.15196698934596,10.503442774038037],[107.15192535170527,10.50344406588224]]]},"properties":{"FID":354,"Shape_Leng":428.42089143200002,"Shape_Area":11860.108471,"Sothua":132,"So_To":51,"LoaidatHT":"DGD","Khuphomoi":"Khu phố Núi Dinh","Sothuacu":0,"Sotocu":51,"Phuongcu":"Phường Kim Dinh","Nguoisudun":"Trường tiểu học Phan Bội Châu","Quyetdinh":"Quyết định 2206/QD-UBND ngày 29/6/2005 Xây dựng trường.","ID":"132.51"}},{"type":"Feature","id":355,"geometry":{"type":"Polygon","coordinates":[[[107.15661656417475,10.503466692134788],[107.15660651696901,10.503467450917995],[107.15658946691885,10.503465339721652],[107.15656342835356,10.50344505667829],[107.15652644057043,10.503414121391708],[107.15649472771335,10.503386188028863],[107.15650502889264,10.503378594588462],[107.15651538401117,10.50337035092941],[107.15653356189016,10.503368765948961],[107.15656170839888,10.503369840995926],[107.15658288448503,10.503365215052694],[107.15659312633659,10.503364736942663],[107.15661656417475,10.503466692134788]]]},"properties":{"FID":355,"Shape_Leng":39.574944017299998,"Shape_Area":83.397063348800003,"Sothua":46,"So_To":114,"LoaidatHT":"LUC","Khuphomoi":"Khu phố Hương Sơn","Sothuacu":46,"Sotocu":41,"Phuongcu":"Phường Long Hương","Nguoisudun":" ","Quyetdinh":"Quyết định 3693/QĐ-UBND","ID":"46.114"}},{"type":"Feature","id":356,"geometry":{"type":"Polygon","coordinates":[[[107.15498272123035,10.503532917023504],[107.15495902477875,10.503532981181985],[107.15493753864423,10.503528854646735],[107.15491251933749,10.503514495450515],[107.15489183338103,10.503493128376268],[107.1548657243259,10.503450540973706],[107.15483680043724,10.503396737184062],[107.15485029322181,10.50338737863939],[107.15489208615465,10.503370820602525],[107.15495354330085,10.50334193190665],[107.15501984921153,10.503308983728951],[107.15508099619161,10.503278304826988],[107.15514080294803,10.503250199175131],[107.15519484072155,10.503226340905185],[107.15523429678883,10.503212455951086],[107.15525766755931,10.503202698622802],[107.15526953249569,10.503230703623958],[107.15528702440503,10.503273500432519],[107.15531261741879,10.503333599351588],[107.15533052350602,10.503374616416986],[107.15535014613761,10.50342716461447],[107.1553291148343,10.503433842090271],[107.15530634030443,10.503438971393445],[107.15525270826974,10.503452460023512],[107.15518733165781,10.5034705909084],[107.15510401267612,10.503496356214759],[107.15504874040828,10.503511432226091],[107.15502752648301,10.503521410801147],[107.15498272123035,10.503532917023504]]]},"properties":{"FID":356,"Shape_Leng":143.36484354000001,"Shape_Area":1140.6102923799999,"Sothua":51,"So_To":114,"LoaidatHT":"LUC","Khuphomoi":"Khu phố Hương Sơn","Sothuacu":51,"Sotocu":41,"Phuongcu":"Phường Long Hương","Nguoisudun":" ","Quyetdinh":"Quyết định 3693/QĐ-UBND","ID":"51.114"}},{"type":"Feature","id":357,"geometry":{"type":"Polygon","coordinates":[[[107.15512187207034,10.503785045148618],[107.15511048518287,10.503788061707258],[107.15502752648301,10.503521410801147],[107.15504874040828,10.503511432226091],[107.15510401267612,10.503496356214759],[107.15518733165781,10.5034705909084],[107.15525270826974,10.503452460023512],[107.15530634030443,10.503438971393445],[107.1553291148343,10.503433842090271],[107.15535111902135,10.503491882045196],[107.15539593553439,10.503599510184232],[107.15543266129123,10.503694882206586],[107.15540496144456,10.503706601333246],[107.15534365957672,10.503724559977913],[107.15526974584384,10.503747078193424],[107.15517331606007,10.503771309274399],[107.15512187207034,10.503785045148618]]]},"properties":{"FID":357,"Shape_Leng":133.14650736799999,"Shape_Area":1122.62046775,"Sothua":38,"So_To":114,"LoaidatHT":"LUC","Khuphomoi":"Khu phố Hương Sơn","Sothuacu":38,"Sotocu":41,"Phuongcu":"Phường Long Hương","Nguoisudun":" ","Quyetdinh":"Quyết định 3693/QĐ-UBND","ID":"38.114"}},{"type":"Feature","id":358,"geometry":{"type":"Polygon","coordinates":[[[107.15681348196046,10.503909162373683],[107.15676540874969,10.50394524261632],[107.15676376759704,10.503937214223294],[107.15675293326795,10.503884150021767],[107.15674329786172,10.503837504789166],[107.15683880253442,10.503810543650514],[107.15687460142321,10.503855581245693],[107.15682399529693,10.503905293959628],[107.15681348196046,10.503909162373683]]]},"properties":{"FID":358,"Shape_Leng":45.0209739087,"Shape_Area":119.359108428,"Sothua":90,"So_To":114,"LoaidatHT":"HNK","Khuphomoi":"Khu phố Hương Sơn","Sothuacu":90,"Sotocu":41,"Phuongcu":"Phường Long Hương","Nguoisudun":" ","Quyetdinh":"Quyết định 3693/QĐ-UBND","ID":"90.114"}},{"type":"Feature","id":359,"geometry":{"type":"Polygon","coordinates":[[[107.1555542151192,10.503982000133959],[107.15523480648471,10.504067340191032],[107.15519675983107,10.504004730942819],[107.15514854002231,10.503909826476795],[107.155125180014,10.503862253909276],[107.15510953183505,10.503834585508404],[107.15510224083789,10.503791201542475],[107.15511048518287,10.503788061707258],[107.15512187207034,10.503785045148618],[107.15517331606007,10.503771309274399],[107.15526974584384,10.503747078193424],[107.15534365957672,10.503724559977913],[107.15540496144456,10.503706601333246],[107.15543266129123,10.503694882206586],[107.15545892200424,10.503763281842563],[107.15549322253388,10.503846461408907],[107.15553507295971,10.503934482119456],[107.1555542151192,10.503982000133959]]]},"properties":{"FID":359,"Shape_Leng":142.50249028100001,"Shape_Area":1260.3656313199999,"Sothua":37,"So_To":114,"LoaidatHT":"LUC","Khuphomoi":"Khu phố Hương Sơn","Sothuacu":37,"Sotocu":41,"Phuongcu":"Phường Long Hương","Nguoisudun":" ","Quyetdinh":"Quyết định 3693/QĐ-UBND","ID":"37.114"}},{"type":"Feature","id":360,"geometry":{"type":"Polygon","coordinates":[[[107.15520397089901,10.504075576457041],[107.15516456483893,10.50408035411545],[107.15510217241724,10.503946015132982],[107.15489183338103,10.503493128376268],[107.15491251933749,10.503514495450515],[107.15493753864423,10.503528854646735],[107.15495902477875,10.503532981181985],[107.15498272123035,10.503532917023504],[107.15502752648301,10.503521410801147],[107.15511048518287,10.503788061707258],[107.15510224083789,10.503791201542475],[107.15510953183505,10.503834585508404],[107.155125180014,10.503862253909276],[107.15514854002231,10.503909826476795],[107.15519675983107,10.504004730942819],[107.15523480648471,10.504067340191032],[107.15520397089901,10.504075576457041]]]},"properties":{"FID":360,"Shape_Leng":161.75256690500001,"Shape_Area":553.32636461599998,"Sothua":85,"So_To":114,"LoaidatHT":"LUC","Khuphomoi":"Khu phố Hương Sơn","Sothuacu":85,"Sotocu":41,"Phuongcu":"Phường Long Hương","Nguoisudun":" ","Quyetdinh":"Quyết định 3693/QĐ-UBND","ID":"85.114"}},{"type":"Feature","id":361,"geometry":{"type":"Polygon","coordinates":[[[107.15407359721769,10.504199445655034],[107.15400558826329,10.504273596341513],[107.15399399891169,10.504262028249373],[107.15391814625185,10.504189676296257],[107.15389347065823,10.504166139921571],[107.15387054252797,10.504140808432147],[107.15384392199354,10.504102162383814],[107.15382396747647,10.503998784965686],[107.15381580443714,10.503939315083045],[107.15386565167461,10.503913912769923],[107.15390229364458,10.503957568529053],[107.15386677870694,10.504007643933004],[107.15389612955961,10.504027779114077],[107.15409626625743,10.504174729364328],[107.15407359721769,10.504199445655034]]]},"properties":{"FID":361,"Shape_Leng":109.471954641,"Shape_Area":449.10510957100001,"Sothua":6,"So_To":52,"LoaidatHT":"ODT","Khuphomoi":"Khu phố Núi Dinh","Sothuacu":33,"Sotocu":12,"Phuongcu":"Phường Kim Dinh","Nguoisudun":"UBND phường","Quyetdinh":"Quyết định 3693/QĐ-UBND","ID":"6.52"}},{"type":"Feature","id":362,"geometry":{"type":"Polygon","coordinates":[[[107.16783805510694,10.504292431115569],[107.16779986755184,10.504331482119667],[107.16767809857289,10.504223940151485],[107.16760527624982,10.504151179134391],[107.1676431034582,10.504128817864999],[107.1676735527637,10.504119488560702],[107.16770634714733,10.504106068812879],[107.16773987545203,10.504091420276156],[107.16780887914162,10.504066312664515],[107.16784072852163,10.504055024242296],[107.16786273166272,10.504130666598639],[107.16788420851717,10.504175495861857],[107.16791586420311,10.504209377211227],[107.16793884983085,10.504233649599165],[107.16788169755088,10.504301560803464],[107.16785822625064,10.50428779322591],[107.16783805510694,10.504292431115569]]]},"properties":{"FID":362,"Shape_Leng":101.20223645999999,"Shape_Area":575.20044614999995,"Sothua":55,"So_To":117,"LoaidatHT":"HNK","Khuphomoi":"Khu phố Hương Điền","Sothuacu":402,"Sotocu":44,"Phuongcu":"Phường Long Hương","Nguoisudun":"Trần Văn Tú","Quyetdinh":"Quyết định 3693/QĐ-UBND","ID":"55.117"}},{"type":"Feature","id":363,"geometry":{"type":"Polygon","coordinates":[[[107.15543354345957,10.504317273910791],[107.15542859553999,10.504319417044979],[107.15539982035075,10.50427036014255],[107.15540843343624,10.504265474309531],[107.15539182839723,10.504231396154017],[107.15544438456384,10.504203266441037],[107.15564987666893,10.504148329999323],[107.15565261906654,10.504153307735887],[107.15567240601504,10.504201217234346],[107.15567768749729,10.504211617866966],[107.15567363463254,10.504213370798848],[107.15543354345957,10.504317273910791]]]},"properties":{"FID":363,"Shape_Leng":78.809666913599997,"Shape_Area":289.34113428000001,"Sothua":29,"So_To":114,"LoaidatHT":"CLN","Khuphomoi":"Khu phố Hương Sơn","Sothuacu":29,"Sotocu":41,"Phuongcu":"Phường Long Hương","Nguoisudun":" ","Quyetdinh":"Quyết định 3693/QĐ-UBND","ID":"29.114"}},{"type":"Feature","id":364,"geometry":{"type":"Polygon","coordinates":[[[107.15529638316811,10.504329024110431],[107.15529325377238,10.504330797882412],[107.15525707134309,10.504253341461006],[107.15544438456384,10.504203266441037],[107.15539182839723,10.504231396154017],[107.15540843343624,10.504265474309531],[107.15539982035075,10.50427036014255],[107.15529638316811,10.504329024110431]]]},"properties":{"FID":364,"Shape_Leng":55.951623520799998,"Shape_Area":114.362185303,"Sothua":20,"So_To":114,"LoaidatHT":"CLN","Khuphomoi":"Khu phố Hương Sơn","Sothuacu":20,"Sotocu":41,"Phuongcu":"Phường Long Hương","Nguoisudun":" ","Quyetdinh":"Quyết định 3693/QĐ-UBND","ID":"20.114"}},{"type":"Feature","id":365,"geometry":{"type":"Polygon","coordinates":[[[107.1658672098736,10.504419123448645],[107.16584530983964,10.504434904490406],[107.16571814225753,10.50428793308331],[107.16575244908783,10.504273190848783],[107.16576442872137,10.504288423474179],[107.1658672098736,10.504419123448645]]]},"properties":{"FID":365,"Shape_Leng":48.930593327300002,"Shape_Area":72.231226658300002,"Sothua":213,"So_To":116,"LoaidatHT":"ODT","Khuphomoi":"Khu phố Hương Điền","Sothuacu":520,"Sotocu":43,"Phuongcu":"Phường Long Hương","Nguoisudun":"Nguyễn Văn Mầu","Quyetdinh":" ","ID":"213.116"}},{"type":"Feature","id":366,"geometry":{"type":"Polygon","coordinates":[[[107.16650646057562,10.504380027838197],[107.16635744651282,10.504453656160031],[107.16628915668575,10.504337080913078],[107.16618761582187,10.504160663647751],[107.16615494601052,10.504102324353488],[107.16644946376229,10.503975585103932],[107.16645956350634,10.503997184397388],[107.16655768143158,10.504162456394976],[107.16664450518989,10.504310592149128],[107.16658840320603,10.504338850768049],[107.16650646057562,10.504380027838197]]]},"properties":{"FID":366,"Shape_Leng":157.902884567,"Shape_Area":1534.4003149,"Sothua":103,"So_To":116,"LoaidatHT":"DTS","Khuphomoi":"Khu phố Hương Điền","Sothuacu":0,"Sotocu":43,"Phuongcu":"Phường Long Hương","Nguoisudun":"Chi cục quản lý TN","Quyetdinh":" ","ID":"103.116"}},{"type":"Feature","id":367,"geometry":{"type":"Polygon","coordinates":[[[107.16735916806536,10.504450296461515],[107.1673311319003,10.504458491238903],[107.16732486898739,10.504436925441889],[107.16731506295618,10.504402316387891],[107.16730514391034,10.504370753079074],[107.1672882825447,10.504323265743862],[107.16727489136632,10.504290411984341],[107.16730472270271,10.504276145738272],[107.16735461349344,10.504257070667794],[107.16742453312807,10.504231286237358],[107.16749016526656,10.504208695349659],[107.16754117113064,10.504186213367824],[107.16756118187465,10.504205200673111],[107.16758986767285,10.504232548734239],[107.16760651775765,10.50424946754282],[107.16761797717749,10.504263430149184],[107.16762949754968,10.504279978171198],[107.16763806508938,10.504293221199525],[107.16764293143298,10.504308473391058],[107.16765198239011,10.504361706302008],[107.16763383734683,10.504366410783586],[107.16760492159791,10.504373933723304],[107.16757669592535,10.504381929165733],[107.16753585021281,10.504395108338558],[107.16749138631204,10.504410152394547],[107.16745303257397,10.504422757787113],[107.16740953765462,10.504436230701577],[107.16737151161635,10.504447634476872],[107.16735916806536,10.504450296461515]]]},"properties":{"FID":367,"Shape_Leng":111.432359988,"Shape_Area":746.76499803199999,"Sothua":56,"So_To":117,"LoaidatHT":"LUC","Khuphomoi":"Khu phố Hương Điền","Sothuacu":401,"Sotocu":44,"Phuongcu":"Phường Long Hương","Nguoisudun":"Lương Thành Sơn","Quyetdinh":"Quyết định 3693/QĐ-UBND","ID":"56.117"}},{"type":"Feature","id":368,"geometry":{"type":"Polygon","coordinates":[[[107.16799077241056,10.50443651911816],[107.16795367045151,10.504471729620224],[107.16787933632,10.504411117333754],[107.16782884243912,10.50435313410531],[107.16788169755088,10.504301560803464],[107.16793884983085,10.504233649599165],[107.16796832373421,10.504227591529915],[107.16801075663129,10.504224097659959],[107.16805114099073,10.504236178862747],[107.16809500854717,10.504266980610668],[107.16807393256306,10.50430071959593],[107.16805504539836,10.5043323205545],[107.168033488565,10.504364422387962],[107.16799077241056,10.50443651911816]]]},"properties":{"FID":368,"Shape_Leng":82.981555338099994,"Shape_Area":438.90011254699999,"Sothua":54,"So_To":117,"LoaidatHT":"HNK","Khuphomoi":"Khu phố Hương Điền","Sothuacu":403,"Sotocu":44,"Phuongcu":"Phường Long Hương","Nguoisudun":"Trần Văn Tú","Quyetdinh":"Quyết định 3693/QĐ-UBND","ID":"54.117"}},{"type":"Feature","id":369,"geometry":{"type":"Polygon","coordinates":[[[107.15301536044106,10.504406801000238],[107.15298836956535,10.504466322288128],[107.15288921144609,10.504418969886345],[107.15286757816342,10.504408638522241],[107.15280369922804,10.504381052163026],[107.15276926274724,10.504364541376939],[107.15279658182627,10.504305589999142],[107.1528308365902,10.504321973671978],[107.1529181348334,10.504356413090523],[107.15293507746354,10.504363180833845],[107.15301536044106,10.504406801000238]]]},"properties":{"FID":369,"Shape_Leng":67.386742520200002,"Shape_Area":195.899944409,"Sothua":21,"So_To":51,"LoaidatHT":"ODT","Khuphomoi":"Khu phố Núi Dinh","Sothuacu":0,"Sotocu":51,"Phuongcu":"Phường Kim Dinh","Nguoisudun":" ","Quyetdinh":" ","ID":"21.51"}},{"type":"Feature","id":370,"geometry":{"type":"Polygon","coordinates":[[[107.15508530023938,10.504401951960643],[107.15489120940224,10.504522920303405],[107.15483965042547,10.504397423081663],[107.15485511313368,10.504289501325703],[107.15493919850344,10.504270310708332],[107.15507871165974,10.504264785625056],[107.1551482133719,10.504275584473852],[107.15517961013367,10.504339202355233],[107.15508530023938,10.504401951960643]]]},"properties":{"FID":370,"Shape_Leng":104.88343759599999,"Shape_Area":652.12090527500004,"Sothua":89,"So_To":67,"LoaidatHT":"ODT","Khuphomoi":"Khu phố Hương Sơn","Sothuacu":89,"Sotocu":9,"Phuongcu":"phường Long Hương","Nguoisudun":"NGUYỄN THỊ HOA","Quyetdinh":"Quyết định 3693/QĐ-UBND","ID":"89.67"}},{"type":"Feature","id":371,"geometry":{"type":"Polygon","coordinates":[[[107.16782164281662,10.504579926685498],[107.16780640514727,10.504580631797502],[107.16779813216228,10.504579377759828],[107.16778919461079,10.504572011199427],[107.16777010623235,10.50455472583862],[107.16775018505002,10.50453182349267],[107.16774434307945,10.504520728314509],[107.16773735969541,10.504509921116073],[107.16773151076487,10.504504114242611],[107.16771988655583,10.504479880841137],[107.16770871908454,10.50446417458382],[107.16769525402223,10.504447188841283],[107.16768145270558,10.504424939732022],[107.16767130515973,10.504404226568326],[107.16765888779983,10.504377965885638],[107.16765198239011,10.504361706302008],[107.16764293143298,10.504308473391058],[107.16763806508938,10.504293221199525],[107.16762949754968,10.504279978171198],[107.16761797717749,10.504263430149184],[107.16760651775765,10.50424946754282],[107.16758986767285,10.504232548734239],[107.16756118187465,10.504205200673111],[107.16754117113064,10.504186213367824],[107.16755318155801,10.504176380927593],[107.16756882776259,10.504189998608648],[107.16777393578433,10.504382136730277],[107.167844436979,10.504446693289768],[107.16789211154358,10.504484762898251],[107.16794158002882,10.504526271033058],[107.16792890857181,10.50454018875504],[107.16791476490685,10.504546772082266],[107.16789807204208,10.504554498981324],[107.16784799929461,10.504572887574792],[107.16782164281662,10.504579926685498]]]},"properties":{"FID":371,"Shape_Leng":129.41006903900001,"Shape_Area":471.273210339,"Sothua":47,"So_To":117,"LoaidatHT":"LUC","Khuphomoi":"Khu phố Hương Điền","Sothuacu":341,"Sotocu":44,"Phuongcu":"Phường Long Hương","Nguoisudun":"Dương Văn Hoàng","Quyetdinh":"Quyết định 3693/QĐ-UBND","ID":"47.117"}},{"type":"Feature","id":372,"geometry":{"type":"Polygon","coordinates":[[[107.16556279566431,10.50444302691295],[107.1654260608252,10.504594087399406],[107.16541602170014,10.504579087361549],[107.16540993935921,10.504563236042923],[107.16540724012494,10.504555691271474],[107.16539876961359,10.504512838280224],[107.16538346582274,10.504431024735339],[107.16550447329693,10.504379766801652],[107.16565894463172,10.504313376480399],[107.16556279566431,10.50444302691295]]]},"properties":{"FID":372,"Shape_Leng":91.876148135999998,"Shape_Area":330.72409806600001,"Sothua":212,"So_To":116,"LoaidatHT":"ODT","Khuphomoi":"Khu phố Hương Điền","Sothuacu":396,"Sotocu":43,"Phuongcu":"Phường Long Hương","Nguoisudun":"Nguyễn Văn Mầu","Quyetdinh":" ","ID":"212.116"}},{"type":"Feature","id":373,"geometry":{"type":"Polygon","coordinates":[[[107.16448993509633,10.504611927627352],[107.16440614784491,10.504647820397258],[107.1644042102355,10.50460091434973],[107.16440304590884,10.50457272753037],[107.16445307115558,10.504583543190893],[107.1644630822439,10.50458927565851],[107.16447809842568,10.50460069519379],[107.16448993509633,10.504611927627352]]]},"properties":{"FID":373,"Shape_Leng":29.055320615500001,"Shape_Area":45.618507855200001,"Sothua":3,"So_To":124,"LoaidatHT":"ODT","Khuphomoi":"Khu phố Hương Điền","Sothuacu":0,"Sotocu":49,"Phuongcu":"Phường Long Hương","Nguoisudun":" ","Quyetdinh":"Quyết định 3693/QĐ-UBND","ID":"3.124"}},{"type":"Feature","id":374,"geometry":{"type":"Polygon","coordinates":[[[107.16538543484424,10.504666893601843],[107.16538444565002,10.504668057243121],[107.16537848209076,10.504667160664003],[107.16537010643398,10.504665852128724],[107.16535717447432,10.504663894098725],[107.16534675487534,10.504661532996348],[107.16533431659393,10.504658861192924],[107.16531005759637,10.504656166994362],[107.16526824066671,10.504652663442624],[107.16525372320166,10.504648206309081],[107.16522572320311,10.504633156158983],[107.1652091382591,10.504615875231144],[107.16519814141594,10.504580332407746],[107.1651539656643,10.504529123096441],[107.16535717035585,10.504442377177957],[107.16536559200138,10.504491720854576],[107.16537068437718,10.50452855484053],[107.16537664747044,10.504559278468946],[107.16538071817858,10.504575831321164],[107.16538475302258,10.50458710428704],[107.16539774167876,10.504617524202786],[107.16541099791324,10.504627095627137],[107.16538543484424,10.504666893601843]]]},"properties":{"FID":374,"Shape_Leng":83.596075914699995,"Shape_Area":404.724823383,"Sothua":96,"So_To":116,"LoaidatHT":"ODT","Khuphomoi":"Khu phố Hương Điền","Sothuacu":428.42399999999998,"Sotocu":43,"Phuongcu":"Phường Long Hương","Nguoisudun":" ","Quyetdinh":"Quyết định 3693/QĐ-UBND","ID":"96.116"}},{"type":"Feature","id":375,"geometry":{"type":"Polygon","coordinates":[[[107.14341475832144,10.504622615709614],[107.14334615670236,10.504644103064351],[107.14333119876363,10.50461296482994],[107.1434788470584,10.504567706088535],[107.14348627637814,10.50458077598174],[107.1434942821211,10.50459770677902],[107.14349170491528,10.504598515942483],[107.14341475832144,10.504622615709614]]]},"properties":{"FID":375,"Shape_Leng":41.4791030353,"Shape_Area":63.335947055600002,"Sothua":77,"So_To":49,"LoaidatHT":"ODT","Khuphomoi":"Khu phố Hải Dinh","Sothuacu":104,"Sotocu":11,"Phuongcu":"Phường Kim Dinh","Nguoisudun":"Nhà tập thể","Quyetdinh":"Quyết định 3693/QĐ-UBND","ID":"77.49"}},{"type":"Feature","id":376,"geometry":{"type":"Polygon","coordinates":[[[107.14342535026346,10.504651035764391],[107.14335601338426,10.504672647393681],[107.14334615670236,10.504644103064351],[107.14341475832144,10.504622615709614],[107.14349170491528,10.504598515942483],[107.1434942821211,10.50459770677902],[107.14350729257843,10.504625216604703],[107.14350421235019,10.504626187336395],[107.14342575031938,10.504650908333623],[107.14342535026346,10.504651035764391]]]},"properties":{"FID":376,"Shape_Leng":41.086411621099998,"Shape_Area":57.4446028873,"Sothua":76,"So_To":49,"LoaidatHT":"ODT","Khuphomoi":"Khu phố Hải Dinh","Sothuacu":104,"Sotocu":11,"Phuongcu":"Phường Kim Dinh","Nguoisudun":"Nhà tập thể","Quyetdinh":"Quyết định 3693/QĐ-UBND","ID":"76.49"}},{"type":"Feature","id":377,"geometry":{"type":"Polygon","coordinates":[[[107.16740550530453,10.504717167714803],[107.16739545526897,10.50471934676559],[107.16738853834021,10.504715319571977],[107.16737222871919,10.504712785458201],[107.1673582489894,10.504709875713013],[107.16733979101667,10.504706116224549],[107.16732551085899,10.50469954443739],[107.16731291495933,10.504691818718571],[107.16730426781483,10.504686414163787],[107.16729701640425,10.50468222385242],[107.16729027439418,10.504667655096757],[107.1672762616022,10.50463065975655],[107.16726885495653,10.504606036909749],[107.16726655317693,10.504598916956587],[107.16726163118977,10.504576468006858],[107.16727175347225,10.504556749813233],[107.16730092145391,10.50451649780417],[107.16731814080163,10.504484858551997],[107.1673311319003,10.504458491238903],[107.16735916806536,10.504450296461515],[107.16737151161635,10.504447634476872],[107.16740953765462,10.504436230701577],[107.16745303257397,10.504422757787113],[107.16749138631204,10.504410152394547],[107.16753585021281,10.504395108338558],[107.16757669592535,10.504381929165733],[107.16760492159791,10.504373933723304],[107.16763383734683,10.504366410783586],[107.16765198239011,10.504361706302008],[107.16765888779983,10.504377965885638],[107.16767130515973,10.504404226568326],[107.16768145270558,10.504424939732022],[107.16769525402223,10.504447188841283],[107.16770871908454,10.50446417458382],[107.16771988655583,10.504479880841137],[107.16773151076487,10.504504114242611],[107.16773152132788,10.504519773775796],[107.16772530124251,10.504520070229859],[107.16772385550763,10.504520329558201],[107.16771271640667,10.504528599675467],[107.16768956894362,10.504545165729821],[107.16766185718843,10.504563079821633],[107.16762934391205,10.50458355288279],[107.1675926663074,10.504607462690183],[107.16755082356124,10.504634436472452],[107.16751250782514,10.504658913309822],[107.16747791799881,10.50468138894667],[107.16745686371272,10.50469336645485],[107.16743499288238,10.504705857485476],[107.16742295226877,10.504711494593197],[107.16740550530453,10.504717167714803]]]},"properties":{"FID":377,"Shape_Leng":138.91954577999999,"Shape_Area":1205.18704837,"Sothua":46,"So_To":117,"LoaidatHT":"LUC","Khuphomoi":"Khu phố Hương Điền","Sothuacu":344,"Sotocu":44,"Phuongcu":"Phường Long Hương","Nguoisudun":"Trần Văn Tú","Quyetdinh":"Quyết định 3693/QĐ-UBND","ID":"46.117"}},{"type":"Feature","id":378,"geometry":{"type":"Polygon","coordinates":[[[107.14299483585607,10.504669960490949],[107.14289945725764,10.504693281658227],[107.14290280539626,10.504679637356508],[107.14290543974685,10.504664064570756],[107.14290655453337,10.504645334102463],[107.1429141964166,10.50460577497793],[107.14304992933299,10.504580023897587],[107.14311175745705,10.504571969038544],[107.14317578665525,10.504564053861831],[107.14318867855505,10.504563110882044],[107.14324259475637,10.504559813881571],[107.14330180191274,10.504551256979788],[107.14334121710029,10.504549316019297],[107.14339816670892,10.504540908112356],[107.14342484828029,10.504533725927635],[107.14344084719512,10.504541658401614],[107.14328812046875,10.504591210285771],[107.14319244752727,10.504621637661996],[107.14299483585607,10.504669960490949]]]},"properties":{"FID":378,"Shape_Leng":130.003288013,"Shape_Area":351.56637933399998,"Sothua":82,"So_To":49,"LoaidatHT":"ODT","Khuphomoi":"Khu phố Hải Dinh","Sothuacu":104,"Sotocu":11,"Phuongcu":"Phường Kim Dinh","Nguoisudun":"Nhà tập thể","Quyetdinh":"Quyết định 3693/QĐ-UBND","ID":"82.49"}},{"type":"Feature","id":379,"geometry":{"type":"Polygon","coordinates":[[[107.14351991058483,10.504657400097205],[107.14336894431776,10.504703592335682],[107.14335601338426,10.504672647393681],[107.14342535026346,10.504651035764391],[107.14342575031938,10.504650908333623],[107.14350421235019,10.504626187336395],[107.14350729257843,10.504625216604703],[107.14351991058483,10.504657400097205]]]},"properties":{"FID":379,"Shape_Leng":42.202910349500002,"Shape_Area":64.917492384499994,"Sothua":75,"So_To":49,"LoaidatHT":"ODT","Khuphomoi":"Khu phố Hải Dinh","Sothuacu":104,"Sotocu":11,"Phuongcu":"Phường Kim Dinh","Nguoisudun":"Nhà tập thể","Quyetdinh":"Quyết định 3693/QĐ-UBND","ID":"75.49"}},{"type":"Feature","id":380,"geometry":{"type":"Polygon","coordinates":[[[107.16765359706706,10.504759998430329],[107.16762266720278,10.504776776705588],[107.16761177216642,10.504766612624952],[107.16759957326613,10.504756490889632],[107.16759264724114,10.504743693985962],[107.1675943105662,10.504734430208845],[107.16759997718103,10.504725354201696],[107.16761159818259,10.504715466570817],[107.1676217676559,10.504710901513638],[107.16763466446675,10.504712272204291],[107.16764355372604,10.504716773081734],[107.16765840208092,10.504732794038398],[107.16766375495204,10.504738316885263],[107.16765191259469,10.504752084326354],[107.16765473161097,10.504758332170141],[107.16765359706706,10.504759998430329]]]},"properties":{"FID":380,"Shape_Leng":22.7189160251,"Shape_Area":36.327131979100002,"Sothua":31,"So_To":117,"LoaidatHT":"LUC","Khuphomoi":"Khu phố Hương Điền","Sothuacu":342,"Sotocu":44,"Phuongcu":"Phường Long Hương","Nguoisudun":" ","Quyetdinh":"Quyết định 3693/QĐ-UBND","ID":"31.117"}},{"type":"Feature","id":381,"geometry":{"type":"Polygon","coordinates":[[[107.1435321930865,10.504687946298386],[107.14338161173879,10.504733804238448],[107.14336894431776,10.504703592335682],[107.14351991058483,10.504657400097205],[107.1435321930865,10.504687946298386]]]},"properties":{"FID":381,"Shape_Leng":41.810061813600001,"Shape_Area":62.446912273800002,"Sothua":74,"So_To":49,"LoaidatHT":"ODT","Khuphomoi":"Khu phố Hải Dinh","Sothuacu":104,"Sotocu":11,"Phuongcu":"Phường Kim Dinh","Nguoisudun":"Nhà tập thể","Quyetdinh":"Quyết định 3693/QĐ-UBND","ID":"74.49"}},{"type":"Feature","id":382,"geometry":{"type":"Polygon","coordinates":[[[107.14302112106019,10.504700001838907],[107.14288908339716,10.504735973842921],[107.1428944719181,10.504713598277243],[107.14289945725764,10.504693281658227],[107.14299483585607,10.504669960490949],[107.14319244752727,10.504621637661996],[107.14328812046875,10.504591210285771],[107.14344084719512,10.504541658401614],[107.14345389193205,10.504546855032212],[107.14345603957482,10.504548649102381],[107.14346084010052,10.504552662248416],[107.1434788470584,10.504567706088535],[107.14333119876363,10.50461296482994],[107.14328943056796,10.5046269074326],[107.14320093178607,10.504651015563335],[107.14305774009568,10.504690025715741],[107.14302112106019,10.504700001838907]]]},"properties":{"FID":382,"Shape_Leng":138.84147832400001,"Shape_Area":245.83025908400001,"Sothua":78,"So_To":49,"LoaidatHT":"ODT","Khuphomoi":"Khu phố Hải Dinh","Sothuacu":104,"Sotocu":11,"Phuongcu":"Phường Kim Dinh","Nguoisudun":"Nhà tập thể","Quyetdinh":"Quyết định 3693/QĐ-UBND","ID":"78.49"}},{"type":"Feature","id":383,"geometry":{"type":"Polygon","coordinates":[[[107.16696874978304,10.504785322628916],[107.16696139564704,10.504788537117141],[107.1669417881575,10.504777877545177],[107.16688969549222,10.504741292191973],[107.16678166234476,10.504692985643853],[107.16677795012872,10.504683850753144],[107.16671064033068,10.504518180582881],[107.16676744138772,10.504477138935099],[107.16678969700189,10.504469666051058],[107.16681849902241,10.504456826773806],[107.16683256370897,10.50445187994819],[107.16685536436975,10.504445430080725],[107.16688040393414,10.504437212417068],[107.16690322713517,10.504428231692112],[107.16692550249253,10.504421103021071],[107.16697884149075,10.504400270026654],[107.16700960461162,10.504388916786066],[107.16705475562576,10.504374046155487],[107.16707635713516,10.50436471313599],[107.16711542179804,10.504347838703728],[107.16715704185889,10.504331496343635],[107.16720694573446,10.504312592025947],[107.1672363649796,10.504301832714694],[107.16727489136632,10.504290411984341],[107.1672882825447,10.504323265743862],[107.16730514391034,10.504370753079074],[107.16731506295618,10.504402316387891],[107.16732486898739,10.504436925441889],[107.1673311319003,10.504458491238903],[107.16731814080163,10.504484858551997],[107.16730092145391,10.50451649780417],[107.16727175347225,10.504556749813233],[107.16726163118977,10.504576468006858],[107.16723192034588,10.504584179822658],[107.16719866276121,10.50459260818007],[107.16717418664507,10.504603177381217],[107.1671494710431,10.504617516247658],[107.16712628863856,10.504639163790813],[107.16708445474382,10.504684708280177],[107.16703788983688,10.504735199144923],[107.1670154681733,10.504755012154236],[107.16699149834959,10.504772707232595],[107.16696874978304,10.504785322628916]]]},"properties":{"FID":383,"Shape_Leng":186.40569801800001,"Shape_Area":2038.1922681799999,"Sothua":98,"So_To":116,"LoaidatHT":"LUC","Khuphomoi":"Khu phố Hương Điền","Sothuacu":347,"Sotocu":43,"Phuongcu":"Phường Long Hương","Nguoisudun":"Lương Thành Sơn","Quyetdinh":"Quyết định 3693/QĐ-UBND","ID":"98.116"}},{"type":"Feature","id":384,"geometry":{"type":"Polygon","coordinates":[[[107.1434084392707,10.504759179904251],[107.14339142761368,10.504764509005927],[107.14338161173879,10.504733804238448],[107.1435321930865,10.504687946298386],[107.14353738544712,10.504686400924863],[107.14354306683815,10.504707432749546],[107.14354574818741,10.504717355918556],[107.14354166147751,10.504718586521641],[107.1434084392707,10.504759179904251]]]},"properties":{"FID":384,"Shape_Leng":42.638035497700002,"Shape_Area":63.014923019900003,"Sothua":73,"So_To":49,"LoaidatHT":"ODT","Khuphomoi":"Khu phố Hải Dinh","Sothuacu":104,"Sotocu":11,"Phuongcu":"Phường Kim Dinh","Nguoisudun":"Nhà tập thể","Quyetdinh":"Quyết định 3693/QĐ-UBND","ID":"73.49"}},{"type":"Feature","id":385,"geometry":{"type":"Polygon","coordinates":[[[107.14292999315047,10.504763898199776],[107.14286953884148,10.504780074656177],[107.14288082191547,10.504751761771038],[107.14288908339716,10.504735973842921],[107.14302112106019,10.504700001838907],[107.14305774009568,10.504690025715741],[107.14320093178607,10.504651015563335],[107.14328943056796,10.5046269074326],[107.14329945892567,10.504656508996094],[107.14326443322851,10.504665636531145],[107.14320988105381,10.504682003669343],[107.14306773914493,10.504724651906416],[107.14302129936358,10.50473858444442],[107.14299905013047,10.504745261257252],[107.14299882131627,10.504745322455243],[107.14292999315047,10.504763898199776]]]},"properties":{"FID":385,"Shape_Leng":103.281727897,"Shape_Area":183.086312843,"Sothua":81,"So_To":49,"LoaidatHT":"ODT","Khuphomoi":"Khu phố Hải Dinh","Sothuacu":104,"Sotocu":11,"Phuongcu":"Phường Kim Dinh","Nguoisudun":"Nhà tập thể","Quyetdinh":"Quyết định 3693/QĐ-UBND","ID":"81.49"}},{"type":"Feature","id":386,"geometry":{"type":"Polygon","coordinates":[[[107.1673673464753,10.504829777798102],[107.16735337204764,10.504829987104984],[107.16734742102875,10.504826042793413],[107.16733973173618,10.504820613623339],[107.16733243692195,10.504811115467032],[107.1673271221398,10.504798349129164],[107.16731803014042,10.504772366696589],[107.16731026931933,10.504749080311045],[107.16730231896963,10.504724021921662],[107.16729848044874,10.50470725241945],[107.16729569669704,10.504687329512583],[107.16729701640425,10.50468222385242],[107.16730426781483,10.504686414163787],[107.16731291495933,10.504691818718571],[107.16732551085899,10.50469954443739],[107.16733979101667,10.504706116224549],[107.1673582489894,10.504709875713013],[107.16737222871919,10.504712785458201],[107.16738853834021,10.504715319571977],[107.16739545526897,10.50471934676559],[107.16739192993965,10.504729683440127],[107.16738678831111,10.504741489919368],[107.16737508167948,10.504763068153537],[107.16736675371246,10.504785366257295],[107.16736323467735,10.504805775073912],[107.16736381394554,10.504820350660475],[107.1673673464753,10.504829777798102]]]},"properties":{"FID":386,"Shape_Leng":44.256367347900003,"Shape_Area":90.050211409100001,"Sothua":29,"So_To":117,"LoaidatHT":"LUC","Khuphomoi":"Khu phố Hương Điền","Sothuacu":345,"Sotocu":44,"Phuongcu":"Phường Long Hương","Nguoisudun":" ","Quyetdinh":"Quyết định 3693/QĐ-UBND","ID":"29.117"}},{"type":"Feature","id":387,"geometry":{"type":"Polygon","coordinates":[[[107.14352522782289,10.504760189841383],[107.1434262186791,10.504791155913692],[107.1434084392707,10.504759179904251],[107.14354166147751,10.504718586521641],[107.14354574818741,10.504717355918556],[107.14355670794011,10.504744810898032],[107.14355856102753,10.504749449516316],[107.14355908516727,10.504750761055934],[107.14355605519506,10.504751603104408],[107.14352522782289,10.504760189841383]]]},"properties":{"FID":387,"Shape_Leng":38.964055012000003,"Shape_Area":60.564563377299997,"Sothua":72,"So_To":49,"LoaidatHT":"ODT","Khuphomoi":"Khu phố Hải Dinh","Sothuacu":104,"Sotocu":11,"Phuongcu":"Phường Kim Dinh","Nguoisudun":"Nhà tập thể","Quyetdinh":"Quyết định 3693/QĐ-UBND","ID":"72.49"}},{"type":"Feature","id":388,"geometry":{"type":"Polygon","coordinates":[[[107.14298615181802,10.504782105502134],[107.14293502465438,10.504793336480502],[107.14292999315047,10.504763898199776],[107.14299882131627,10.504745322455243],[107.14299905013047,10.504745261257252],[107.14302129936358,10.50473858444442],[107.14306773914493,10.504724651906416],[107.14320988105381,10.504682003669343],[107.14326443322851,10.504665636531145],[107.14329945892567,10.504656508996094],[107.14331051443989,10.504688716609158],[107.14321939636065,10.504714949274181],[107.14305111770135,10.504763401267157],[107.14303174961501,10.504768976738925],[107.14298615181802,10.504782105502134]]]},"properties":{"FID":388,"Shape_Leng":91.958803162600006,"Shape_Area":155.28385350100001,"Sothua":80,"So_To":49,"LoaidatHT":"ODT","Khuphomoi":"Khu phố Hải Dinh","Sothuacu":104,"Sotocu":11,"Phuongcu":"Phường Kim Dinh","Nguoisudun":"Nhà tập thể","Quyetdinh":"Quyết định 3693/QĐ-UBND","ID":"80.49"}},{"type":"Feature","id":389,"geometry":{"type":"Polygon","coordinates":[[[107.16558257828559,10.504766989081485],[107.16560577636534,10.504838420761164],[107.16553724990129,10.504760224132813],[107.16553080100158,10.504754814467956],[107.16552765509665,10.504751978949134],[107.16551296681061,10.504745812962616],[107.16549355044371,10.504741870098776],[107.16547990835765,10.504744034734362],[107.16544427673166,10.504741402773185],[107.16544446759993,10.504740615145485],[107.16543661604094,10.504737978033074],[107.16543004779084,10.504733265123264],[107.16542005684786,10.504715743093231],[107.16541399071188,10.504705103105019],[107.16540491602431,10.504689188146198],[107.16539160536705,10.504674426440999],[107.16538911536621,10.504672270639247],[107.16538810390993,10.504670631678962],[107.16538543484424,10.504666893601843],[107.16541099791324,10.504627095627137],[107.16545870000479,10.504648954506958],[107.16549451570137,10.504656904207556],[107.16550854770976,10.504657093176784],[107.1655149204896,10.504659048952757],[107.16552073373661,10.504662359760555],[107.1655429685902,10.504682706750209],[107.16555644972402,10.50470371631228],[107.16556784603786,10.504730652903708],[107.16558257828559,10.504766989081485]]]},"properties":{"FID":389,"Shape_Leng":72.871573274900001,"Shape_Area":192.87013597200001,"Sothua":123,"So_To":116,"LoaidatHT":"ODT","Khuphomoi":"Khu phố Hương Điền","Sothuacu":395,"Sotocu":43,"Phuongcu":"Phường Long Hương","Nguoisudun":" ","Quyetdinh":" ","ID":"123.116"}},{"type":"Feature","id":390,"geometry":{"type":"Polygon","coordinates":[[[107.14399272551103,10.504794841515997],[107.14392860623744,10.504816047452671],[107.14390692889492,10.504735476940807],[107.14391853878234,10.504731656646474],[107.14391236065904,10.504681376490939],[107.14390883956744,10.50459484999187],[107.14404632320678,10.504550577051836],[107.1440466006641,10.504554523126171],[107.14404128952319,10.504584530150051],[107.14403771492304,10.504632468363779],[107.14403138614148,10.504692235585575],[107.14404953824622,10.504777048995383],[107.14404204287619,10.504779168503577],[107.14399272551103,10.504794841515997]]]},"properties":{"FID":390,"Shape_Leng":80.876626113699999,"Shape_Area":343.65195799200001,"Sothua":70,"So_To":49,"LoaidatHT":"ODT","Khuphomoi":"Khu phố Hải Dinh","Sothuacu":107,"Sotocu":11,"Phuongcu":"Phường Kim Dinh","Nguoisudun":"xí nghiệp đá Long Hương","Quyetdinh":"Quyết định 3693/QĐ-UBND","ID":"70.49"}},{"type":"Feature","id":391,"geometry":{"type":"Polygon","coordinates":[[[107.14298746516049,10.504816157654808],[107.14296526775573,10.504819225103509],[107.14293903538614,10.504816589479319],[107.14291142659599,10.504803209317043],[107.14286953884148,10.504780074656177],[107.14292999315047,10.504763898199776],[107.14293502465438,10.504793336480502],[107.14298615181802,10.504782105502134],[107.14303174961501,10.504768976738925],[107.14305111770135,10.504763401267157],[107.14321939636065,10.504714949274181],[107.14331051443989,10.504688716609158],[107.14332176288227,10.504720029025993],[107.14322856836387,10.504746715884322],[107.14312114090731,10.504777482021014],[107.14305979803814,10.504794461694379],[107.14304596447963,10.50479844520256],[107.14301238280422,10.504808122438103],[107.14299657043149,10.504812677874865],[107.14298747567378,10.504815298036789],[107.14298746516049,10.504816157654808]]]},"properties":{"FID":391,"Shape_Leng":108.70720362199999,"Shape_Area":175.08839987299999,"Sothua":79,"So_To":49,"LoaidatHT":"ODT","Khuphomoi":"Khu phố Hải Dinh","Sothuacu":104,"Sotocu":11,"Phuongcu":"Phường Kim Dinh","Nguoisudun":"Nhà tập thể","Quyetdinh":"Quyết định 3693/QĐ-UBND","ID":"79.49"}},{"type":"Feature","id":392,"geometry":{"type":"Polygon","coordinates":[[[107.14372922597438,10.504798470554098],[107.14363140673336,10.504837893063188],[107.14358180116824,10.504719992957211],[107.14360604784157,10.504710283808702],[107.14360629447323,10.504705654509864],[107.14371361737214,10.504683845025097],[107.14374359431358,10.504677754080131],[107.14377407185148,10.504780673039789],[107.14376841760202,10.50478291477798],[107.14372922597438,10.504798470554098]]]},"properties":{"FID":392,"Shape_Leng":61.576544141900001,"Shape_Area":234.70333786,"Sothua":71,"So_To":49,"LoaidatHT":"ODT","Khuphomoi":"Khu phố Hải Dinh","Sothuacu":107,"Sotocu":11,"Phuongcu":"Phường Kim Dinh","Nguoisudun":"xí nghiệp đá Long Hương","Quyetdinh":"Quyết định 3693/QĐ-UBND","ID":"71.49"}},{"type":"Feature","id":393,"geometry":{"type":"Polygon","coordinates":[[[107.14305471257339,10.50482926565604],[107.14299792256436,10.504845335147982],[107.14299558988527,10.504838824305539],[107.14298746516049,10.504816157654808],[107.14298747567378,10.504815298036789],[107.14299657043149,10.504812677874865],[107.14301238280422,10.504808122438103],[107.14304596447963,10.50479844520256],[107.14305979803814,10.504794461694379],[107.14312114090731,10.504777482021014],[107.14322856836387,10.504746715884322],[107.14332176288227,10.504720029025993],[107.14333273806679,10.504751314364459],[107.14326114844168,10.504771258250235],[107.14323747457017,10.5047775506272],[107.14312994611889,10.504807975801086],[107.14305471257339,10.50482926565604]]]},"properties":{"FID":393,"Shape_Leng":83.384531697,"Shape_Area":135.439557573,"Sothua":57,"So_To":49,"LoaidatHT":"ODT","Khuphomoi":"Khu phố Hải Dinh","Sothuacu":104,"Sotocu":11,"Phuongcu":"Phường Kim Dinh","Nguoisudun":"Nhà tập thể","Quyetdinh":"Quyết định 3693/QĐ-UBND","ID":"57.49"}},{"type":"Feature","id":394,"geometry":{"type":"Polygon","coordinates":[[[107.14400299931633,10.504834860787897],[107.14393528716093,10.504856862871558],[107.14392299309786,10.504818025900038],[107.14392860623744,10.504816047452671],[107.14399272551103,10.504794841515997],[107.14404204287619,10.504779168503577],[107.1440551140844,10.504817861931683],[107.14402236882049,10.504828567605212],[107.14400299931633,10.504834860787897]]]},"properties":{"FID":394,"Shape_Leng":36.555661662699997,"Shape_Area":62.461994323100001,"Sothua":68,"So_To":49,"LoaidatHT":"ODT","Khuphomoi":"Khu phố Hải Dinh","Sothuacu":107,"Sotocu":11,"Phuongcu":"Phường Kim Dinh","Nguoisudun":"xí nghiệp đá Long Hương","Quyetdinh":"Quyết định 3693/QĐ-UBND","ID":"68.49"}},{"type":"Feature","id":395,"geometry":{"type":"Polygon","coordinates":[[[107.14345877054913,10.504860744662581],[107.1434552072773,10.504860801264144],[107.143451072403,10.50485902061455],[107.14344762551028,10.504855822625222],[107.143445490267,10.504849734353082],[107.14343367468543,10.504813790909768],[107.1434262186791,10.504791155913692],[107.14352522782289,10.504760189841383],[107.14355605519506,10.504751603104408],[107.14355908516727,10.504750761055934],[107.14355989399259,10.504752961853901],[107.14357337210936,10.504789616226164],[107.14358556580974,10.504822778720133],[107.14347360285946,10.50485789774287],[107.14345877054913,10.504860744662581]]]},"properties":{"FID":395,"Shape_Leng":47.145738578900001,"Shape_Area":131.221338506,"Sothua":62,"So_To":49,"LoaidatHT":"ODT","Khuphomoi":"Khu phố Hải Dinh","Sothuacu":104,"Sotocu":11,"Phuongcu":"Phường Kim Dinh","Nguoisudun":"Nhà tập thể","Quyetdinh":"Quyết định 3693/QĐ-UBND","ID":"62.49"}},{"type":"Feature","id":396,"geometry":{"type":"Polygon","coordinates":[[[107.143018916576,10.504873447280705],[107.14300849619597,10.504876401774487],[107.14299792256436,10.504845335147982],[107.14305471257339,10.50482926565604],[107.14312994611889,10.504807975801086],[107.14323747457017,10.5047775506272],[107.14326114844168,10.504771258250235],[107.14333273806679,10.504751314364459],[107.1433387793647,10.504749707223402],[107.14334982749395,10.504780974895249],[107.14330002930924,10.504794739442858],[107.14306373491826,10.504861051360495],[107.14302778243869,10.504871141389952],[107.143018916576,10.504873447280705]]]},"properties":{"FID":396,"Shape_Leng":84.923358236699997,"Shape_Area":142.31160396000001,"Sothua":58,"So_To":49,"LoaidatHT":"ODT","Khuphomoi":"Khu phố Hải Dinh","Sothuacu":104,"Sotocu":11,"Phuongcu":"Phường Kim Dinh","Nguoisudun":"Nhà tập thể","Quyetdinh":"Quyết định 3693/QĐ-UBND","ID":"58.49"}},{"type":"Feature","id":397,"geometry":{"type":"Polygon","coordinates":[[[107.14371345103551,10.504863147941606],[107.14365918025668,10.504884164391258],[107.14363140673336,10.504837893063188],[107.14372922597438,10.504798470554098],[107.14376841760202,10.50478291477798],[107.14377407185148,10.504780673039789],[107.14379415432929,10.504831015651762],[107.14371345103551,10.504863147941606]]]},"properties":{"FID":397,"Shape_Leng":44.704924731200002,"Shape_Area":97.692989600700002,"Sothua":63,"So_To":49,"LoaidatHT":"ODT","Khuphomoi":"Khu phố Hải Dinh","Sothuacu":107,"Sotocu":11,"Phuongcu":"Phường Kim Dinh","Nguoisudun":"xí nghiệp đá Long Hương","Quyetdinh":"Quyết định 3693/QĐ-UBND","ID":"63.49"}},{"type":"Feature","id":398,"geometry":{"type":"Polygon","coordinates":[[[107.16752947828543,10.504901871107334],[107.16751137204162,10.504932577357021],[107.16750603921473,10.504931501171482],[107.16749464380703,10.504925151014746],[107.16746825026156,10.504906839977016],[107.16743870139491,10.504883820786853],[107.16741606713055,10.504868816461057],[107.16739391887806,10.504851868309972],[107.16737910557198,10.504839825721671],[107.1673673464753,10.504829777798102],[107.16736381394554,10.504820350660475],[107.16736323467735,10.504805775073912],[107.16736675371246,10.504785366257295],[107.16737508167948,10.504763068153537],[107.16738678831111,10.504741489919368],[107.16739192993965,10.504729683440127],[107.16739545526897,10.50471934676559],[107.16740550530453,10.504717167714803],[107.16742295226877,10.504711494593197],[107.16743499288238,10.504705857485476],[107.16745686371272,10.50469336645485],[107.16747791799881,10.50468138894667],[107.16751250782514,10.504658913309822],[107.16755082356124,10.504634436472452],[107.1675926663074,10.504607462690183],[107.16762934391205,10.50458355288279],[107.16766185718843,10.504563079821633],[107.16768956894362,10.504545165729821],[107.16771271640667,10.504528599675467],[107.16772385550763,10.504520329558201],[107.16772530124251,10.504520070229859],[107.16773152132788,10.504519773775796],[107.1677367328446,10.504526374038312],[107.16774159192816,10.504536916464087],[107.16776105324048,10.504563153436097],[107.16777945234486,10.504580998451168],[107.167788721487,10.504589422929316],[107.16779513989756,10.504598707430693],[107.16777862717704,10.504604765544196],[107.16766375495204,10.504738316885263],[107.16765840208092,10.504732794038398],[107.16764355372604,10.504716773081734],[107.16763466446675,10.504712272204291],[107.1676217676559,10.504710901513638],[107.16761159818259,10.504715466570817],[107.16759997718103,10.504725354201696],[107.1675943105662,10.504734430208845],[107.16759264724114,10.504743693985962],[107.16759957326613,10.504756490889632],[107.16761177216642,10.504766612624952],[107.16762266720278,10.504776776705588],[107.16760831145612,10.504794335667903],[107.1675861606095,10.504819844550829],[107.16756575794274,10.504847211500307],[107.16755347150686,10.504864222171131],[107.16752947828543,10.504901871107334]]]},"properties":{"FID":398,"Shape_Leng":145.292061391,"Shape_Area":853.97164414899999,"Sothua":30,"So_To":117,"LoaidatHT":"LUC","Khuphomoi":"Khu phố Hương Điền","Sothuacu":343,"Sotocu":44,"Phuongcu":"Phường Long Hương","Nguoisudun":"Nguyễn Hữu Tuấn","Quyetdinh":"Quyết định 3693/QĐ-UBND","ID":"30.117"}},{"type":"Feature","id":399,"geometry":{"type":"Polygon","coordinates":[[[107.16384906086542,10.504885478529317],[107.16371577037741,10.504943466372103],[107.16374034598918,10.504904652251952],[107.16375374715575,10.504883484636116],[107.16376165453762,10.504887975153434],[107.16377991618003,10.504856442797047],[107.16378696058534,10.504844280828795],[107.16384906086542,10.504885478529317]]]},"properties":{"FID":399,"Shape_Leng":38.531712357399996,"Shape_Area":55.345720064799998,"Sothua":3,"So_To":121,"LoaidatHT":"ODT","Khuphomoi":"Khu phố Hương Điền","Sothuacu":0,"Sotocu":46,"Phuongcu":"Phường Long Hương","Nguoisudun":" ","Quyetdinh":"Quyết định 3693/QĐ-UBND","ID":"3.121"}},{"type":"Feature","id":400,"geometry":{"type":"Polygon","coordinates":[[[107.14303670217073,10.504902350237723],[107.14302839228722,10.504905154907192],[107.143018916576,10.504873447280705],[107.14302778243869,10.504871141389952],[107.14306373491826,10.504861051360495],[107.14330002930924,10.504794739442858],[107.14334982749395,10.504780974895249],[107.14338680824279,10.504804651481519],[107.14335545625694,10.504813316764805],[107.14330877565828,10.504825965718132],[107.14314898429954,10.504872050256992],[107.14314821856001,10.504872256982635],[107.14303670217073,10.504902350237723]]]},"properties":{"FID":400,"Shape_Leng":86.924854351700006,"Shape_Area":142.843093834,"Sothua":60,"So_To":49,"LoaidatHT":"ODT","Khuphomoi":"Khu phố Hải Dinh","Sothuacu":104,"Sotocu":11,"Phuongcu":"Phường Kim Dinh","Nguoisudun":"Nhà tập thể","Quyetdinh":"Quyết định 3693/QĐ-UBND","ID":"60.49"}},{"type":"Feature","id":401,"geometry":{"type":"Polygon","coordinates":[[[107.15297622316018,10.50489690946541],[107.15282583942142,10.504926281747185],[107.15259059194774,10.504894294602831],[107.15255743855795,10.504875011189956],[107.15255973538919,10.504840048136893],[107.15256096821908,10.504821304291733],[107.15257269274051,10.504748201670724],[107.15258398197187,10.504730411855469],[107.15267578803288,10.504553794624407],[107.15269619950131,10.504519043134424],[107.15272690545629,10.504442739663791],[107.15276926274724,10.504364541376939],[107.15280369922804,10.504381052163026],[107.15286757816342,10.504408638522241],[107.15288921144609,10.504418969886345],[107.15298836956535,10.504466322288128],[107.15301536044106,10.504406801000238],[107.15319780462387,10.504557263026495],[107.15325652082996,10.504627966240818],[107.15331871061396,10.504707418439688],[107.1530810494951,10.50483853859258],[107.15297622316018,10.50489690946541]]]},"properties":{"FID":401,"Shape_Leng":232.73147832399999,"Shape_Area":3222.3249887799998,"Sothua":3,"So_To":51,"LoaidatHT":"ODT","Khuphomoi":"Khu phố Núi Dinh","Sothuacu":2,"Sotocu":12,"Phuongcu":"Phường Kim Dinh","Nguoisudun":"UBND phường","Quyetdinh":"Quyết định 3693/QĐ-UBND","ID":"3.51"}},{"type":"Feature","id":402,"geometry":{"type":"Polygon","coordinates":[[[107.14397441036687,10.504901437827339],[107.14390583837819,10.504924704757206],[107.14388533009021,10.504872480538527],[107.14393528716093,10.504856862871558],[107.14400299931633,10.504834860787897],[107.14402236882049,10.504828567605212],[107.1440551140844,10.504817861931683],[107.14406174004951,10.504872555188518],[107.14404724110646,10.504877654045828],[107.14402195695766,10.504885908735881],[107.14397441036687,10.504901437827339]]]},"properties":{"FID":402,"Shape_Leng":49.862527816799997,"Shape_Area":113.58776045800001,"Sothua":67,"So_To":49,"LoaidatHT":"ODT","Khuphomoi":"Khu phố Hải Dinh","Sothuacu":107,"Sotocu":11,"Phuongcu":"Phường Kim Dinh","Nguoisudun":"xí nghiệp đá Long Hương","Quyetdinh":"Quyết định 3693/QĐ-UBND","ID":"67.49"}},{"type":"Feature","id":403,"geometry":{"type":"Polygon","coordinates":[[[107.14387683923522,10.504935119387589],[107.14385747619629,10.504942351603502],[107.14381673166923,10.504848346028306],[107.14378635488036,10.504778183166724],[107.14376505368251,10.504710831388266],[107.14376021674876,10.504694123234279],[107.14376747887671,10.504661624718427],[107.14380671465312,10.504653400548385],[107.14380106954626,10.504629553945874],[107.14380511011105,10.504628254056286],[107.14390883956744,10.50459484999187],[107.14391236065904,10.504681376490939],[107.14391853878234,10.504731656646474],[107.14390692889492,10.504735476940807],[107.14392860623744,10.504816047452671],[107.14392299309786,10.504818025900038],[107.14393528716093,10.504856862871558],[107.14388533009021,10.504872480538527],[107.14390583837819,10.504924704757206],[107.14388952875242,10.504930785653141],[107.14387683923522,10.504935119387589]]]},"properties":{"FID":403,"Shape_Leng":101.17355825200001,"Shape_Area":444.115452882,"Sothua":65,"So_To":49,"LoaidatHT":"ODT","Khuphomoi":"Khu phố Hải Dinh","Sothuacu":107,"Sotocu":11,"Phuongcu":"Phường Kim Dinh","Nguoisudun":"xí nghiệp đá Long Hương","Quyetdinh":"Quyết định 3693/QĐ-UBND","ID":"65.49"}},{"type":"Feature","id":404,"geometry":{"type":"Polygon","coordinates":[[[107.14306914940428,10.504941270821581],[107.14303290982836,10.504954229756125],[107.14301957217594,10.504907606006643],[107.14302839228722,10.504905154907192],[107.14303670217073,10.504902350237723],[107.14314821856001,10.504872256982635],[107.14314898429954,10.504872050256992],[107.14330877565828,10.504825965718132],[107.14335545625694,10.504813316764805],[107.14338680824279,10.504804651481519],[107.1433962739423,10.504836756845238],[107.14336399006635,10.50484537419289],[107.14333690273847,10.504853847986089],[107.14315907942866,10.504909482199825],[107.14315612707658,10.504910190857137],[107.14312611097681,10.504919351440481],[107.14307359761052,10.504935378513991],[107.14306772290091,10.504937172523777],[107.14306914940428,10.504941270821581]]]},"properties":{"FID":404,"Shape_Leng":93.211851912499995,"Shape_Area":176.086367043,"Sothua":59,"So_To":49,"LoaidatHT":"ODT","Khuphomoi":"Khu phố Hải Dinh","Sothuacu":104,"Sotocu":11,"Phuongcu":"Phường Kim Dinh","Nguoisudun":"Nhà tập thể","Quyetdinh":"Quyết định 3693/QĐ-UBND","ID":"59.49"}},{"type":"Feature","id":405,"geometry":{"type":"Polygon","coordinates":[[[107.14391394504538,10.504963282594108],[107.14390400158248,10.504966923520531],[107.14388952875242,10.504930785653141],[107.14390583837819,10.504924704757206],[107.14397441036687,10.504901437827339],[107.14402195695766,10.504885908735881],[107.14404724110646,10.504877654045828],[107.14405851469751,10.504910350021198],[107.14403391703509,10.504919354777021],[107.14391394504538,10.504963282594108]]]},"properties":{"FID":405,"Shape_Leng":44.406312116700001,"Shape_Area":74.592684833999996,"Sothua":66,"So_To":49,"LoaidatHT":"ODT","Khuphomoi":"Khu phố Hải Dinh","Sothuacu":107,"Sotocu":11,"Phuongcu":"Phường Kim Dinh","Nguoisudun":"xí nghiệp đá Long Hương","Quyetdinh":"Quyết định 3693/QĐ-UBND","ID":"66.49"}},{"type":"Feature","id":406,"geometry":{"type":"Polygon","coordinates":[[[107.15547419061789,10.504936287281213],[107.15538738986523,10.504990371616774],[107.15535998150285,10.504942854602492],[107.15526549686776,10.504762940279978],[107.15513300409191,10.50482408098244],[107.15504724414741,10.504715426600651],[107.15489311829434,10.504528077241908],[107.15489120940224,10.504522920303405],[107.15508530023938,10.504401951960643],[107.15517961013367,10.504339202355233],[107.15547419061789,10.504936287281213]]]},"properties":{"FID":406,"Shape_Leng":209.39605636499999,"Shape_Area":1770.0884914400001,"Sothua":74,"So_To":67,"LoaidatHT":"ODT","Khuphomoi":"Khu phố Hương Sơn","Sothuacu":74,"Sotocu":9,"Phuongcu":"phường Long Hương","Nguoisudun":"NGUYỄN THỊ ƯỚC; Sử dụng: UBND PHƯỜNG.","Quyetdinh":"Quyết định 3693/QĐ-UBND","ID":"74.67"}},{"type":"Feature","id":407,"geometry":{"type":"Polygon","coordinates":[[[107.14385883593087,10.504966430511191],[107.14381877203296,10.504982374515572],[107.1437496843924,10.504961068685693],[107.14369142796694,10.504927252017874],[107.14365918025668,10.504884164391258],[107.14371345103551,10.504863147941606],[107.14379415432929,10.504831015651762],[107.14379571083181,10.504833966100556],[107.14380521153507,10.504852998145296],[107.14383150315248,10.504909383427858],[107.14385883593087,10.504966430511191]]]},"properties":{"FID":407,"Shape_Leng":58.459209583300002,"Shape_Area":199.81770526099999,"Sothua":64,"So_To":49,"LoaidatHT":"ODT","Khuphomoi":"Khu phố Hải Dinh","Sothuacu":107,"Sotocu":11,"Phuongcu":"Phường Kim Dinh","Nguoisudun":"xí nghiệp đá Long Hương","Quyetdinh":"Quyết định 3693/QĐ-UBND","ID":"64.49"}},{"type":"Feature","id":408,"geometry":{"type":"Polygon","coordinates":[[[107.1432111362832,10.50496937941703],[107.14318033451902,10.504981553273774],[107.14315612707658,10.504910190857137],[107.14315907942866,10.504909482199825],[107.14333690273847,10.504853847986089],[107.14336399006635,10.50484537419289],[107.1433962739423,10.504836756845238],[107.14339640161859,10.504837127459101],[107.14341608055091,10.504897695201535],[107.14335480380589,10.504918436247008],[107.14335609250899,10.504922417071024],[107.1432111362832,10.50496937941703]]]},"properties":{"FID":408,"Shape_Leng":70.823238214300005,"Shape_Area":214.48708418199999,"Sothua":61,"So_To":49,"LoaidatHT":"ODT","Khuphomoi":"Khu phố Hải Dinh","Sothuacu":104,"Sotocu":11,"Phuongcu":"Phường Kim Dinh","Nguoisudun":"Nhà tập thể","Quyetdinh":"Quyết định 3693/QĐ-UBND","ID":"61.49"}},{"type":"Feature","id":409,"geometry":{"type":"Polygon","coordinates":[[[107.14393257075919,10.50500566501846],[107.143924421362,10.505008696392629],[107.14390900115185,10.504977150982217],[107.14390400158248,10.504966923520531],[107.14391394504538,10.504963282594108],[107.14403391703509,10.504919354777021],[107.14405851469751,10.504910350021198],[107.14407319389437,10.504953630389885],[107.14404387466858,10.504964378904422],[107.14399197654951,10.504983926016783],[107.14396066898065,10.50499571923095],[107.14393423962966,10.505005044561191],[107.14393257075919,10.50500566501846]]]},"properties":{"FID":409,"Shape_Leng":45.617621807100001,"Shape_Area":90.213833352199998,"Sothua":41,"So_To":49,"LoaidatHT":"ODT","Khuphomoi":"Khu phố Hải Dinh","Sothuacu":107,"Sotocu":11,"Phuongcu":"Phường Kim Dinh","Nguoisudun":"xí nghiệp đá Long Hương","Quyetdinh":"Quyết định 3693/QĐ-UBND","ID":"41.49"}},{"type":"Feature","id":410,"geometry":{"type":"Polygon","coordinates":[[[107.14313336916956,10.504994898275232],[107.14305340059754,10.505015721193596],[107.14303290982836,10.504954229756125],[107.14306914940428,10.504941270821581],[107.14306772290091,10.504937172523777],[107.14307359761052,10.504935378513991],[107.14312611097681,10.504919351440481],[107.14315612707658,10.504910190857137],[107.14318033451902,10.504981553273774],[107.14313336916956,10.504994898275232]]]},"properties":{"FID":410,"Shape_Leng":44.725965527900001,"Shape_Area":114.217122058,"Sothua":47,"So_To":49,"LoaidatHT":"ODT","Khuphomoi":"Khu phố Hải Dinh","Sothuacu":104,"Sotocu":11,"Phuongcu":"Phường Kim Dinh","Nguoisudun":"Nhà tập thể","Quyetdinh":"Quyết định 3693/QĐ-UBND","ID":"47.49"}},{"type":"Feature","id":411,"geometry":{"type":"Polygon","coordinates":[[[107.14358551106234,10.505033635569376],[107.14351163104249,10.505066187213737],[107.14349782616341,10.505019761882975],[107.14346670371955,10.504915096512539],[107.14346606899497,10.504912581811769],[107.1435385824616,10.504887676815512],[107.14360183597462,10.504865276504686],[107.14360383689598,10.504865262087284],[107.14360581740007,10.504866260102514],[107.14360676465483,10.504867609456959],[107.14361830853851,10.504892756612611],[107.14363336992679,10.504922864658683],[107.14367006190584,10.504997102756024],[107.14367032959302,10.504997645960314],[107.14367083344949,10.504998664794165],[107.14367103997843,10.505000537048312],[107.14358551106234,10.505033635569376]]]},"properties":{"FID":411,"Shape_Leng":69.3459754382,"Shape_Area":298.41693231400001,"Sothua":43,"So_To":49,"LoaidatHT":"ODT","Khuphomoi":"Khu phố Hải Dinh","Sothuacu":104,"Sotocu":11,"Phuongcu":"Phường Kim Dinh","Nguoisudun":"Nhà tập thể","Quyetdinh":"Quyết định 3693/QĐ-UBND","ID":"43.49"}},{"type":"Feature","id":412,"geometry":{"type":"Polygon","coordinates":[[[107.14405501734427,10.50507846243074],[107.14404077154626,10.505079746302378],[107.14402396686235,10.505077345353506],[107.14399045660585,10.50505897351791],[107.14397622979251,10.505050827554138],[107.14393983542629,10.505011144702094],[107.14393458285829,10.505005417334031],[107.14393423962966,10.505005044561191],[107.14396066898065,10.50499571923095],[107.14399197654951,10.504983926016783],[107.14404387466858,10.504964378904422],[107.14407319389437,10.504953630389885],[107.14409214422103,10.50501765020937],[107.1440950029897,10.505032239571616],[107.14409434902066,10.505048783253612],[107.14408294283686,10.50506558666401],[107.14407193093207,10.505071759222878],[107.14405501734427,10.50507846243074]]]},"properties":{"FID":412,"Shape_Leng":48.982592477300003,"Shape_Area":150.74719479699999,"Sothua":40,"So_To":49,"LoaidatHT":"ODT","Khuphomoi":"Khu phố Hải Dinh","Sothuacu":107,"Sotocu":11,"Phuongcu":"Phường Kim Dinh","Nguoisudun":"xí nghiệp đá Long Hương","Quyetdinh":"Quyết định 3693/QĐ-UBND","ID":"40.49"}},{"type":"Feature","id":413,"geometry":{"type":"Polygon","coordinates":[[[107.14351221142223,10.505068502533828],[107.14341148025325,10.505101400898461],[107.1433633777515,10.504948631503821],[107.14338262239137,10.504941444403315],[107.14346670371955,10.504915096512539],[107.14349782616341,10.505019761882975],[107.14351163104249,10.505066187213737],[107.14351221142223,10.505068502533828]]]},"properties":{"FID":413,"Shape_Leng":58.9183530444,"Shape_Area":208.750428172,"Sothua":44,"So_To":49,"LoaidatHT":"ODT","Khuphomoi":"Khu phố Hải Dinh","Sothuacu":104,"Sotocu":11,"Phuongcu":"Phường Kim Dinh","Nguoisudun":"Nhà tập thể","Quyetdinh":"Quyết định 3693/QĐ-UBND","ID":"44.49"}},{"type":"Feature","id":414,"geometry":{"type":"Polygon","coordinates":[[[107.1555369016354,10.505058821765113],[107.1554701580729,10.505134190632475],[107.15539886270959,10.505010283670046],[107.15548374720991,10.504955382630268],[107.15553171008641,10.505050856338048],[107.1555369016354,10.505058821765113]]]},"properties":{"FID":414,"Shape_Leng":50.8139378069,"Shape_Area":152.82304647399999,"Sothua":63,"So_To":67,"LoaidatHT":"SKC","Khuphomoi":"Khu phố Hương Sơn","Sothuacu":63,"Sotocu":9,"Phuongcu":"phường Long Hương","Nguoisudun":"DOÃN THỊ MINH","Quyetdinh":"Quyết định 3693/QĐ-UBND","ID":"63.67"}},{"type":"Feature","id":415,"geometry":{"type":"Polygon","coordinates":[[[107.1673672776418,10.505147239185638],[107.16735329720899,10.505167546811331],[107.1672653757557,10.50508304066047],[107.16718837609911,10.505009910414049],[107.1671437776661,10.504961657127344],[107.16709191627692,10.504909783002422],[107.16703797929006,10.504859126023268],[107.16696139564704,10.504788537117141],[107.16696874978304,10.504785322628916],[107.16699149834959,10.504772707232595],[107.1670154681733,10.504755012154236],[107.16703788983688,10.504735199144923],[107.16708445474382,10.504684708280177],[107.16712628863856,10.504639163790813],[107.1671494710431,10.504617516247658],[107.16717418664507,10.504603177381217],[107.16719866276121,10.50459260818007],[107.16723192034588,10.504584179822658],[107.16726163118977,10.504576468006858],[107.16726655317693,10.504598916956587],[107.16726885495653,10.504606036909749],[107.1672762616022,10.50463065975655],[107.16729027439418,10.504667655096757],[107.16729701640425,10.50468222385242],[107.16729569669704,10.504687329512583],[107.16729848044874,10.50470725241945],[107.16730231896963,10.504724021921662],[107.16731026931933,10.504749080311045],[107.16731803014042,10.504772366696589],[107.1673271221398,10.504798349129164],[107.16733243692195,10.504811115467032],[107.16733973173618,10.504820613623339],[107.16734742102875,10.504826042793413],[107.16735337204764,10.504829987104984],[107.1673673464753,10.504829777798102],[107.16737910557198,10.504839825721671],[107.16739391887806,10.504851868309972],[107.16741606713055,10.504868816461057],[107.16743870139491,10.504883820786853],[107.16746825026156,10.504906839977016],[107.16749464380703,10.504925151014746],[107.16750603921473,10.504931501171482],[107.16751137204162,10.504932577357021],[107.16751205357092,10.504936800778625],[107.16750788433593,10.504951059916522],[107.16750161765012,10.50496458320649],[107.16748851250352,10.504988346493096],[107.1674742487247,10.50501045285308],[107.16745723879116,10.505034272631187],[107.16743196432338,10.505067090351073],[107.16740884576399,10.505096323253294],[107.1673846056146,10.505125282725343],[107.1673672776418,10.505147239185638]]]},"properties":{"FID":415,"Shape_Leng":184.33630871299999,"Shape_Area":1754.8219233899999,"Sothua":28,"So_To":117,"LoaidatHT":"LUC","Khuphomoi":"Khu phố Hương Điền","Sothuacu":346,"Sotocu":44,"Phuongcu":"Phường Long Hương","Nguoisudun":"Nguyễn Hữu Tuấn","Quyetdinh":"Quyết định 3693/QĐ-UBND","ID":"28.117"}},{"type":"Feature","id":416,"geometry":{"type":"Polygon","coordinates":[[[107.14331805955952,10.505129340237637],[107.14329946659393,10.50513474690068],[107.14325336259348,10.504987433992756],[107.14325261879203,10.504984729318688],[107.1432867536379,10.504973420513714],[107.14331775419687,10.504962395886777],[107.1433633777515,10.504948631503821],[107.14341148025325,10.505101400898461],[107.14335868252019,10.505116850584491],[107.14334082106993,10.505121987486154],[107.14331805955952,10.505129340237637]]]},"properties":{"FID":416,"Shape_Leng":60.657447515100003,"Shape_Area":224.75112331899999,"Sothua":45,"So_To":49,"LoaidatHT":"ODT","Khuphomoi":"Khu phố Hải Dinh","Sothuacu":104,"Sotocu":11,"Phuongcu":"Phường Kim Dinh","Nguoisudun":"Nhà tập thể","Quyetdinh":"Quyết định 3693/QĐ-UBND","ID":"45.49"}},{"type":"Feature","id":417,"geometry":{"type":"Polygon","coordinates":[[[107.14317453824361,10.50518481334686],[107.14311766361764,10.505201466416022],[107.14306935075908,10.505039629294046],[107.14325261879203,10.504984729318688],[107.14325336259348,10.504987433992756],[107.14329946659393,10.50513474690068],[107.14323805171095,10.505160496111255],[107.14322432571528,10.505167630575434],[107.14319606637551,10.505178191096784],[107.14317453824361,10.50518481334686]]]},"properties":{"FID":417,"Shape_Leng":78.282011984600004,"Shape_Area":386.25320007699997,"Sothua":46,"So_To":49,"LoaidatHT":"ODT","Khuphomoi":"Khu phố Hải Dinh","Sothuacu":104,"Sotocu":11,"Phuongcu":"Phường Kim Dinh","Nguoisudun":"Nhà tập thể","Quyetdinh":"Quyết định 3693/QĐ-UBND","ID":"46.49"}},{"type":"Feature","id":418,"geometry":{"type":"Polygon","coordinates":[[[107.16327048286094,10.505470036061245],[107.16326828864882,10.505471668861404],[107.16326702469465,10.505469704429656],[107.16324510069039,10.505435618832998],[107.16322920179761,10.505430168683624],[107.16324366332277,10.505426846175881],[107.16327048286094,10.505470036061245]]]},"properties":{"FID":418,"Shape_Leng":14.1057788903,"Shape_Area":2.55521165546,"Sothua":53,"So_To":116,"LoaidatHT":"HNK","Khuphomoi":"Khu phố Hương Điền","Sothuacu":0,"Sotocu":43,"Phuongcu":"Phường Long Hương","Nguoisudun":" ","Quyetdinh":" ","ID":"53.116"}},{"type":"Feature","id":419,"geometry":{"type":"Polygon","coordinates":[[[107.16780709209674,10.505528270860914],[107.16778251796599,10.505548886759525],[107.16762913404406,10.505451646548297],[107.16764107825914,10.50544069561812],[107.16763880665049,10.505439214404987],[107.16759847743157,10.505412930154765],[107.16757313949604,10.505398535413789],[107.1675518008707,10.505384934930458],[107.16751928528262,10.505359903325653],[107.16746549324162,10.505314468642254],[107.16745694668164,10.505307251247132],[107.167393090505,10.505251232839139],[107.16734128410226,10.505214855318414],[107.16735329720899,10.505167546811331],[107.1673672776418,10.505147239185638],[107.1673846056146,10.505125282725343],[107.16740884576399,10.505096323253294],[107.16743196432338,10.505067090351073],[107.16745723879116,10.505034272631187],[107.1674742487247,10.50501045285308],[107.16748851250352,10.504988346493096],[107.16750161765012,10.50496458320649],[107.16750788433593,10.504951059916522],[107.16751205357092,10.504936800778625],[107.16751137204162,10.504932577357021],[107.16752947828543,10.504901871107334],[107.16755347150686,10.504864222171131],[107.16756575794274,10.504847211500307],[107.1675861606095,10.504819844550829],[107.16760831145612,10.504794335667903],[107.16762266720278,10.504776776705588],[107.16765359706706,10.504759998430329],[107.16765473161097,10.504758332170141],[107.16767183770659,10.504796241812645],[107.16777275252123,10.504912334417845],[107.16787995808201,10.505035761898963],[107.16798716310028,10.505159098948146],[107.16808844296972,10.505275643533306],[107.16809756759548,10.50526701026781],[107.16810609414509,10.505277511361044],[107.16809878018164,10.505282163580219],[107.16807949393474,10.505295310348775],[107.16805291458934,10.505316625055753],[107.16802852156698,10.505337537991041],[107.16800073510935,10.505359412271529],[107.16797866111068,10.505380094253772],[107.16795121279344,10.50540396637733],[107.16791645385926,10.505434805378155],[107.16788528473978,10.505461021214414],[107.16785141200147,10.505491645374557],[107.16780709209674,10.505528270860914]]]},"properties":{"FID":419,"Shape_Leng":249.140325749,"Shape_Area":3632.8175604399999,"Sothua":24,"So_To":117,"LoaidatHT":"LUC","Khuphomoi":"Khu phố Hương Điền","Sothuacu":335,"Sotocu":44,"Phuongcu":"Phường Long Hương","Nguoisudun":"Nguyễn Thị Tuông","Quyetdinh":"Quyết định 3693/QĐ-UBND","ID":"24.117"}},{"type":"Feature","id":420,"geometry":{"type":"Polygon","coordinates":[[[107.15588962770019,10.505491648037214],[107.156006239204,10.505566364371186],[107.15590627180806,10.50553028478256],[107.15583275147785,10.505518845528094],[107.15574487466706,10.505466242222836],[107.15562769939287,10.505351833481283],[107.15569522223062,10.50529888867905],[107.15588962770019,10.505491648037214]]]},"properties":{"FID":420,"Shape_Leng":103.846937239,"Shape_Area":291.892716248,"Sothua":47,"So_To":67,"LoaidatHT":"SKC","Khuphomoi":"Khu phố Hương Sơn","Sothuacu":47,"Sotocu":9,"Phuongcu":"phường Long Hương","Nguoisudun":"NGUYỄN MINH LONG","Quyetdinh":"Quyết định 3693/QĐ-UBND","ID":"47.67"}},{"type":"Feature","id":421,"geometry":{"type":"Polygon","coordinates":[[[107.16327048286094,10.505470036061245],[107.16336106642665,10.505615913961291],[107.16326828864882,10.505471668861404],[107.16327048286094,10.505470036061245]]]},"properties":{"FID":421,"Shape_Leng":38.163913639999997,"Shape_Area":2.8349176514800001,"Sothua":51,"So_To":116,"LoaidatHT":"HNK","Khuphomoi":"Khu phố Hương Điền","Sothuacu":525,"Sotocu":43,"Phuongcu":"Phường Long Hương","Nguoisudun":"Trần Thị Bẩy","Quyetdinh":"Quyết định 3693/QĐ-UBND","ID":"51.116"}},{"type":"Feature","id":422,"geometry":{"type":"Polygon","coordinates":[[[107.13084692523086,10.505673851027378],[107.13083349818973,10.50578727206887],[107.13065950787392,10.505773669604739],[107.13054981380022,10.505765508588379],[107.1303823886131,10.505753952481433],[107.13036770201272,10.505426564745814],[107.13060613260086,10.505432147074897],[107.1306882678,10.505433790215797],[107.13087555083627,10.505438042693466],[107.13086060774722,10.505560393925249],[107.13084692523086,10.505673851027378]]]},"properties":{"FID":422,"Shape_Leng":180.32492359899999,"Shape_Area":1965.2555225599999,"Sothua":57,"So_To":47,"LoaidatHT":"DYT","Khuphomoi":"Khu phố Kim Hải","Sothuacu":0,"Sotocu":47,"Phuongcu":"Phường Kim Dinh","Nguoisudun":"Trung tâm Y tế phường Kim Dinh","Quyetdinh":" ","ID":"57.47"}},{"type":"Feature","id":423,"geometry":{"type":"Polygon","coordinates":[[[107.16853079675617,10.505888177536672],[107.16852147246941,10.505889399042886],[107.16850561878326,10.505859806014687],[107.1684926178127,10.505833562936584],[107.16847438477946,10.505807074518378],[107.16846968489332,10.505800507836453],[107.16845803109808,10.505784225596967],[107.16844201613831,10.50576672859369],[107.16843424075984,10.505757998389813],[107.16845266823093,10.505744154292495],[107.16849339751708,10.505714664519557],[107.16853995859185,10.505681713030361],[107.16858994064683,10.505644419705833],[107.16862688081297,10.505617824537994],[107.16865372148254,10.505599149867722],[107.16868378297627,10.505577813127342],[107.16871143383109,10.505557060456781],[107.16873866344011,10.505536930683895],[107.16877259438685,10.505577623812883],[107.16879570165604,10.505624932753969],[107.1687862546754,10.505625060578101],[107.16878059033361,10.505629353568834],[107.16877021356764,10.505639288775916],[107.16875548336454,10.505655399711522],[107.16873905467534,10.505672457707485],[107.16870222044714,10.5057158062854],[107.16864827406101,10.505771455293772],[107.16864164900012,10.505782301220156],[107.16863823700631,10.505788587107801],[107.16863186261587,10.505803683797089],[107.16862374681828,10.50581527742743],[107.16861537671957,10.505823932666932],[107.16860609933777,10.50584130151354],[107.16859549562207,10.505854183819366],[107.16858949268041,10.505859688433603],[107.16858180763266,10.505864429967456],[107.16856066312347,10.505875520620187],[107.16854175457706,10.505883767938791],[107.16853079675617,10.505888177536672]]]},"properties":{"FID":423,"Shape_Leng":113.686758955,"Shape_Area":621.15866760200004,"Sothua":14,"So_To":117,"LoaidatHT":"LUC","Khuphomoi":"Khu phố Hương Điền","Sothuacu":280,"Sotocu":44,"Phuongcu":"Phường Long Hương","Nguoisudun":"Nguyễn Thị Tuông","Quyetdinh":"Quyết định 3693/QĐ-UBND","ID":"14.117"}},{"type":"Feature","id":424,"geometry":{"type":"Polygon","coordinates":[[[107.16879747842107,10.505905753909017],[107.16871924509621,10.505971340107077],[107.16860579698006,10.50586197486051],[107.168609524453,10.505858232879842],[107.16862196838588,10.505841810387354],[107.16863927538711,10.505818298536918],[107.16864992117215,10.50579940372825],[107.16866530817236,10.505777814769866],[107.16868715878515,10.5057532632066],[107.16871676597535,10.505719955750669],[107.168746909682,10.50568513886188],[107.1687651231077,10.505665490069505],[107.1687866772773,10.505645575319566],[107.16879980811886,10.505635979204653],[107.16881468809501,10.50563138643628],[107.16882891027441,10.505631602872162],[107.1688484886851,10.505637949471321],[107.16887794369705,10.505652206597084],[107.16890882005991,10.505667290040009],[107.16892679900955,10.505675947787235],[107.16894756913742,10.505690261546416],[107.16895142676573,10.505693786293337],[107.16896162528194,10.505700974273077],[107.16899003425296,10.505773291822399],[107.16882627813989,10.505943237372421],[107.16879747842107,10.505905753909017]]]},"properties":{"FID":424,"Shape_Leng":121.089082678,"Shape_Area":895.83702986799995,"Sothua":277,"So_To":68,"LoaidatHT":"HNK","Khuphomoi":"Khu phố Hương Điền","Sothuacu":277,"Sotocu":10,"Phuongcu":"phường Long Hương","Nguoisudun":"Đăng ký: NGÔ QUỐC LONG; Sử dụng: NGÔ QUỐC LONG.","Quyetdinh":"Quyết định 3693/QĐ-UBND","ID":"277.68"}},{"type":"Feature","id":425,"geometry":{"type":"Polygon","coordinates":[[[107.16391849562274,10.506018026220302],[107.16386019685253,10.506076760090341],[107.16385405202563,10.506066097104979],[107.16381100482063,10.505993082407681],[107.16376662328543,10.50592045459584],[107.16391849562274,10.506018026220302]]]},"properties":{"FID":425,"Shape_Leng":49.038294002299999,"Shape_Area":87.574764978900006,"Sothua":0,"So_To":116,"LoaidatHT":"HNK","Khuphomoi":"Khu phố Hương Điền","Sothuacu":0,"Sotocu":43,"Phuongcu":"Phường Long Hương","Nguoisudun":" ","Quyetdinh":" ","ID":"232_2.116"}},{"type":"Feature","id":426,"geometry":{"type":"Polygon","coordinates":[[[107.16399495503335,10.50621535447981],[107.16396649773348,10.506244170796201],[107.16389803460268,10.506142412503625],[107.16386019685253,10.506076760090341],[107.16391849562274,10.506018026220302],[107.16401905688529,10.506127248139734],[107.16401931351535,10.506136561191273],[107.16399495503335,10.50621535447981]]]},"properties":{"FID":426,"Shape_Leng":61.952988087800001,"Shape_Area":219.322460216,"Sothua":0,"So_To":116,"LoaidatHT":"HNK","Khuphomoi":"Khu phố Hương Điền","Sothuacu":0,"Sotocu":43,"Phuongcu":"Phường Long Hương","Nguoisudun":" ","Quyetdinh":" ","ID":"232_1.116"}},{"type":"Feature","id":427,"geometry":{"type":"Polygon","coordinates":[[[107.13212029867181,10.505764391721986],[107.13208178101111,10.506326111941439],[107.13186692805539,10.506297675219997],[107.13164959168411,10.506269215256959],[107.13143391794631,10.506240415876306],[107.13144001235537,10.506193793678106],[107.131039555657,10.506135005452728],[107.13099705926908,10.50608325303441],[107.13112318573789,10.5051658918829],[107.13118985885217,10.505114939346454],[107.13175439153297,10.505200835441848],[107.13187566735563,10.505219850237557],[107.13215632149604,10.505262889495143],[107.13212029867181,10.505764391721986]]]},"properties":{"FID":427,"Shape_Leng":465.135181381,"Shape_Area":13637.3879617,"Sothua":49,"So_To":47,"LoaidatHT":"DGD","Khuphomoi":"Khu phố Kim Hải","Sothuacu":0,"Sotocu":47,"Phuongcu":"Phường Kim Dinh","Nguoisudun":"Trường tiểu học Kim Dinh","Quyetdinh":" ","ID":"49.47"}},{"type":"Feature","id":428,"geometry":{"type":"Polygon","coordinates":[[[107.13349084045944,10.50560582638426],[107.13338869522335,10.506471664330418],[107.13297814026855,10.506418654332103],[107.13303757233705,10.505933146569117],[107.13308906437236,10.505521668805967],[107.13311251243917,10.505504771184999],[107.13323772409069,10.505538205047401],[107.13334173355909,10.505566054639679],[107.13349084045944,10.50560582638426]]]},"properties":{"FID":428,"Shape_Leng":287.85134249700002,"Shape_Area":4481.8965398099999,"Sothua":39,"So_To":47,"LoaidatHT":"DVH","Khuphomoi":"Khu phố Kim Hải","Sothuacu":0,"Sotocu":47,"Phuongcu":"Phường Kim Dinh","Nguoisudun":"TTVH học tập cộng đồng phường Kim Dinh","Quyetdinh":" ","ID":"39.47"}},{"type":"Feature","id":429,"geometry":{"type":"Polygon","coordinates":[[[107.16081864467569,10.506449698913853],[107.1608443317032,10.506532844015045],[107.16080548452895,10.506451844722021],[107.16080543073777,10.50645172668721],[107.16081864467569,10.506449698913853]]]},"properties":{"FID":429,"Shape_Leng":21.018621915400001,"Shape_Area":6.9722178320200001,"Sothua":4000,"So_To":115,"LoaidatHT":"NTD","Khuphomoi":"Khu phố Hương Điền","Sothuacu":0,"Sotocu":42,"Phuongcu":"Phường Long Hương","Nguoisudun":"Đất nhỏ","Quyetdinh":" ","ID":"4000.115"}},{"type":"Feature","id":430,"geometry":{"type":"Polygon","coordinates":[[[107.13392127377587,10.505866729144991],[107.13384291051598,10.506529053057061],[107.13360269832576,10.506498824038246],[107.13338869522335,10.506471664330418],[107.13349084045944,10.50560582638426],[107.13366698660047,10.50562432245324],[107.13374728368657,10.505631485146347],[107.13393363239669,10.505650661751851],[107.13394457614895,10.505651415183133],[107.13392127377587,10.505866729144991]]]},"properties":{"FID":430,"Shape_Leng":294.26562475600002,"Shape_Area":4865.5245253700004,"Sothua":40,"So_To":47,"LoaidatHT":"TSC","Khuphomoi":"Khu phố Kim Hải","Sothuacu":0,"Sotocu":47,"Phuongcu":"Phường Kim Dinh","Nguoisudun":"UBND phường Kim Dinh","Quyetdinh":" ","ID":"40.47"}},{"type":"Feature","id":431,"geometry":{"type":"Polygon","coordinates":[[[107.1648599481033,10.506785140400805],[107.16484391885285,10.506800453855165],[107.16481177060564,10.50676417590061],[107.16479007795589,10.50673738273445],[107.16477293374184,10.506716004974223],[107.16476254328521,10.506702496820958],[107.16475388774269,10.506688810529074],[107.16475052260053,10.506681905683237],[107.16474789131024,10.50667598822873],[107.16476479568743,10.506663588157132],[107.16478913883716,10.506639528641914],[107.16481362276423,10.506616275278839],[107.16484256111848,10.506589006573552],[107.16488267235911,10.506549642613543],[107.16492661096474,10.506507365730833],[107.16496575302546,10.506468895929675],[107.16501454952453,10.506422053228045],[107.16505933749148,10.506376767136715],[107.1651129021859,10.506326380544822],[107.16512943389939,10.506310045951516],[107.16514238899873,10.506296174272245],[107.16515475564491,10.506281604337296],[107.16516110754715,10.506272429682458],[107.16516934632317,10.50626273510983],[107.1652708146888,10.506351470628724],[107.16527838763949,10.506359730510123],[107.16528618213935,10.506372393206352],[107.16527207355961,10.506383641733825],[107.16524837745881,10.506405658741055],[107.16522962435428,10.506423787219081],[107.16520626616696,10.50644501830466],[107.16517600805899,10.506475286787587],[107.16513531465814,10.506514586057245],[107.16498627207974,10.506660099709588],[107.16496273115948,10.506683291517607],[107.16494116844029,10.506704914350314],[107.16492165868532,10.506724163295807],[107.16490050017212,10.506746256972336],[107.16487437536988,10.506771650942778],[107.1648599481033,10.506785140400805]]]},"properties":{"FID":431,"Shape_Leng":167.87130881499999,"Shape_Area":1121.64289024,"Sothua":21,"So_To":116,"LoaidatHT":"LUC","Khuphomoi":"Khu phố Hương Điền","Sothuacu":184,"Sotocu":43,"Phuongcu":"Phường Long Hương","Nguoisudun":"Nguyễn Thị Nhạn","Quyetdinh":"Quyết định 3693/QĐ-UBND","ID":"21.116"}},{"type":"Feature","id":432,"geometry":{"type":"Polygon","coordinates":[[[107.16501143248777,10.506856808633163],[107.16495713120338,10.506914219338737],[107.16495145276375,10.506911125429507],[107.16494388651384,10.506906319905726],[107.16491108177001,10.506869280906828],[107.16488202857087,10.506837058991648],[107.1648688582773,10.506828301319231],[107.16484391885285,10.506800453855165],[107.1648599481033,10.506785140400805],[107.16487437536988,10.506771650942778],[107.16490050017212,10.506746256972336],[107.16492165868532,10.506724163295807],[107.16494116844029,10.506704914350314],[107.16496273115948,10.506683291517607],[107.16498627207974,10.506660099709588],[107.16513531465814,10.506514586057245],[107.16517600805899,10.506475286787587],[107.16520626616696,10.50644501830466],[107.16522962435428,10.506423787219081],[107.16524837745881,10.506405658741055],[107.16527207355961,10.506383641733825],[107.16528618213935,10.506372393206352],[107.16530893638334,10.50639805744874],[107.16533697319629,10.506429771081102],[107.16536209443471,10.506458939555706],[107.16538488056409,10.506482624201535],[107.16534113848476,10.506524521092674],[107.16526016996932,10.506603771178778],[107.16520911670763,10.506654669400309],[107.16511622667744,10.506748553248237],[107.16501143248777,10.506856808633163]]]},"properties":{"FID":432,"Shape_Leng":168.724972968,"Shape_Area":1138.0466531500001,"Sothua":16,"So_To":116,"LoaidatHT":"LUC","Khuphomoi":"Khu phố Hương Điền","Sothuacu":185,"Sotocu":43,"Phuongcu":"Phường Long Hương","Nguoisudun":"Nguyễn Thị Nhạn","Quyetdinh":"Quyết định 3693/QĐ-UBND","ID":"16.116"}},{"type":"Feature","id":433,"geometry":{"type":"Polygon","coordinates":[[[107.16392808939379,10.507025154252894],[107.16391612497323,10.507032970758042],[107.16390738749881,10.507030468904544],[107.16389620164311,10.507023395939836],[107.16388876403225,10.507016208840787],[107.1640018376777,10.506966980200817],[107.16399333327598,10.506974210935184],[107.16396070926457,10.50700141794978],[107.16392808939379,10.507025154252894]]]},"properties":{"FID":433,"Shape_Leng":29.016461979599999,"Shape_Area":21.9240392924,"Sothua":7,"So_To":116,"LoaidatHT":"LUC","Khuphomoi":"Khu phố Hương Điền","Sothuacu":181,"Sotocu":43,"Phuongcu":"Phường Long Hương","Nguoisudun":"Trần Văn Long","Quyetdinh":"Quyết định 3693/QĐ-UBND","ID":"7.116"}},{"type":"Feature","id":434,"geometry":{"type":"Polygon","coordinates":[[[107.16960419210552,10.507213674830895],[107.16960745722365,10.507275703362975],[107.16935530197779,10.507054399738101],[107.16924857446575,10.506947055941207],[107.16919902090689,10.506889909904409],[107.16913051401737,10.50681536020114],[107.16897860364182,10.506659302805325],[107.16898209946277,10.506352905503077],[107.16907513285791,10.506238162325692],[107.16907752397763,10.506229939294263],[107.16896856370374,10.506116545046904],[107.16898390749712,10.506069920545544],[107.16907501007245,10.50605959990318],[107.16921439355848,10.506319425572402],[107.16925361955865,10.506399330818514],[107.16922024435395,10.506513007371982],[107.16930782259776,10.506531068991523],[107.16934154975887,10.506571454308569],[107.16940599569483,10.506648421429453],[107.16945727264543,10.506733049859751],[107.16964518821158,10.507030485777095],[107.16963745849485,10.507060488508264],[107.16960419210552,10.507213674830895]]]},"properties":{"FID":434,"Shape_Leng":340.422877196,"Shape_Area":3756.41608503,"Sothua":25,"So_To":69,"LoaidatHT":"LUC","Khuphomoi":"Khu phố Hương Điền","Sothuacu":25,"Sotocu":11,"Phuongcu":"phường Long Hương","Nguoisudun":"Đăng ký: DƯƠNG VĂN HƯƠNG; Sử dụng: DƯƠNG VĂN HƯƠNG.","Quyetdinh":"Quyết định 3693/QĐ-UBND","ID":"25.69"}},{"type":"Feature","id":435,"geometry":{"type":"Polygon","coordinates":[[[107.16438474678831,10.50725659462508],[107.16441607481899,10.50730610204889],[107.16435935791783,10.507246174085379],[107.16432145461033,10.507215473055842],[107.16431232873786,10.507207428006645],[107.16430271083944,10.507201252707308],[107.16428308227891,10.507174862088959],[107.16426546752895,10.507151095993297],[107.16424026490877,10.507120599358966],[107.16421507330344,10.507092470662785],[107.16419476625967,10.507069107047496],[107.1641723576675,10.507044157995871],[107.16415307491152,10.507019421714498],[107.16413141495349,10.50699194227143],[107.16410935250812,10.50696620633415],[107.16409048506711,10.50694038624227],[107.1640841783252,10.506931132527246],[107.16415838157857,10.506898826376448],[107.16438474678831,10.50725659462508]]]},"properties":{"FID":435,"Shape_Leng":117.401138434,"Shape_Area":275.94474920200003,"Sothua":1,"So_To":116,"LoaidatHT":"LUC","Khuphomoi":"Khu phố Hương Điền","Sothuacu":1,"Sotocu":43,"Phuongcu":"Phường Long Hương","Nguoisudun":"Nguyễn Thị Nhạn","Quyetdinh":"Quyết định 3693/QĐ-UBND","ID":"1.116"}},{"type":"Feature","id":436,"geometry":{"type":"Polygon","coordinates":[[[107.16415095074584,10.507326473019539],[107.16413741222215,10.507339593960957],[107.16412450800294,10.507330357224697],[107.16410704448745,10.507315587646847],[107.1640926594841,10.507299874269545],[107.16407740372357,10.507278988827265],[107.16405579893321,10.507248154917905],[107.1639640930336,10.507102947539726],[107.16394202826753,10.507066515762407],[107.16392570410899,10.507043024641206],[107.16391612497323,10.507032970758042],[107.16392808939379,10.507025154252894],[107.16396070926457,10.50700141794978],[107.16399333327598,10.506974210935184],[107.1640018376777,10.506966980200817],[107.1640841783252,10.506931132527246],[107.16409048506711,10.50694038624227],[107.16410935250812,10.50696620633415],[107.16413141495349,10.50699194227143],[107.16415307491152,10.507019421714498],[107.1641723576675,10.507044157995871],[107.16419476625967,10.507069107047496],[107.16421507330344,10.507092470662785],[107.16424026490877,10.507120599358966],[107.16426546752895,10.507151095993297],[107.16428308227891,10.507174862088959],[107.16430271083944,10.507201252707308],[107.16429143942054,10.507214025583691],[107.1642450345781,10.507249850571871],[107.16418282861491,10.507301496283437],[107.16415095074584,10.507326473019539]]]},"properties":{"FID":436,"Shape_Leng":125.74325198299999,"Shape_Area":944.86374643299996,"Sothua":99,"So_To":113,"LoaidatHT":"LUC","Khuphomoi":"Khu phố Hương Điền","Sothuacu":140,"Sotocu":40,"Phuongcu":"Phường Long Hương","Nguoisudun":"Nguyễn Thị Nhạn","Quyetdinh":" ","ID":"99.113"}},{"type":"Feature","id":437,"geometry":{"type":"Polygon","coordinates":[[[107.16324837608911,10.507412079708734],[107.16318251798774,10.507426903079955],[107.163169448544,10.507381330103524],[107.16316159962875,10.507338143785201],[107.16316149145065,10.507332836366752],[107.16349383586859,10.507188145245834],[107.1635073475147,10.507197135646573],[107.16349349200003,10.507206575645569],[107.16349074203615,10.50721666931385],[107.16349043029143,10.507227906867952],[107.16349668903109,10.507240892810982],[107.16350469588699,10.507253366117109],[107.16350960831396,10.507263447312106],[107.16350952988134,10.507273040124463],[107.16350432022197,10.507281003982351],[107.16349416880095,10.507289628786122],[107.16347201118096,10.507304795072123],[107.16344935858733,10.507319047350835],[107.16342947903469,10.507330719286887],[107.16341988253858,10.507340474604039],[107.16341115160604,10.507349671783766],[107.16340622797638,10.507361071835051],[107.16340430881978,10.507373093117469],[107.16337690550736,10.507377798156533],[107.1633216235017,10.507391077121948],[107.16324837608911,10.507412079708734]]]},"properties":{"FID":437,"Shape_Leng":103.568139042,"Shape_Area":477.81267931000002,"Sothua":90,"So_To":113,"LoaidatHT":"HNK","Khuphomoi":"Khu phố Hương Điền","Sothuacu":143,"Sotocu":40,"Phuongcu":"Phường Long Hương","Nguoisudun":"Nguyễn Thị Lang","Quyetdinh":" ","ID":"90.113"}},{"type":"Feature","id":438,"geometry":{"type":"Polygon","coordinates":[[[107.16292642939835,10.507435172533462],[107.16292202790827,10.50743708971879],[107.16292182568105,10.507436771143622],[107.16262741563676,10.506975202876154],[107.16260267984208,10.506937484958335],[107.16240294622686,10.506623283125114],[107.16240273569362,10.506622951952446],[107.16227725332392,10.506426219269647],[107.16226140945928,10.50640137986834],[107.16221847434755,10.506334068163252],[107.16216074802885,10.50624356657671],[107.16215176192694,10.506229476623881],[107.1619467487352,10.505908057094125],[107.16250602078246,10.505676357461835],[107.1631586414008,10.505405985165327],[107.16322920179761,10.505430168683624],[107.16324510069039,10.505435618832998],[107.16326702469465,10.505469704429656],[107.16326828864882,10.505471668861404],[107.16336106642665,10.505615913961291],[107.16340487480539,10.505684024839526],[107.16341986135352,10.50570732176841],[107.16344911989151,10.505752811502246],[107.1634579916412,10.505766606639186],[107.1635126845311,10.505851637887519],[107.16351573779782,10.505856384741881],[107.16360426136563,10.505994013815329],[107.16372546993823,10.506182461620369],[107.16381347666967,10.506319286102935],[107.16384534544262,10.50636883422183],[107.16395532816075,10.506539824253135],[107.16396202007432,10.506550226817463],[107.16416550263639,10.506866586347321],[107.16416640096922,10.506867980242793],[107.1641801467772,10.5068893513925],[107.16415838157857,10.506898826376448],[107.1640841783252,10.506931132527246],[107.1640018376777,10.506966980200817],[107.16388876403225,10.507016208840787],[107.16363954932865,10.507124708415862],[107.16361818836288,10.507134007078646],[107.16359617638344,10.507143591268001],[107.16357125070036,10.507154441694322],[107.16349383586859,10.507188145245834],[107.16316149145065,10.507332836366752],[107.16292642939835,10.507435172533462]]]},"properties":{"FID":438,"Shape_Leng":695.11018097099998,"Shape_Area":29480.352983600002,"Sothua":18,"So_To":116,"LoaidatHT":"CQP","Khuphomoi":"Khu phố Hương Điền","Sothuacu":0,"Sotocu":43,"Phuongcu":"Phường Long Hương","Nguoisudun":"Ban chỉ huy Quân Sự TP. Bà Rịa","Quyetdinh":"Phòng ĐKCG chuyển phiếu ĐK số tờ, thửa ngày 23/02/2023","ID":"18.116"}},{"type":"Feature","id":439,"geometry":{"type":"Polygon","coordinates":[[[107.16305697806347,10.507478950528158],[107.16305029928132,10.507481719275548],[107.16302296733592,10.507429103304425],[107.16301379343706,10.507404838520648],[107.16292642939835,10.507435172533462],[107.16316149145065,10.507332836366752],[107.16316159962875,10.507338143785201],[107.163169448544,10.507381330103524],[107.16318251798774,10.507426903079955],[107.16305697806347,10.507478950528158]]]},"properties":{"FID":439,"Shape_Leng":74.049726992399997,"Shape_Area":177.221362852,"Sothua":89,"So_To":113,"LoaidatHT":"HNK","Khuphomoi":"Khu phố Hương Điền","Sothuacu":144,"Sotocu":40,"Phuongcu":"Phường Long Hương","Nguoisudun":"Nguyễn Văn Hai","Quyetdinh":" ","ID":"89.113"}},{"type":"Feature","id":440,"geometry":{"type":"Polygon","coordinates":[[[107.16292143392313,10.507436908483641],[107.16282040613063,10.507481935974381],[107.1627540903249,10.507338212707522],[107.16272087946639,10.507266546199],[107.16267543011499,10.507166464622447],[107.16270840841179,10.507151824779122],[107.16261532036036,10.506963038491046],[107.16260267984208,10.506937484958335],[107.16262741563676,10.506975202876154],[107.16292182568105,10.507436771143622],[107.16292143392313,10.507436908483641]]]},"properties":{"FID":440,"Shape_Leng":146.23939503899999,"Shape_Area":406.66503298999999,"Sothua":1,"So_To":115,"LoaidatHT":"HNK","Khuphomoi":"Khu phố Hương Điền","Sothuacu":146,"Sotocu":42,"Phuongcu":"Phường Long Hương","Nguoisudun":"Nguyễn Văn Hai","Quyetdinh":"Quyết định 3693/QĐ-UBND","ID":"1.115"}},{"type":"Feature","id":441,"geometry":{"type":"Polygon","coordinates":[[[107.16399746107354,10.507481118192032],[107.16397047104961,10.50750569643828],[107.16395726040504,10.5074864239257],[107.1639422453423,10.507462988054455],[107.16392111303414,10.507434298397852],[107.16390167074125,10.507413015794917],[107.16388018972299,10.507389070872268],[107.16386087142224,10.507367887744524],[107.16384087452711,10.507344733484921],[107.16381795447971,10.507319782471615],[107.16380142867045,10.507299861014218],[107.16378418997726,10.507276322796848],[107.16376820871783,10.507257352060972],[107.16375880428218,10.507245762290344],[107.16374699249805,10.507230641427924],[107.16373136070706,10.507214509926687],[107.16371263914674,10.507197180234479],[107.1636935425373,10.50718606055635],[107.16367781405282,10.507173880322402],[107.16365136794252,10.507142648262496],[107.16364289060958,10.507129893464079],[107.16363954932865,10.507124708415862],[107.16388876403225,10.507016208840787],[107.16389620164311,10.507023395939836],[107.16390738749881,10.507030468904544],[107.16391612497323,10.507032970758042],[107.16392570410899,10.507043024641206],[107.16394202826753,10.507066515762407],[107.1639640930336,10.507102947539726],[107.16405579893321,10.507248154917905],[107.16407740372357,10.507278988827265],[107.1640926594841,10.507299874269545],[107.16410704448745,10.507315587646847],[107.16412450800294,10.507330357224697],[107.16413741222215,10.507339593960957],[107.16412738740523,10.507353806256393],[107.16409927837255,10.50738398770979],[107.1640729362998,10.507409018877228],[107.1640415398891,10.507439004925324],[107.16399746107354,10.507481118192032]]]},"properties":{"FID":441,"Shape_Leng":157.17954537,"Shape_Area":1337.1732766299999,"Sothua":92,"So_To":113,"LoaidatHT":"LUC","Khuphomoi":"Khu phố Hương Điền","Sothuacu":141,"Sotocu":40,"Phuongcu":"Phường Long Hương","Nguoisudun":"Nguyễn Thị Nhạn","Quyetdinh":" ","ID":"92.113"}},{"type":"Feature","id":442,"geometry":{"type":"Polygon","coordinates":[[[107.16437430645894,10.507506857570537],[107.16406780360938,10.507795788921937],[107.16406291185415,10.507773991341796],[107.16406118358752,10.50777001003831],[107.16403074698388,10.507728906573012],[107.16437266517215,10.507505137040781],[107.16437430645894,10.507506857570537]]]},"properties":{"FID":442,"Shape_Leng":100.08529512200001,"Shape_Area":191.609271068,"Sothua":597,"So_To":68,"LoaidatHT":"HNK","Khuphomoi":"Khu phố Hương Điền","Sothuacu":597,"Sotocu":10,"Phuongcu":"phường Long Hương","Nguoisudun":"Đăng ký: NGUYỄN THỊ NHẠN (già yếu); Sử dụng: ĐOÀN VIẾT THUẬN (con).","Quyetdinh":"Quyết định 3693/QĐ-UBND","ID":"597.68"}},{"type":"Feature","id":443,"geometry":{"type":"Polygon","coordinates":[[[107.16660919618511,10.508120046667859],[107.16660075758664,10.508125574216967],[107.16659205587278,10.508105414240632],[107.16658683797914,10.508093322390796],[107.16657704460533,10.508070632840365],[107.16656377575005,10.5080467034775],[107.16654529144446,10.508014961841305],[107.16652431733972,10.507983849090607],[107.16650583070759,10.50795714356077],[107.16649175852562,10.507936016101979],[107.16647873139797,10.507919247869445],[107.16644487345252,10.507879865438023],[107.16641420501033,10.507840787504708],[107.16637558374971,10.507798838192274],[107.16634454877597,10.507766395899235],[107.16633302997087,10.507752839484708],[107.16632763045943,10.50774626579538],[107.16631114284255,10.507731977765316],[107.16629852582201,10.507710889165091],[107.16628080476326,10.507676744453844],[107.16625914726609,10.507642574192612],[107.16624172324205,10.507612651912957],[107.16622812294173,10.507588595542842],[107.16621724411141,10.507563079901125],[107.1662124568002,10.507548686681755],[107.16622639546152,10.50754109974792],[107.16624429930883,10.507533600529747],[107.16624681446574,10.507532547579606],[107.16626207246671,10.507525957591419],[107.16627218633541,10.507519819382527],[107.16630235964497,10.507491673550019],[107.16632329748482,10.507503049817908],[107.16633489266599,10.507505291672215],[107.16634799952884,10.507507823274587],[107.16637026701531,10.507513551517228],[107.16637854560797,10.507518611533243],[107.16638600231721,10.507528136616703],[107.16639271744459,10.507541592964552],[107.16639840475059,10.507565607544461],[107.1664044904638,10.507586377395423],[107.16641374668207,10.5075941159899],[107.16641595979809,10.507602925795783],[107.16642480271049,10.507619632219344],[107.16643645660169,10.507637762854126],[107.16645116530212,10.507665175668578],[107.16646207798344,10.507690827543687],[107.16647005728755,10.507712170139865],[107.16647216813463,10.507717969109157],[107.16648663749439,10.507739214971538],[107.16651089541787,10.507769231567931],[107.1665239707676,10.507789380667779],[107.16653827702594,10.507809369520277],[107.1665551858941,10.507832465112866],[107.16658012651162,10.50785874787166],[107.16659334070185,10.507868418918624],[107.16659680110804,10.507872736346094],[107.16660565658734,10.507883775713641],[107.16662379537129,10.507900934736794],[107.16664161970567,10.507916219571994],[107.16667575038358,10.507951750738314],[107.16670344904468,10.507980507390332],[107.1667214749895,10.508003486883167],[107.16672626396868,10.508017066637789],[107.16672595692381,10.508024245077552],[107.16670548160793,10.508046728266445],[107.16667957545641,10.508066399693112],[107.16665172351648,10.508094909318773],[107.16663048136549,10.508105258513027],[107.16661904303935,10.508113204384234],[107.16661007417616,10.508119437823703],[107.16660919618511,10.508120046667859]]]},"properties":{"FID":443,"Shape_Leng":184.88045531899999,"Shape_Area":1158.1518498,"Sothua":81,"So_To":113,"LoaidatHT":"HNK","Khuphomoi":"Khu phố Hương Điền","Sothuacu":44,"Sotocu":40,"Phuongcu":"Phường Long Hương","Nguoisudun":"Nguyễn Thị Sành","Quyetdinh":" ","ID":"81.113"}},{"type":"Feature","id":444,"geometry":{"type":"Polygon","coordinates":[[[107.17011531612586,10.508092635876485],[107.17027532424724,10.508234199468317],[107.17014463524109,10.508210454311987],[107.17001514101479,10.508182551490464],[107.16998835332787,10.508165666055859],[107.17011531612586,10.508092635876485]]]},"properties":{"FID":444,"Shape_Leng":72.1193298118,"Shape_Area":201.35681096900001,"Sothua":9,"So_To":69,"LoaidatHT":"HNK","Khuphomoi":"Khu phố Hương Điền","Sothuacu":9,"Sotocu":11,"Phuongcu":"phường Long Hương","Nguoisudun":"Đăng ký: DƯƠNG VĂN HƯƠNG; Sử dụng: DƯƠNG VĂN HƯƠNG.","Quyetdinh":"Quyết định 3693/QĐ-UBND","ID":"9.69"}},{"type":"Feature","id":445,"geometry":{"type":"Polygon","coordinates":[[[107.16299633220302,10.508291976397334],[107.16296961710641,10.508307658183377],[107.16293618701437,10.508240999504428],[107.1629119383938,10.508183678902592],[107.16289791253838,10.508164061212806],[107.16288108478743,10.508136581278539],[107.16284317133754,10.508069651265389],[107.16286619146211,10.508063184758406],[107.16290993205607,10.50804264275906],[107.16295213413692,10.508022287487867],[107.16298294518148,10.507996614034759],[107.16301920936543,10.507937072384308],[107.16306190308677,10.507898130233912],[107.16306559796547,10.507905698972136],[107.16306173825255,10.507908301180798],[107.1630673774563,10.507921239838042],[107.16316451895837,10.508100524363144],[107.16319000520892,10.508150116943941],[107.16319710390647,10.508164505321732],[107.16319687191938,10.508166602870039],[107.16315548409749,10.508192148704795],[107.16310244726414,10.508222681711757],[107.16306561831966,10.508248454048248],[107.16302733462395,10.508274900609047],[107.16299633220302,10.508291976397334]]]},"properties":{"FID":445,"Shape_Leng":124.402234953,"Shape_Area":866.02728543199999,"Sothua":64,"So_To":113,"LoaidatHT":"HNK","Khuphomoi":"Khu phố Hương Điền","Sothuacu":64,"Sotocu":40,"Phuongcu":"Phường Long Hương","Nguoisudun":"Lê Hữu Phước","Quyetdinh":"Quyết định 3693/QĐ-UBND","ID":"64.113"}},{"type":"Feature","id":446,"geometry":{"type":"Polygon","coordinates":[[[107.16304554583103,10.508403905739002],[107.16297362963644,10.508417545726392],[107.16316378354593,10.508295458806316],[107.16317555732324,10.508291602363872],[107.16320922673538,10.508255924862306],[107.16323642539676,10.508238733992453],[107.16324043638791,10.508246317744396],[107.16327939872282,10.508319984868249],[107.16324026622745,10.508336276456284],[107.16322938647593,10.50834077665516],[107.16304554583103,10.508403905739002]]]},"properties":{"FID":446,"Shape_Leng":80.524188685599995,"Shape_Area":185.569586735,"Sothua":603,"So_To":68,"LoaidatHT":"HNK","Khuphomoi":"Khu phố Hương Điền","Sothuacu":603,"Sotocu":10,"Phuongcu":"phường Long Hương","Nguoisudun":"Đăng ký: LÊ HỮU PHƯỚC; Sử dụng: LÊ HỮU PHƯỚC.","Quyetdinh":"Quyết định 3693/QĐ-UBND","ID":"603.68"}},{"type":"Feature","id":447,"geometry":{"type":"Polygon","coordinates":[[[107.16271774955752,10.508477680578499],[107.16269520910869,10.508488642142478],[107.16251580155364,10.508183154126195],[107.16258579558504,10.508146856735964],[107.16266465720993,10.508112465614399],[107.16275701556691,10.508066680165925],[107.16281202270483,10.508067424163039],[107.16284317133754,10.508069651265389],[107.16288108478743,10.508136581278539],[107.16289791253838,10.508164061212806],[107.1629119383938,10.508183678902592],[107.16293618701437,10.508240999504428],[107.16296961710641,10.508307658183377],[107.16294705616757,10.50832538230955],[107.16291940463964,10.508343382456779],[107.16287037396043,10.508375301705264],[107.16281903817087,10.508410114435481],[107.16279313238304,10.508427524227494],[107.16276856194823,10.508444295854387],[107.16274496194239,10.508460091966116],[107.16271774955752,10.508477680578499]]]},"properties":{"FID":447,"Shape_Leng":143.894649469,"Shape_Area":1347.7198157,"Sothua":62,"So_To":113,"LoaidatHT":"HNK","Khuphomoi":"Khu phố Hương Điền","Sothuacu":62,"Sotocu":40,"Phuongcu":"Phường Long Hương","Nguoisudun":"Lê Hữu Phước","Quyetdinh":"Quyết định 3693/QĐ-UBND","ID":"62.113"}},{"type":"Feature","id":448,"geometry":{"type":"Polygon","coordinates":[[[107.16253075710821,10.508601469329294],[107.16252414310618,10.508604233110331],[107.16251074998559,10.508595483187763],[107.16250424139284,10.508585046805951],[107.16247589335853,10.508517141401038],[107.16244044151121,10.508431744798475],[107.1624032697479,10.508351173675601],[107.16236314552469,10.50826314804087],[107.16251580155364,10.508183154126195],[107.16269520910869,10.508488642142478],[107.16253075710821,10.508601469329294]]]},"properties":{"FID":448,"Shape_Leng":122.64828512699999,"Shape_Area":853.97826982799995,"Sothua":60,"So_To":113,"LoaidatHT":"HNK","Khuphomoi":"Khu phố Hương Điền","Sothuacu":60,"Sotocu":40,"Phuongcu":"Phường Long Hương","Nguoisudun":"Lê Văn Liên","Quyetdinh":"Quyết định 3693/QĐ-UBND","ID":"60.113"}},{"type":"Feature","id":449,"geometry":{"type":"Polygon","coordinates":[[[107.16329313966496,10.508590701093141],[107.16312982225186,10.508622586137552],[107.16305317207609,10.508428873393983],[107.16304554583103,10.508403905739002],[107.16322938647593,10.50834077665516],[107.16328074031127,10.508528836669363],[107.16329313966496,10.508590701093141]]]},"properties":{"FID":449,"Shape_Leng":93.970819715100006,"Shape_Area":543.08505313600006,"Sothua":458,"So_To":65,"LoaidatHT":"HNK","Khuphomoi":"Khu phố Hương Điền","Sothuacu":458,"Sotocu":7,"Phuongcu":"phường Long Hương","Nguoisudun":"Lê Hữu Phước","Quyetdinh":"Quyết định 3693/QĐ-UBND","ID":"458.65"}},{"type":"Feature","id":450,"geometry":{"type":"Polygon","coordinates":[[[107.1381921424482,10.508343613296717],[107.13818927496703,10.508579789973977],[107.13778949583768,10.508572505415371],[107.137790333033,10.50855679559565],[107.13779808595834,10.508386847190282],[107.13804236578184,10.508360041131114],[107.1381921424482,10.508343613296717]]]},"properties":{"FID":450,"Shape_Leng":133.88887934900001,"Shape_Area":1012.84844931,"Sothua":151,"So_To":43,"LoaidatHT":"ODT","Khuphomoi":"Khu phố Hải Dinh","Sothuacu":65,"Sotocu":6,"Phuongcu":"Phường Kim Dinh","Nguoisudun":"UBND phường","Quyetdinh":"Quyết định 3693/QĐ-UBND","ID":"151.43"}},{"type":"Feature","id":451,"geometry":{"type":"Polygon","coordinates":[[[107.13818888215557,10.508612163558269],[107.13818674637682,10.508664126006666],[107.13802068389637,10.508662957431667],[107.13787017392453,10.50866189909155],[107.13778576886773,10.508661220498599],[107.13778757174259,10.508608650192707],[107.13778949583768,10.508572505415371],[107.13818927496703,10.508579789973977],[107.13818888215557,10.508612163558269]]]},"properties":{"FID":451,"Shape_Leng":106.848023044,"Shape_Area":420.558080722,"Sothua":169,"So_To":43,"LoaidatHT":"ODT","Khuphomoi":"Khu phố Hải Dinh","Sothuacu":65,"Sotocu":6,"Phuongcu":"Phường Kim Dinh","Nguoisudun":"UBND phường","Quyetdinh":"Quyết định 3693/QĐ-UBND","ID":"169.43"}},{"type":"Feature","id":452,"geometry":{"type":"Polygon","coordinates":[[[107.16282477638032,10.508719394523848],[107.1627696567128,10.508735566379372],[107.16274186319363,10.508649715427548],[107.16271773381699,10.508582498032119],[107.16271852843549,10.508581981051554],[107.16293798428894,10.508440432211216],[107.16297362963644,10.508417545726392],[107.16304554583103,10.508403905739002],[107.16305317207609,10.508428873393983],[107.16312982225186,10.508622586137552],[107.16291308667455,10.508688366209409],[107.16289407089961,10.508695563739208],[107.16282477638032,10.508719394523848]]]},"properties":{"FID":452,"Shape_Leng":126.607964548,"Shape_Area":939.05922658400004,"Sothua":457,"So_To":65,"LoaidatHT":"HNK","Khuphomoi":"Khu phố Hương Điền","Sothuacu":457,"Sotocu":7,"Phuongcu":"phường Long Hương","Nguoisudun":"Lê Hữu Phước","Quyetdinh":"Quyết định 3693/QĐ-UBND","ID":"457.65"}},{"type":"Feature","id":453,"geometry":{"type":"Polygon","coordinates":[[[107.16268154201059,10.508759272353259],[107.16255465369535,10.508768442467705],[107.16254650748628,10.508737785152595],[107.16254013843941,10.508717348817918],[107.16254031792263,10.508704556679348],[107.16254289793021,10.508696676730841],[107.16271773381699,10.508582498032119],[107.16274186319363,10.508649715427548],[107.1627696567128,10.508735566379372],[107.16268154201059,10.508759272353259]]]},"properties":{"FID":453,"Shape_Leng":72.938484521600003,"Shape_Area":311.078661162,"Sothua":456,"So_To":65,"LoaidatHT":"HNK","Khuphomoi":"Khu phố Hương Điền","Sothuacu":456,"Sotocu":7,"Phuongcu":"phường Long Hương","Nguoisudun":" LÊ VĂN LIÊU (chết); Sử dụng: TRƯƠNG THỊ HẢI (vợ).","Quyetdinh":"Quyết định 3693/QĐ-UBND","ID":"456.65"}},{"type":"Feature","id":454,"geometry":{"type":"Polygon","coordinates":[[[107.16332817722619,10.50875902165509],[107.16300038716571,10.50890207940032],[107.16293074577807,10.508770853501012],[107.16289407089961,10.508695563739208],[107.16291308667455,10.508688366209409],[107.16312982225186,10.508622586137552],[107.16329313966496,10.508590701093141],[107.16330662548431,10.5086576303647],[107.16332817722619,10.50875902165509]]]},"properties":{"FID":454,"Shape_Leng":129.169215584,"Shape_Area":962.03064013400001,"Sothua":451,"So_To":65,"LoaidatHT":"HNK","Khuphomoi":"Khu phố Hương Điền","Sothuacu":451,"Sotocu":7,"Phuongcu":"phường Long Hương","Nguoisudun":"Lê Hữu Phước","Quyetdinh":"Quyết định 3693/QĐ-UBND","ID":"451.65"}},{"type":"Feature","id":455,"geometry":{"type":"Polygon","coordinates":[[[107.13818599387443,10.508682451862152],[107.1381744277472,10.508934370543862],[107.13778595397218,10.508930138966058],[107.13778576886773,10.508661220498599],[107.13787017392453,10.50866189909155],[107.13802068389637,10.508662957431667],[107.13818674637682,10.508664126006666],[107.13818599387443,10.508682451862152]]]},"properties":{"FID":455,"Shape_Leng":146.12910352700001,"Shape_Area":1289.37285931,"Sothua":168,"So_To":43,"LoaidatHT":"ODT","Khuphomoi":"Khu phố Hải Dinh","Sothuacu":65,"Sotocu":6,"Phuongcu":"Phường Kim Dinh","Nguoisudun":"UBND phường","Quyetdinh":"Quyết định 3693/QĐ-UBND","ID":"168.43"}},{"type":"Feature","id":456,"geometry":{"type":"Polygon","coordinates":[[[107.12999485869982,10.508920775165256],[107.12924611992069,10.508923551978203],[107.12920015488739,10.50887917899273],[107.12919899771177,10.507628705431118],[107.129245388245,10.507583382798536],[107.13047102205975,10.507579366461972],[107.1304913675288,10.507624891947305],[107.13046431588097,10.507987468007007],[107.13040158610937,10.508452129410159],[107.13038390756368,10.508567287275826],[107.13033130529497,10.508722193781018],[107.13030675661278,10.508773110223121],[107.13029242873671,10.508797376054771],[107.1302740872641,10.508818903077817],[107.1302340317132,10.508857864573928],[107.13021093162689,10.50887375826332],[107.1301874865234,10.508888884194604],[107.13016089295596,10.50889757421648],[107.13010663650581,10.508910849856635],[107.13004773236781,10.508918419101795],[107.12999485869982,10.508920775165256]]]},"properties":{"FID":456,"Shape_Leng":543.52254754199998,"Shape_Area":19590.443736000001,"Sothua":5,"So_To":41,"LoaidatHT":"DGD","Khuphomoi":"Khu phố Kim Hải","Sothuacu":0,"Sotocu":41,"Phuongcu":"Phường Kim Dinh","Nguoisudun":"Trường THCS Trần Đại Nghĩa","Quyetdinh":" ","ID":"5.41"}},{"type":"Feature","id":457,"geometry":{"type":"Polygon","coordinates":[[[107.12900107155777,10.508923198879401],[107.12822146315429,10.508925822486701],[107.12817505379118,10.508884432275288],[107.12813847847633,10.50763067951646],[107.12817793167633,10.507587485990742],[107.12899739717319,10.507583936815726],[107.12904546072212,10.507629507848455],[107.12904475054691,10.508881325417889],[107.12900107155777,10.508923198879401]]]},"properties":{"FID":457,"Shape_Leng":479.59783783500001,"Shape_Area":14363.0068034,"Sothua":4,"So_To":41,"LoaidatHT":"DGD","Khuphomoi":"Khu phố Kim Hải","Sothuacu":0,"Sotocu":41,"Phuongcu":"Phường Kim Dinh","Nguoisudun":"Trường mẫu giáo Vành Khuyên","Quyetdinh":" ","ID":"4.41"}},{"type":"Feature","id":458,"geometry":{"type":"Polygon","coordinates":[[[107.1628688042956,10.508964490657393],[107.16278761924102,10.508995623150424],[107.16268154201059,10.508759272353259],[107.1627696567128,10.508735566379372],[107.16282477638032,10.508719394523848],[107.16289407089961,10.508695563739208],[107.16293074577807,10.508770853501012],[107.16300038716571,10.50890207940032],[107.16296287120109,10.508933472784637],[107.1628688042956,10.508964490657393]]]},"properties":{"FID":458,"Shape_Leng":104.357800885,"Shape_Area":681.08307838099995,"Sothua":452,"So_To":65,"LoaidatHT":"HNK","Khuphomoi":"Khu phố Hương Điền","Sothuacu":452,"Sotocu":7,"Phuongcu":"phường Long Hương","Nguoisudun":" LÊ VĂN LIÊU (chết); Sử dụng: TRƯƠNG THỊ HẢI (vợ).","Quyetdinh":"Quyết định 3693/QĐ-UBND","ID":"452.65"}},{"type":"Feature","id":459,"geometry":{"type":"Polygon","coordinates":[[[107.128180404386,10.508926899600107],[107.12817899649092,10.508950566228409],[107.1281215508936,10.508932146184044],[107.12804412057491,10.508902176189022],[107.12800573778352,10.508867374455372],[107.12795637850319,10.508807452610709],[107.12794114294151,10.508778554986327],[107.12792557557856,10.508737614069169],[107.12791755989007,10.50868446310384],[107.12789777556337,10.508586672522251],[107.12789345871619,10.508529641857521],[107.12788703781968,10.508478511129038],[107.12787276612428,10.508429516407679],[107.12783820452374,10.50839802238589],[107.12780514550202,10.508373356760073],[107.12777462702282,10.508357718851935],[107.12768971059091,10.508320963170277],[107.12761354893355,10.508296312681225],[107.12759746666993,10.508270731484053],[107.12757660203928,10.508228567904808],[107.12752940950423,10.508159066958191],[107.12746877135442,10.508087713790731],[107.1274456546288,10.508066909557826],[107.12743274769213,10.508061432938256],[107.12741655534678,10.508044982186636],[107.12739805380461,10.507676260388088],[107.12744038942927,10.507653197894047],[107.12780991075481,10.507457577102894],[107.12811349556664,10.507304799247413],[107.12810563503814,10.507183334783212],[107.12810049904748,10.507147920501417],[107.12815742129841,10.506852280361128],[107.12818718311522,10.506730093597261],[107.12877232745207,10.506766074526523],[107.12879247243232,10.507154391998883],[107.12929516819547,10.507167364422276],[107.12928642481266,10.507392072214657],[107.129245388245,10.507583382798536],[107.12899739717319,10.507583936815726],[107.12817793167633,10.507587485990742],[107.12813847847633,10.50763067951646],[107.12817505379118,10.508884432275288],[107.128180404386,10.508926899600107]]]},"properties":{"FID":459,"Shape_Leng":813.23137547600004,"Shape_Area":18152.5355891,"Sothua":6,"So_To":41,"LoaidatHT":"HNK","Khuphomoi":"Khu phố Kim Hải","Sothuacu":0,"Sotocu":41,"Phuongcu":"Phường Kim Dinh","Nguoisudun":" ","Quyetdinh":" ","ID":"6.41"}},{"type":"Feature","id":460,"geometry":{"type":"Polygon","coordinates":[[[107.16317023385022,10.509041265356132],[107.16303591857998,10.509099241273976],[107.16302965654789,10.509077259593123],[107.16296287120109,10.508933472784637],[107.16300038716571,10.50890207940032],[107.16332817722619,10.50875902165509],[107.16334587284724,10.508774062638365],[107.16338442365864,10.508823498319266],[107.16342180054397,10.508866061190346],[107.16345924507301,10.508872820439873],[107.16347455807021,10.508891292304519],[107.16317023385022,10.509041265356132]]]},"properties":{"FID":460,"Shape_Leng":140.42730989099999,"Shape_Area":1006.7449921800001,"Sothua":516,"So_To":65,"LoaidatHT":"HNK","Khuphomoi":"Khu phố Hương Điền","Sothuacu":516,"Sotocu":7,"Phuongcu":"phường Long Hương","Nguoisudun":"Lê Hữu Phước","Quyetdinh":"Quyết định 3693/QĐ-UBND","ID":"516.65"}},{"type":"Feature","id":461,"geometry":{"type":"Polygon","coordinates":[[[107.1701901463566,10.509137778255257],[107.17010547062684,10.509184438682723],[107.1700967052806,10.509172072925137],[107.17005252459724,10.509103369388832],[107.17010308877916,10.509079955352417],[107.17014724954471,10.509061592269159],[107.1701576031579,10.509079981965114],[107.1701901463566,10.509137778255257]]]},"properties":{"FID":461,"Shape_Leng":42.301475651399997,"Shape_Area":112.097165018,"Sothua":70,"So_To":66,"LoaidatHT":"LUC","Khuphomoi":"Khu phố Hương Điền","Sothuacu":70,"Sotocu":8,"Phuongcu":"phường Long Hương","Nguoisudun":"NGUYỄN THANH KHIẾT","Quyetdinh":"Quyết định 3693/QĐ-UBND","ID":"70.66"}},{"type":"Feature","id":462,"geometry":{"type":"Polygon","coordinates":[[[107.15882759124936,10.507316296913404],[107.15628632967987,10.509160192505876],[107.1551082085504,10.507470189947474],[107.15715345047629,10.506026170271829],[107.157303472805,10.506067407136122],[107.15737907719341,10.50608816205113],[107.15739971373006,10.50609380625782],[107.15752992095366,10.506129580304636],[107.15759338146964,10.506147058197065],[107.15779481029016,10.506202403823732],[107.15783991763783,10.506214784138347],[107.1580562370974,10.506318979575751],[107.15818440474995,10.506418760810982],[107.15829850747642,10.506563993447672],[107.15883785716217,10.50725076747414],[107.15882960416492,10.507314854270222],[107.15882759124936,10.507316296913404]]]},"properties":{"FID":462,"Shape_Leng":1093.52426728,"Shape_Area":74694.211652600003,"Sothua":380,"So_To":67,"LoaidatHT":"HNK","Khuphomoi":"Khu phố Hương Sơn","Sothuacu":0,"Sotocu":9,"Phuongcu":"phường Long Hương","Nguoisudun":" ","Quyetdinh":" ","ID":"380.67"}},{"type":"Feature","id":463,"geometry":{"type":"Polygon","coordinates":[[[107.16303591857998,10.509099241273976],[107.16287570918057,10.509178416606531],[107.16282538228351,10.509172265714016],[107.16282430284687,10.509163223085984],[107.16277968215265,10.509086471769885],[107.16274254023577,10.509016515024163],[107.16278761924102,10.508995623150424],[107.1628688042956,10.508964490657393],[107.16296287120109,10.508933472784637],[107.16302965654789,10.509077259593123],[107.16303591857998,10.509099241273976]]]},"properties":{"FID":463,"Shape_Leng":90.585877490499996,"Shape_Area":532.62949690400001,"Sothua":410,"So_To":65,"LoaidatHT":"HNK","Khuphomoi":"Khu phố Hương Điền","Sothuacu":410,"Sotocu":7,"Phuongcu":"phường Long Hương","Nguoisudun":"LÊ VĂN LIÊU (chết - TRƯƠNG THỊ HẢI (vợ).","Quyetdinh":"Quyết định 3693/QĐ-UBND","ID":"410.65"}},{"type":"Feature","id":464,"geometry":{"type":"Polygon","coordinates":[[[107.17010547062684,10.509184438682723],[107.1699862803339,10.509250130993241],[107.16992424925269,10.509234629951953],[107.16989946126516,10.509191675536025],[107.16990354049597,10.509189259745288],[107.17005252459724,10.509103369388832],[107.1700967052806,10.509172072925137],[107.17010547062684,10.509184438682723]]]},"properties":{"FID":464,"Shape_Leng":57.498749450399998,"Shape_Area":193.775423316,"Sothua":66,"So_To":66,"LoaidatHT":"LUC","Khuphomoi":"Khu phố Hương Điền","Sothuacu":66,"Sotocu":8,"Phuongcu":"phường Long Hương","Nguoisudun":"NGUYỄN THANH KHIẾT","Quyetdinh":"Quyết định 3693/QĐ-UBND","ID":"66.66"}},{"type":"Feature","id":465,"geometry":{"type":"Polygon","coordinates":[[[107.13813808040203,10.509203207951613],[107.1381068298427,10.509203482722961],[107.13779030625626,10.509200874083705],[107.13778697086019,10.509201272553996],[107.13778613952265,10.509201372154655],[107.13778609865541,10.509142331949402],[107.13778595397218,10.508930138966058],[107.1381744277472,10.508934370543862],[107.13817262159921,10.508973712296649],[107.13816327436824,10.509107303708099],[107.13813808040203,10.509203207951613]]]},"properties":{"FID":465,"Shape_Leng":141.225839253,"Shape_Area":1232.3519077399999,"Sothua":68,"So_To":43,"LoaidatHT":"ODT","Khuphomoi":"Khu phố Hải Dinh","Sothuacu":65,"Sotocu":6,"Phuongcu":"Phường Kim Dinh","Nguoisudun":"UBND phường","Quyetdinh":"Quyết định 3693/QĐ-UBND","ID":"68.43"}},{"type":"Feature","id":466,"geometry":{"type":"Polygon","coordinates":[[[107.16348427980358,10.509161731293689],[107.16331678153448,10.509278684836856],[107.16327977791086,10.509232416451491],[107.16325196271029,10.509206055389003],[107.1632377690312,10.509175198924254],[107.16317023385022,10.509041265356132],[107.16347455807021,10.508891292304519],[107.16361943065195,10.509038831490656],[107.16360163406446,10.509077105942676],[107.1635484743236,10.509110459810312],[107.16350851807334,10.509146966553537],[107.16350171250301,10.509156320533661],[107.16349065382884,10.509170017464518],[107.16348427980358,10.509161731293689]]]},"properties":{"FID":466,"Shape_Leng":135.36773223700001,"Shape_Area":1124.6638283100001,"Sothua":412,"So_To":65,"LoaidatHT":"HNK","Khuphomoi":"Khu phố Hương Điền","Sothuacu":412,"Sotocu":7,"Phuongcu":"phường Long Hương","Nguoisudun":"NGUYỄN VĂN PHỦ","Quyetdinh":"Quyết định 3693/QĐ-UBND","ID":"412.65"}},{"type":"Feature","id":467,"geometry":{"type":"Polygon","coordinates":[[[107.16325196271029,10.509206055389003],[107.16294374145441,10.509339294367058],[107.1629345431372,10.509323997497454],[107.16287570918057,10.509178416606531],[107.16303591857998,10.509099241273976],[107.16317023385022,10.509041265356132],[107.1632377690312,10.509175198924254],[107.16325196271029,10.509206055389003]]]},"properties":{"FID":467,"Shape_Leng":112.111895369,"Shape_Area":729.10250384999995,"Sothua":411,"So_To":65,"LoaidatHT":"HNK","Khuphomoi":"Khu phố Hương Điền","Sothuacu":411,"Sotocu":7,"Phuongcu":"phường Long Hương","Nguoisudun":"NGUYỄN VĂN PHỦ","Quyetdinh":"Quyết định 3693/QĐ-UBND","ID":"411.65"}},{"type":"Feature","id":468,"geometry":{"type":"Polygon","coordinates":[[[107.16294374145441,10.509339294367058],[107.16266387464144,10.509450973420728],[107.16260540084178,10.509268815872071],[107.16278201873072,10.509203830003388],[107.16282538228351,10.509172265714016],[107.16287570918057,10.509178416606531],[107.1629345431372,10.509323997497454],[107.16294374145441,10.509339294367058]]]},"properties":{"FID":468,"Shape_Leng":105.58574463799999,"Shape_Area":667.31757252900002,"Sothua":393,"So_To":65,"LoaidatHT":"HNK","Khuphomoi":"Khu phố Hương Điền","Sothuacu":393,"Sotocu":7,"Phuongcu":"phường Long Hương","Nguoisudun":"NGUYỄN VĂN PHỦ","Quyetdinh":"Quyết định 3693/QĐ-UBND","ID":"393.65"}},{"type":"Feature","id":469,"geometry":{"type":"Polygon","coordinates":[[[107.16321699529776,10.509435996921114],[107.16307955636876,10.509503280068548],[107.16300765073531,10.509498136778335],[107.16294374145441,10.509339294367058],[107.16325196271029,10.509206055389003],[107.16327977791086,10.509232416451491],[107.16331678153448,10.509278684836856],[107.1633007594103,10.509297279984626],[107.16321699529776,10.509435996921114]]]},"properties":{"FID":469,"Shape_Leng":111.758359,"Shape_Area":763.69687482500001,"Sothua":392,"So_To":65,"LoaidatHT":"HNK","Khuphomoi":"Khu phố Hương Điền","Sothuacu":392,"Sotocu":7,"Phuongcu":"phường Long Hương","Nguoisudun":"NGUYỄN VĂN PHỦ","Quyetdinh":"Quyết định 3693/QĐ-UBND","ID":"392.65"}},{"type":"Feature","id":470,"geometry":{"type":"Polygon","coordinates":[[[107.16299652218656,10.509497340459909],[107.16275666344694,10.509568140762843],[107.16269147718448,10.50954598140232],[107.1626762408258,10.509500599430934],[107.16266759662344,10.509462564896062],[107.16266387464144,10.509450973420728],[107.16294374145441,10.509339294367058],[107.16300765073531,10.509498136778335],[107.16299652218656,10.509497340459909]]]},"properties":{"FID":470,"Shape_Leng":99.084735100900005,"Shape_Area":558.81634169699998,"Sothua":339,"So_To":65,"LoaidatHT":"HNK","Khuphomoi":"Khu phố Hương Điền","Sothuacu":339,"Sotocu":7,"Phuongcu":"phường Long Hương","Nguoisudun":"NGUYỄN VĂN PHỦ","Quyetdinh":"Quyết định 3693/QĐ-UBND","ID":"339.65"}},{"type":"Feature","id":471,"geometry":{"type":"Polygon","coordinates":[[[107.13023213331257,10.509122502312852],[107.12975149640793,10.509642772737473],[107.12971887632976,10.509631951280605],[107.12849203358985,10.509264094586269],[107.12724600696291,10.508966009567677],[107.12620801924096,10.508747008855178],[107.12622581711622,10.508664408398404],[107.12614162103991,10.50864670320054],[107.12612382343626,10.508729213270492],[107.12595707494565,10.508694030402619],[107.12540547118813,10.508577646510538],[107.12539403555098,10.508575234828591],[107.12539676503815,10.508572638780624],[107.12562222494907,10.50850569916147],[107.12566169451115,10.508494999862332],[107.12578265091028,10.508436407655447],[107.12585748840735,10.508396999382926],[107.12595771357792,10.508375669610002],[107.12600014908737,10.508366639686299],[107.12616752926641,10.508328517481738],[107.12631350320203,10.508308814370778],[107.12657264173968,10.508289505182333],[107.12670558847975,10.508265048220101],[107.12674581870475,10.508253410029594],[107.12689249875788,10.508187038291224],[107.12698601275459,10.508136889861262],[107.12712041511408,10.508101748593409],[107.12721407371338,10.508084076946927],[107.12731182187444,10.508077179690398],[107.1274356602528,10.508107729056988],[107.12747338319137,10.508157031154965],[107.12750407393821,10.508219448163509],[107.12755180024057,10.508291807101925],[107.12758995986259,10.508323778670187],[107.12763384140439,10.508345482166382],[107.12769182440685,10.508364509720217],[107.1277693512215,10.508400726551066],[107.12781094430069,10.508433807576722],[107.12784270758523,10.508521731024988],[107.1278565839433,10.508590217064256],[107.12787786684564,10.508710658755126],[107.12789859795863,10.508810268750366],[107.12791262315254,10.508836732310671],[107.12799473297538,10.508929610068181],[107.12805951189499,10.508972085540321],[107.1281342362318,10.509002609656912],[107.12817867921854,10.509013057344996],[107.12818276586189,10.509080204443389],[107.12818425132696,10.509114003627692],[107.1291188771126,10.509124647628758],[107.13023213331257,10.509122502312852]],[[107.12685909742551,10.508652524752078],[107.12693127124973,10.508674717482965],[107.12695371466029,10.508603418272669],[107.12688254791314,10.508579844047125],[107.12685909742551,10.508652524752078]]]},"properties":{"FID":471,"Shape_Leng":1229.2634161399999,"Shape_Area":23690.727493999999,"Sothua":1,"So_To":41,"LoaidatHT":"CLN","Khuphomoi":"Khu phố Kim Hải","Sothuacu":0,"Sotocu":41,"Phuongcu":"Phường Kim Dinh","Nguoisudun":" ","Quyetdinh":"Quyết định 3693/QĐ-UBND","ID":"1.41"}},{"type":"Feature","id":472,"geometry":{"type":"Polygon","coordinates":[[[107.16739526557008,10.509738164211424],[107.16743817814239,10.509849539037578],[107.16724007449473,10.509821057269638],[107.16720197661769,10.509772888977732],[107.16720574338946,10.509768618902042],[107.16739028062516,10.509663115137458],[107.16739273138087,10.509725230671908],[107.16739526557008,10.509738164211424]]]},"properties":{"FID":472,"Shape_Leng":74.174346493000002,"Shape_Area":281.18632005000001,"Sothua":437,"So_To":65,"LoaidatHT":"HNK","Khuphomoi":"Khu phố Hương Điền","Sothuacu":437,"Sotocu":7,"Phuongcu":"phường Long Hương","Nguoisudun":"UBND phường","Quyetdinh":"Quyết định 3693/QĐ-UBND","ID":"437.65"}},{"type":"Feature","id":473,"geometry":{"type":"Polygon","coordinates":[[[107.17112246157167,10.510212049067578],[107.17092039181075,10.510399555388307],[107.17085656795905,10.510310635164489],[107.17071746210473,10.510116830266965],[107.17101486783861,10.509952372536489],[107.17104218005557,10.509954501214487],[107.17105442097177,10.509955427914816],[107.17111571948642,10.5099571667379],[107.17114796234132,10.509960571296871],[107.17116062313048,10.509980937169209],[107.17124748196476,10.510091939948875],[107.17112246157167,10.510212049067578]]]},"properties":{"FID":473,"Shape_Leng":157.87321489799999,"Shape_Area":1525.7078781800001,"Sothua":45,"So_To":66,"LoaidatHT":"LUC","Khuphomoi":"Khu phố Hương Điền","Sothuacu":45,"Sotocu":8,"Phuongcu":"phường Long Hương","Nguoisudun":"NGUYỄN THỊ BÊ","Quyetdinh":"Quyết định 3693/QĐ-UBND","ID":"45.66"}},{"type":"Feature","id":474,"geometry":{"type":"Polygon","coordinates":[[[107.17117984559664,10.510402740834357],[107.17101909942205,10.510525407323135],[107.17097953634395,10.510478592719881],[107.17093276388931,10.510427876852271],[107.17096589021376,10.510398643891753],[107.17107260297875,10.510297758700951],[107.17126608084706,10.510112678218769],[107.1713305272323,10.510238919092577],[107.17132411647276,10.510345502425986],[107.17117984559664,10.510402740834357]]]},"properties":{"FID":474,"Shape_Leng":131.54231879,"Shape_Area":843.50372585900004,"Sothua":42,"So_To":66,"LoaidatHT":"LUC","Khuphomoi":"Khu phố Hương Điền","Sothuacu":42,"Sotocu":8,"Phuongcu":"phường Long Hương","Nguoisudun":"NGUYỄN VĂN KHÁ","Quyetdinh":"Quyết định 3693/QĐ-UBND","ID":"42.66"}},{"type":"Feature","id":475,"geometry":{"type":"Polygon","coordinates":[[[107.17065884654018,10.510636498979864],[107.17058206264585,10.510707783476374],[107.17053644039649,10.510628228743563],[107.17048450544253,10.510526834821311],[107.17045351394442,10.510466330991058],[107.17043340267224,10.51042389146642],[107.17040501806581,10.510359120936714],[107.17038391433344,10.510310967923191],[107.17045827163294,10.510266621248425],[107.17050299658385,10.51023957937039],[107.17063643700639,10.510160532093577],[107.17068666253786,10.510123012543408],[107.17071746210473,10.510116830266965],[107.17085656795905,10.510310635164489],[107.17092039181075,10.510399555388307],[107.17090409738739,10.510416884648492],[107.17084937185743,10.51046705415299],[107.17079263795296,10.510516043449396],[107.17065884654018,10.510636498979864]]]},"properties":{"FID":475,"Shape_Leng":180.35013755700001,"Shape_Area":2032.10737118,"Sothua":41,"So_To":66,"LoaidatHT":"LUC","Khuphomoi":"Khu phố Hương Điền","Sothuacu":41,"Sotocu":8,"Phuongcu":"phường Long Hương","Nguoisudun":"LÊ THÀNH THUẬN","Quyetdinh":"Quyết định 3693/QĐ-UBND","ID":"41.66"}},{"type":"Feature","id":476,"geometry":{"type":"Polygon","coordinates":[[[107.17058206264585,10.510707783476374],[107.17041997676145,10.510862814730295],[107.17031427002735,10.510625876835727],[107.17030916422897,10.510614432356606],[107.17029684444026,10.510607448773939],[107.17027559586009,10.510587066596852],[107.17032362414574,10.510552165115358],[107.17045351394442,10.510466330991058],[107.17048450544253,10.510526834821311],[107.17053644039649,10.510628228743563],[107.17058206264585,10.510707783476374]]]},"properties":{"FID":476,"Shape_Leng":113.348998366,"Shape_Area":726.77014839000003,"Sothua":34,"So_To":66,"LoaidatHT":"LUC","Khuphomoi":"Khu phố Hương Điền","Sothuacu":34,"Sotocu":8,"Phuongcu":"phường Long Hương","Nguoisudun":"LÊ THÀNH THUẬN","Quyetdinh":"Quyết định 3693/QĐ-UBND","ID":"34.66"}},{"type":"Feature","id":477,"geometry":{"type":"Polygon","coordinates":[[[107.1714549511223,10.51073387712645],[107.17126116128165,10.510890025953053],[107.17101909942205,10.510525407323135],[107.17117984559664,10.510402740834357],[107.17132411647276,10.510345502425986],[107.1713410542467,10.510375278495513],[107.17140058031532,10.510494911754135],[107.17146210555903,10.51062015306008],[107.17149597547416,10.510682417569615],[107.17149476509023,10.510694530699388],[107.1714549511223,10.51073387712645]]]},"properties":{"FID":477,"Shape_Leng":164.15480692200001,"Shape_Area":1708.11547537,"Sothua":33,"So_To":66,"LoaidatHT":"LUC","Khuphomoi":"Khu phố Hương Điền","Sothuacu":33,"Sotocu":8,"Phuongcu":"phường Long Hương","Nguoisudun":"NGUYỄN VĂN KHÁ","Quyetdinh":"Quyết định 3693/QĐ-UBND","ID":"33.66"}},{"type":"Feature","id":478,"geometry":{"type":"Polygon","coordinates":[[[107.13943649142693,10.509925524387018],[107.13963805342073,10.51090324507844],[107.13948977996448,10.510869009059059],[107.13948901129537,10.51078709682155],[107.13950563975018,10.510786405314159],[107.1395048674854,10.510760999157039],[107.13896739309247,10.510748388000051],[107.13879939647941,10.510709598219529],[107.13865438165448,10.510728938244695],[107.13839661963684,10.510741408045636],[107.13836072658965,10.510743145843847],[107.1383548166271,10.510664070097539],[107.13828574692295,10.510660672665688],[107.13825046418715,10.510660849024321],[107.13821973474425,10.510660558135356],[107.13819566694683,10.510199362017293],[107.13823163214144,10.510196968481198],[107.13822695971196,10.510107398060399],[107.13822123052887,10.509998044338699],[107.13821756624957,10.509899426036034],[107.13821572344632,10.509869867609797],[107.13820458131859,10.509660209958374],[107.13820451621061,10.509650483299513],[107.13835787714656,10.509655534307287],[107.1383763831476,10.509656145298663],[107.13852615760852,10.509661077590847],[107.1385446288855,10.509661686094814],[107.13868635436899,10.50966635531865],[107.13880529600112,10.509670028395334],[107.13891083550939,10.509673534188209],[107.13915618415123,10.509681680300092],[107.1391763326763,10.509682349764674],[107.13938445185443,10.509689261716908],[107.13943649142693,10.509925524387018]]]},"properties":{"FID":478,"Shape_Leng":561.92113533999998,"Shape_Area":16704.806608499999,"Sothua":32,"So_To":43,"LoaidatHT":"ODT","Khuphomoi":"Khu phố Hải Dinh","Sothuacu":65,"Sotocu":6,"Phuongcu":"Phường Kim Dinh","Nguoisudun":"UBND phường","Quyetdinh":"Quyết định 3693/QĐ-UBND","ID":"32.43"}},{"type":"Feature","id":479,"geometry":{"type":"Polygon","coordinates":[[[107.17155354836714,10.510869764684488],[107.17148452385271,10.510993683462084],[107.17139422655286,10.510963502138651],[107.17126198114704,10.510891293822137],[107.17126116128165,10.510890025953053],[107.1714549511223,10.51073387712645],[107.1714752004206,10.510751092740009],[107.17152854287875,10.510806069318029],[107.17155354836714,10.510869764684488]]]},"properties":{"FID":479,"Shape_Leng":89.076948735800002,"Shape_Area":498.94750153400003,"Sothua":27,"So_To":66,"LoaidatHT":"ODT","Khuphomoi":"Khu phố Hương Điền","Sothuacu":27,"Sotocu":8,"Phuongcu":"phường Long Hương","Nguoisudun":"NGUYỄN VĂN KHÁ","Quyetdinh":"Quyết định 3693/QĐ-UBND","ID":"27.66"}},{"type":"Feature","id":480,"geometry":{"type":"Polygon","coordinates":[[[107.16705899436505,10.510993631197579],[107.16699169106475,10.511027050618944],[107.16683028317526,10.510771160633677],[107.1670119518209,10.510648806726113],[107.16703577065469,10.510613861359909],[107.16715532664489,10.510777815753743],[107.16716215025565,10.510792927122198],[107.16723138196272,10.510900191434089],[107.16705899436505,10.510993631197579]]]},"properties":{"FID":480,"Shape_Leng":130.15302762600001,"Shape_Area":1031.95047985,"Sothua":280,"So_To":65,"LoaidatHT":"HNK","Khuphomoi":"Khu phố Hương Điền","Sothuacu":280,"Sotocu":7,"Phuongcu":"phường Long Hương","Nguoisudun":"UBND phường","Quyetdinh":"Quyết định 3693/QĐ-UBND","ID":"280.65"}},{"type":"Feature","id":481,"geometry":{"type":"Polygon","coordinates":[[[107.17041997676145,10.510862814730295],[107.17004154772546,10.511118258067649],[107.16990911371958,10.510861595305524],[107.16990827956289,10.510859980462877],[107.16987714727433,10.51079970980671],[107.16995390816575,10.510740269255397],[107.17014463914161,10.510656806421203],[107.17020018860359,10.510655009215034],[107.17022930742814,10.510619620700885],[107.17027559586009,10.510587066596852],[107.17029684444026,10.510607448773939],[107.17030916422897,10.510614432356606],[107.17031427002735,10.510625876835727],[107.17041997676145,10.510862814730295]]]},"properties":{"FID":481,"Shape_Leng":175.43094265100001,"Shape_Area":1879.97396364,"Sothua":35,"So_To":66,"LoaidatHT":"LUC","Khuphomoi":"Khu phố Hương Điền","Sothuacu":35,"Sotocu":8,"Phuongcu":"phường Long Hương","Nguoisudun":"ĐỖ VĂN TRỌNG.","Quyetdinh":"Quyết định 3693/QĐ-UBND","ID":"35.66"}},{"type":"Feature","id":482,"geometry":{"type":"Polygon","coordinates":[[[107.17117185150346,10.510967165388678],[107.17094595701356,10.511143145783787],[107.1708800114591,10.511134616749155],[107.17080736622786,10.511093709037963],[107.17071825767403,10.5109645294899],[107.17058015121532,10.510752895328197],[107.17064376077357,10.510691531818237],[107.17077206202976,10.510575858004174],[107.17093276388931,10.510427876852271],[107.17097953634395,10.510478592719881],[107.17101909942205,10.510525407323135],[107.17126116128165,10.510890025953053],[107.17126198114704,10.510891293822137],[107.17117185150346,10.510967165388678]]]},"properties":{"FID":482,"Shape_Leng":221.603722586,"Shape_Area":3240.1893754100001,"Sothua":26,"So_To":66,"LoaidatHT":"LUC","Khuphomoi":"Khu phố Hương Điền","Sothuacu":26,"Sotocu":8,"Phuongcu":"phường Long Hương","Nguoisudun":"NGUYỄN VĂN NHỊ","Quyetdinh":"Quyết định 3693/QĐ-UBND","ID":"26.66"}},{"type":"Feature","id":483,"geometry":{"type":"Polygon","coordinates":[[[107.17060918088855,10.511206180759325],[107.170586682985,10.511218887851975],[107.17036280658067,10.510949776412168],[107.17044578137674,10.510889804272178],[107.17058015121532,10.510752895328197],[107.17071825767403,10.5109645294899],[107.17080736622786,10.511093709037963],[107.17076292322996,10.511116411618932],[107.17061010519343,10.511200305936363],[107.17060708564298,10.511203283894931],[107.17060918088855,10.511206180759325]]]},"properties":{"FID":483,"Shape_Leng":144.42549359899999,"Shape_Area":1215.0245775799999,"Sothua":25,"So_To":66,"LoaidatHT":"LUC","Khuphomoi":"Khu phố Hương Điền","Sothuacu":25,"Sotocu":8,"Phuongcu":"phường Long Hương","Nguoisudun":"NGUYỄN THỊ BÉ","Quyetdinh":"Quyết định 3693/QĐ-UBND","ID":"25.66"}},{"type":"Feature","id":484,"geometry":{"type":"Polygon","coordinates":[[[107.17128708061111,10.511198557810408],[107.17117959873191,10.511270961815503],[107.17113352702442,10.511236249653399],[107.17103364458133,10.511250624328241],[107.17098987738792,10.511253979686362],[107.17096532086289,10.511194534559952],[107.17094595701356,10.511143145783787],[107.17117185150346,10.510967165388678],[107.17126198114704,10.510891293822137],[107.17139422655286,10.510963502138651],[107.1713385586616,10.511077589919767],[107.17128708061111,10.511198557810408]]]},"properties":{"FID":484,"Shape_Leng":139.12384811499999,"Shape_Area":1124.5579434399999,"Sothua":13,"So_To":66,"LoaidatHT":"LUC","Khuphomoi":"Khu phố Hương Điền","Sothuacu":13,"Sotocu":8,"Phuongcu":"phường Long Hương","Nguoisudun":"NGUYỄN THỊ BÉ","Quyetdinh":"Quyết định 3693/QĐ-UBND","ID":"13.66"}},{"type":"Feature","id":485,"geometry":{"type":"Polygon","coordinates":[[[107.16720815576066,10.511252210390024],[107.16714569912088,10.511283378761373],[107.16701965532819,10.511071313130401],[107.16699169106475,10.511027050618944],[107.16705899436505,10.510993631197579],[107.16714196793592,10.511129491643324],[107.16720815576066,10.511252210390024]]]},"properties":{"FID":485,"Shape_Leng":81.857309890500005,"Shape_Area":266.75334394599997,"Sothua":243,"So_To":65,"LoaidatHT":"HNK","Khuphomoi":"Khu phố Hương Điền","Sothuacu":243,"Sotocu":7,"Phuongcu":"phường Long Hương","Nguoisudun":"UBND phường","Quyetdinh":"Quyết định 3693/QĐ-UBND","ID":"243.65"}},{"type":"Feature","id":486,"geometry":{"type":"Polygon","coordinates":[[[107.17084887237037,10.511323429777709],[107.17070523377508,10.511383923819912],[107.17060918088855,10.511206180759325],[107.17060708564298,10.511203283894931],[107.17061010519343,10.511200305936363],[107.17076292322996,10.511116411618932],[107.17080736622786,10.511093709037963],[107.1708800114591,10.511134616749155],[107.17094595701356,10.511143145783787],[107.17096532086289,10.511194534559952],[107.17098987738792,10.511253979686362],[107.17084887237037,10.511323429777709]]]},"properties":{"FID":486,"Shape_Leng":111.721692648,"Shape_Area":782.31183315999999,"Sothua":14,"So_To":66,"LoaidatHT":"LUC","Khuphomoi":"Khu phố Hương Điền","Sothuacu":14,"Sotocu":8,"Phuongcu":"phường Long Hương","Nguoisudun":"NGUYỄN THỊ BÉ","Quyetdinh":"Quyết định 3693/QĐ-UBND","ID":"14.66"}},{"type":"Feature","id":487,"geometry":{"type":"Polygon","coordinates":[[[107.170586682985,10.511218887851975],[107.17027332664708,10.511411795643204],[107.17014773336032,10.511250905569181],[107.17008885152518,10.511177836003688],[107.1700937565999,10.511143939945859],[107.17009981256565,10.511129937216374],[107.17036280658067,10.510949776412168],[107.170586682985,10.511218887851975]]]},"properties":{"FID":487,"Shape_Leng":152.309097452,"Shape_Area":1478.9155111499999,"Sothua":24,"So_To":66,"LoaidatHT":"LUC","Khuphomoi":"Khu phố Hương Điền","Sothuacu":24,"Sotocu":8,"Phuongcu":"phường Long Hương","Nguoisudun":"NGUYỄN THỊ BÉ","Quyetdinh":"Quyết định 3693/QĐ-UBND","ID":"24.66"}},{"type":"Feature","id":488,"geometry":{"type":"Polygon","coordinates":[[[107.17022297346392,10.511370023970644],[107.17008157651723,10.511453486550469],[107.16996985479338,10.5112521170263],[107.16995682297126,10.511234463291864],[107.17003751727664,10.511172768785203],[107.170047113197,10.511170797888227],[107.17006190456912,10.511175977717789],[107.1700826126136,10.511191928559048],[107.17009619002566,10.511210939707002],[107.17018314742998,10.511317602866942],[107.17022297346392,10.511370023970644]]]},"properties":{"FID":488,"Shape_Leng":87.690048220899996,"Shape_Area":447.60573087099999,"Sothua":16,"So_To":66,"LoaidatHT":"HNK","Khuphomoi":"Khu phố Hương Điền","Sothuacu":16,"Sotocu":8,"Phuongcu":"phường Long Hương","Nguoisudun":"PHAN VĂN HÙNG","Quyetdinh":"Quyết định 3693/QĐ-UBND","ID":"16.66"}},{"type":"Feature","id":489,"geometry":{"type":"Polygon","coordinates":[[[107.16733582188927,10.511475942187934],[107.1672782996971,10.511506576159064],[107.16714569912088,10.511283378761373],[107.16720815576066,10.511252210390024],[107.16725870455603,10.511335030130349],[107.16731313749075,10.511429087640412],[107.16732035550849,10.511441557148435],[107.16733582188927,10.511475942187934]]]},"properties":{"FID":489,"Shape_Leng":71.911605097299997,"Shape_Area":218.445759611,"Sothua":242,"So_To":65,"LoaidatHT":"HNK","Khuphomoi":"Khu phố Hương Điền","Sothuacu":242,"Sotocu":7,"Phuongcu":"phường Long Hương","Nguoisudun":"UBND phường","Quyetdinh":"Quyết định 3693/QĐ-UBND","ID":"242.65"}},{"type":"Feature","id":490,"geometry":{"type":"Polygon","coordinates":[[[107.17066143222948,10.511405633227982],[107.1703448764592,10.511550165291599],[107.17026637423784,10.511416574704986],[107.17027332664708,10.511411795643204],[107.170586682985,10.511218887851975],[107.17060918088855,10.511206180759325],[107.17070523377508,10.511383923819912],[107.17066143222948,10.511405633227982]]]},"properties":{"FID":490,"Shape_Leng":127.10916532900001,"Shape_Area":868.69315060400004,"Sothua":15,"So_To":66,"LoaidatHT":"LUC","Khuphomoi":"Khu phố Hương Điền","Sothuacu":15,"Sotocu":8,"Phuongcu":"phường Long Hương","Nguoisudun":"NGUYỄN THỊ BÉ","Quyetdinh":"Quyết định 3693/QĐ-UBND","ID":"15.66"}},{"type":"Feature","id":491,"geometry":{"type":"Polygon","coordinates":[[[107.17000236983806,10.511501440980265],[107.16976472576971,10.511658231675362],[107.16968076564177,10.511511792477377],[107.16962584727554,10.511420377086175],[107.16966095006887,10.511408777781329],[107.16995682297126,10.511234463291864],[107.16996985479338,10.5112521170263],[107.17008157651723,10.511453486550469],[107.17000236983806,10.511501440980265]]]},"properties":{"FID":491,"Shape_Leng":141.42952005800001,"Shape_Area":1187.6389829699999,"Sothua":17,"So_To":66,"LoaidatHT":"HNK","Khuphomoi":"Khu phố Hương Điền","Sothuacu":17,"Sotocu":8,"Phuongcu":"phường Long Hương","Nguoisudun":"PHAN VĂN HÙNG","Quyetdinh":"Quyết định 3693/QĐ-UBND","ID":"17.66"}},{"type":"Feature","id":492,"geometry":{"type":"Polygon","coordinates":[[[107.16747338035609,10.51168622071183],[107.16740525478019,10.511719999253001],[107.1672782996971,10.511506576159064],[107.16733582188927,10.511475942187934],[107.16747338035609,10.51168622071183]]]},"properties":{"FID":492,"Shape_Leng":70.613738323000007,"Shape_Area":212.84710160099999,"Sothua":223,"So_To":65,"LoaidatHT":"ODT","Khuphomoi":"Khu phố Hương Điền","Sothuacu":223,"Sotocu":7,"Phuongcu":"phường Long Hương","Nguoisudun":"UBND phường","Quyetdinh":"Quyết định 3693/QĐ-UBND","ID":"223.65"}},{"type":"Feature","id":493,"geometry":{"type":"Polygon","coordinates":[[[107.17020714002211,10.511825940180566],[107.17017478313259,10.511834741519236],[107.17000236983806,10.511501440980265],[107.17008157651723,10.511453486550469],[107.17022297346392,10.511370023970644],[107.17026637423784,10.511416574704986],[107.1703448764592,10.511550165291599],[107.17037610463937,10.511608447712474],[107.17037672787649,10.511617128247984],[107.17037250863117,10.511674802713856],[107.17036855525284,10.511688176464112],[107.17031622328933,10.51177731670683],[107.1703054141155,10.511792305492298],[107.17020714002211,10.511825940180566]]]},"properties":{"FID":493,"Shape_Leng":138.436349898,"Shape_Area":1263.51953574,"Sothua":9,"So_To":66,"LoaidatHT":"HNK","Khuphomoi":"Khu phố Hương Điền","Sothuacu":9,"Sotocu":8,"Phuongcu":"phường Long Hương","Nguoisudun":"CHI HỘI NÔNG DÂN","Quyetdinh":"Quyết định 3693/QĐ-UBND","ID":"9.66"}},{"type":"Feature","id":494,"geometry":{"type":"Polygon","coordinates":[[[107.17017478313259,10.511834741519236],[107.17000739693752,10.511891756301546],[107.16999306041014,10.511888023090828],[107.16997784147851,10.511867924129048],[107.16984660282006,10.511843905432684],[107.16978508883182,10.511712787029595],[107.16976472576971,10.511658231675362],[107.17000236983806,10.511501440980265],[107.17017478313259,10.511834741519236]]]},"properties":{"FID":494,"Shape_Leng":133.53192296500001,"Shape_Area":1112.17367997,"Sothua":8,"So_To":66,"LoaidatHT":"HNK","Khuphomoi":"Khu phố Hương Điền","Sothuacu":8,"Sotocu":8,"Phuongcu":"phường Long Hương","Nguoisudun":"CHI HỘI NÔNG DÂN","Quyetdinh":"Quyết định 3693/QĐ-UBND","ID":"8.66"}},{"type":"Feature","id":495,"geometry":{"type":"Polygon","coordinates":[[[107.16757822630476,10.511851051712018],[107.16750798381365,10.51189296376935],[107.16740525478019,10.511719999253001],[107.16747338035609,10.51168622071183],[107.16748599823428,10.511680819120331],[107.16757822630476,10.511851051712018]]]},"properties":{"FID":495,"Shape_Leng":62.3998785705,"Shape_Area":205.18044345499999,"Sothua":224,"So_To":65,"LoaidatHT":"ODT","Khuphomoi":"Khu phố Hương Điền","Sothuacu":224,"Sotocu":7,"Phuongcu":"phường Long Hương","Nguoisudun":"UBND phường","Quyetdinh":"Quyết định 3693/QĐ-UBND","ID":"224.65"}},{"type":"Feature","id":496,"geometry":{"type":"Polygon","coordinates":[[[107.16786178955151,10.512054907474083],[107.16775416550244,10.51210515975208],[107.16772021065938,10.512039820514117],[107.16760480270224,10.511856073394751],[107.16759980565429,10.511840964928167],[107.16780396481492,10.511710424563701],[107.16795447772385,10.511930490307419],[107.16793903262572,10.511982268203885],[107.16793491418676,10.512001713132305],[107.16793046076278,10.512022756497634],[107.16791188532453,10.512029450618252],[107.1679117978602,10.512029481042138],[107.16790550281621,10.512031751985315],[107.16786178955151,10.512054907474083]]]},"properties":{"FID":496,"Shape_Leng":121.76080762300001,"Shape_Area":957.69759370300005,"Sothua":227,"So_To":65,"LoaidatHT":"ODT","Khuphomoi":"Khu phố Hương Điền","Sothuacu":227,"Sotocu":7,"Phuongcu":"phường Long Hương","Nguoisudun":"UBND phường","Quyetdinh":"Quyết định 3693/QĐ-UBND","ID":"227.65"}},{"type":"Feature","id":497,"geometry":{"type":"Polygon","coordinates":[[[107.16772641113471,10.512094801844752],[107.16765233280195,10.51213580289326],[107.16750798381365,10.51189296376935],[107.16757822630476,10.511851051712018],[107.16766020537446,10.511981484952948],[107.16772641113471,10.512094801844752]]]},"properties":{"FID":497,"Shape_Leng":80.925853907399997,"Shape_Area":290.12005299800001,"Sothua":225,"So_To":65,"LoaidatHT":"ODT","Khuphomoi":"Khu phố Hương Điền","Sothuacu":225,"Sotocu":7,"Phuongcu":"phường Long Hương","Nguoisudun":"UBND phường","Quyetdinh":"Quyết định 3693/QĐ-UBND","ID":"225.65"}},{"type":"Feature","id":498,"geometry":{"type":"Polygon","coordinates":[[[107.1674465423676,10.512203937400143],[107.16731590152536,10.512306333715582],[107.16722931218274,10.51219894677666],[107.16718848499598,10.512144624999554],[107.16733951846771,10.512019915958238],[107.16735455178787,10.512045763744242],[107.1674465423676,10.512203937400143]]]},"properties":{"FID":498,"Shape_Leng":85.969600576900007,"Shape_Area":458.145671768,"Sothua":217,"So_To":65,"LoaidatHT":"HNK","Khuphomoi":"Khu phố Hương Điền","Sothuacu":217,"Sotocu":7,"Phuongcu":"phường Long Hương","Nguoisudun":"PHAN ĐÌNH THẮNG","Quyetdinh":"Quyết định 3693/QĐ-UBND","ID":"217.65"}},{"type":"Feature","id":499,"geometry":{"type":"Polygon","coordinates":[[[107.16823934327294,10.512317611679681],[107.16817323554753,10.512346603525431],[107.16811063510367,10.512263096339252],[107.16793046076278,10.512022756497634],[107.16793491418676,10.512001713132305],[107.16793903262572,10.511982268203885],[107.16795447772385,10.511930490307419],[107.16811074455696,10.511859261327771],[107.16812524115863,10.511875200534911],[107.16813419257977,10.511885041606789],[107.16832755118001,10.512097621630609],[107.16825655232705,10.512299651718156],[107.16823934327294,10.512317611679681]]]},"properties":{"FID":499,"Shape_Leng":143.810922371,"Shape_Area":1307.9190233300001,"Sothua":228,"So_To":65,"LoaidatHT":"ODT","Khuphomoi":"Khu phố Hương Điền","Sothuacu":228,"Sotocu":7,"Phuongcu":"phường Long Hương","Nguoisudun":"BÙI ĐỨC TÀI","Quyetdinh":"Quyết định 3693/QĐ-UBND","ID":"228.65"}},{"type":"Feature","id":500,"geometry":{"type":"Polygon","coordinates":[[[107.16665498257342,10.512562520905908],[107.16664199505249,10.512570452987138],[107.16649114114517,10.512337185812445],[107.16653833608548,10.512308792558114],[107.16666701468496,10.512236790969858],[107.16669746405374,10.51222238122436],[107.1668433418432,10.512429781472211],[107.16669505399622,10.512532849476646],[107.16665498257342,10.512562520905908]]]},"properties":{"FID":500,"Shape_Leng":111.523852674,"Shape_Area":778.18180872999994,"Sothua":202,"So_To":65,"LoaidatHT":"LUC","Khuphomoi":"Khu phố Hương Điền","Sothuacu":202,"Sotocu":7,"Phuongcu":"phường Long Hương","Nguoisudun":"HỘI CCB PHƯỜNG","Quyetdinh":"Quyết định 3693/QĐ-UBND","ID":"202.65"}},{"type":"Feature","id":501,"geometry":{"type":"Polygon","coordinates":[[[107.16731590152536,10.512306333715582],[107.1669049143234,10.512626629749374],[107.1668596610038,10.512447893732928],[107.16687795648065,10.512435360180943],[107.16704697165071,10.512337935856834],[107.16716984724432,10.512242144488734],[107.16722931218274,10.51219894677666],[107.16731590152536,10.512306333715582]]]},"properties":{"FID":501,"Shape_Leng":141.92652181700001,"Shape_Area":871.94620300400004,"Sothua":204,"So_To":65,"LoaidatHT":"HNK","Khuphomoi":"Khu phố Hương Điền","Sothuacu":204,"Sotocu":7,"Phuongcu":"phường Long Hương","Nguoisudun":"PHAN ĐÌNH THẮNG","Quyetdinh":"Quyết định 3693/QĐ-UBND","ID":"204.65"}},{"type":"Feature","id":502,"geometry":{"type":"Polygon","coordinates":[[[107.16655043303183,10.512629775318667],[107.1665250915611,10.5126483538413],[107.16647827218519,10.512573858925565],[107.16643535082027,10.512515735406613],[107.1663680231291,10.5124160690228],[107.16647466892461,10.51235225385931],[107.16658626504497,10.512522341853844],[107.16655043303183,10.512629775318667]]]},"properties":{"FID":502,"Shape_Leng":82.991647189399998,"Shape_Area":368.652957496,"Sothua":171,"So_To":65,"LoaidatHT":"HNK","Khuphomoi":"Khu phố Hương Điền","Sothuacu":171,"Sotocu":7,"Phuongcu":"phường Long Hương","Nguoisudun":"HỘI CCB PHƯỜNG","Quyetdinh":"Quyết định 3693/QĐ-UBND","ID":"171.65"}},{"type":"Feature","id":503,"geometry":{"type":"Polygon","coordinates":[[[107.16809329260323,10.512592465870888],[107.16795279261382,10.512697712695896],[107.16780260943693,10.512444611034523],[107.16780227389457,10.512444035786407],[107.1678408165926,10.512423566540885],[107.16802419670324,10.512314505399385],[107.16808577345512,10.512411900478776],[107.16809741551988,10.512585963621193],[107.16809329260323,10.512592465870888]]]},"properties":{"FID":503,"Shape_Leng":112.921429891,"Shape_Area":804.74363656499997,"Sothua":206,"So_To":65,"LoaidatHT":"HNK","Khuphomoi":"Khu phố Hương Điền","Sothuacu":206,"Sotocu":7,"Phuongcu":"phường Long Hương","Nguoisudun":"UBND phường","Quyetdinh":"Quyết định 3693/QĐ-UBND","ID":"206.65"}},{"type":"Feature","id":504,"geometry":{"type":"Polygon","coordinates":[[[107.1669049143234,10.512626629749374],[107.16671646035599,10.51281008962426],[107.16661921686421,10.512683515761484],[107.16658048767701,10.512630915808383],[107.16662845628622,10.512580012096764],[107.16664199505249,10.512570452987138],[107.16665498257342,10.512562520905908],[107.16669505399622,10.512532849476646],[107.1668433418432,10.512429781472211],[107.1668596610038,10.512447893732928],[107.1669049143234,10.512626629749374]]]},"properties":{"FID":504,"Shape_Leng":113.326164405,"Shape_Area":781.05926621900005,"Sothua":170,"So_To":65,"LoaidatHT":"HNK","Khuphomoi":"Khu phố Hương Điền","Sothuacu":170,"Sotocu":7,"Phuongcu":"phường Long Hương","Nguoisudun":"HỘI CCB PHƯỜNG.","Quyetdinh":"Quyết định 3693/QĐ-UBND","ID":"170.65"}},{"type":"Feature","id":505,"geometry":{"type":"Polygon","coordinates":[[[107.16708609355881,10.512814023872446],[107.16707675914252,10.512822595319381],[107.1669049143234,10.512626629749374],[107.16731590152536,10.512306333715582],[107.16740555061567,10.512439132327884],[107.16739804319371,10.512447888328916],[107.16708609355881,10.512814023872446]]]},"properties":{"FID":505,"Shape_Leng":159.313198073,"Shape_Area":1298.5168445500001,"Sothua":169,"So_To":65,"LoaidatHT":"HNK","Khuphomoi":"Khu phố Hương Điền","Sothuacu":169,"Sotocu":7,"Phuongcu":"phường Long Hương","Nguoisudun":"PHAN ĐÌNH THẮNG","Quyetdinh":"Quyết định 3693/QĐ-UBND","ID":"169.65"}},{"type":"Feature","id":506,"geometry":{"type":"Polygon","coordinates":[[[107.16723882274547,10.513033878665867],[107.16705404614896,10.513194091742633],[107.16695367879888,10.513075882552632],[107.16671646035599,10.51281008962426],[107.1669049143234,10.512626629749374],[107.16707675914252,10.512822595319381],[107.16723882274547,10.513033878665867]]]},"properties":{"FID":506,"Shape_Leng":170.22265260500001,"Shape_Area":1612.69834498,"Sothua":158,"So_To":65,"LoaidatHT":"HNK","Khuphomoi":"Khu phố Hương Điền","Sothuacu":158,"Sotocu":7,"Phuongcu":"phường Long Hương","Nguoisudun":"ĐỖ ĐỨC HUYNH","Quyetdinh":"Quyết định 3693/QĐ-UBND","ID":"158.65"}},{"type":"Feature","id":507,"geometry":{"type":"Polygon","coordinates":[[[107.16755563671281,10.513228698668893],[107.16754877009873,10.513236099988118],[107.1674963962937,10.513200562680831],[107.16768190428894,10.51302885050149],[107.16767434270524,10.513017805974723],[107.16772577238599,10.512972242641903],[107.16780989078579,10.512887138772962],[107.16782531257341,10.51284889665058],[107.16787534257243,10.512933210149734],[107.16787573257183,10.512933867273095],[107.16775802642273,10.513018682839959],[107.16761646089981,10.513142467893049],[107.16755563671281,10.513228698668893]]]},"properties":{"FID":507,"Shape_Leng":121.805306554,"Shape_Area":309.08139502099999,"Sothua":165,"So_To":65,"LoaidatHT":"HNK","Khuphomoi":"Khu phố Hương Điền","Sothuacu":165,"Sotocu":7,"Phuongcu":"phường Long Hương","Nguoisudun":"UBND phường","Quyetdinh":"Quyết định 3693/QĐ-UBND","ID":"165.65"}},{"type":"Feature","id":508,"geometry":{"type":"Polygon","coordinates":[[[107.16752669299488,10.513267793314371],[107.16742651003814,10.513442374930108],[107.16737790082921,10.513396627625811],[107.16732063980903,10.513336336400295],[107.16737315602641,10.513296081955044],[107.16742606197022,10.513242836030035],[107.16723882274547,10.513033878665867],[107.16707675914252,10.512822595319381],[107.16708609355881,10.512814023872446],[107.16724178702196,10.513000195596412],[107.1672542756408,10.513015136282375],[107.16744162871871,10.513223788272054],[107.16747805530356,10.51318877566708],[107.1674963962937,10.513200562680831],[107.16754877009873,10.513236099988118],[107.16752669299488,10.513267793314371]]]},"properties":{"FID":508,"Shape_Leng":194.82842247100001,"Shape_Area":449.31727148200002,"Sothua":160,"So_To":65,"LoaidatHT":"HNK","Khuphomoi":"Khu phố Hương Điền","Sothuacu":160,"Sotocu":7,"Phuongcu":"phường Long Hương","Nguoisudun":"PHAN ĐÌNH THẮNG","Quyetdinh":"Quyết định 3693/QĐ-UBND","ID":"160.65"}},{"type":"Feature","id":509,"geometry":{"type":"Polygon","coordinates":[[[107.16788390328884,10.513612645802192],[107.16774652703501,10.513792582905841],[107.16770892804674,10.513770454074434],[107.16773248018785,10.513731439645053],[107.16782658249127,10.513584241897071],[107.16788390328884,10.513612645802192]]]},"properties":{"FID":509,"Shape_Leng":61.0623433672,"Shape_Area":145.53525579399999,"Sothua":161,"So_To":65,"LoaidatHT":"NTS","Khuphomoi":"Khu phố Hương Điền","Sothuacu":161,"Sotocu":7,"Phuongcu":"phường Long Hương","Nguoisudun":"UBND phường","Quyetdinh":"Quyết định 3693/QĐ-UBND","ID":"161.65"}},{"type":"Feature","id":510,"geometry":{"type":"Polygon","coordinates":[[[107.16796452990062,10.513685032071665],[107.16781725362648,10.513833850548123],[107.16774652703501,10.513792582905841],[107.16788390328884,10.513612645802192],[107.16794727683032,10.513531571914088],[107.16796601794273,10.513671201579013],[107.16796452990062,10.513685032071665]]]},"properties":{"FID":510,"Shape_Leng":85.454659905699998,"Shape_Area":318.90372832200001,"Sothua":162,"So_To":65,"LoaidatHT":"NTS","Khuphomoi":"Khu phố Hương Điền","Sothuacu":162,"Sotocu":7,"Phuongcu":"phường Long Hương","Nguoisudun":"UBND phường","Quyetdinh":"Quyết định 3693/QĐ-UBND","ID":"162.65"}},{"type":"Feature","id":511,"geometry":{"type":"Polygon","coordinates":[[[107.16612814123796,10.513811216846751],[107.16598359829837,10.513943533888089],[107.16583583929764,10.513784550309275],[107.16593533602433,10.513684286818881],[107.16598429817203,10.51363935153589],[107.16604254664084,10.513708985428483],[107.16612814123796,10.513811216846751]]]},"properties":{"FID":511,"Shape_Leng":93.010694469900002,"Shape_Area":541.32395370300003,"Sothua":591,"So_To":65,"LoaidatHT":"HNK","Khuphomoi":"Khu phố Hương Điền","Sothuacu":591,"Sotocu":7,"Phuongcu":"phường Long Hương","Nguoisudun":"UBND phường","Quyetdinh":"Quyết định 3693/QĐ-UBND","ID":"591.65"}},{"type":"Feature","id":512,"geometry":{"type":"Polygon","coordinates":[[[107.16743352243262,10.513795354018766],[107.16719305777535,10.513993003588375],[107.16709475294972,10.51389635371836],[107.16693087444402,10.513738917979801],[107.16718397644544,10.513574111167761],[107.16725001412539,10.513533457035088],[107.16740087595304,10.513470716790279],[107.16747577288427,10.513626543344245],[107.16750635878572,10.51368599913533],[107.16743352243262,10.513795354018766]]]},"properties":{"FID":512,"Shape_Leng":174.98216212599999,"Shape_Area":1892.1324151700001,"Sothua":590,"So_To":65,"LoaidatHT":"CLN","Khuphomoi":"Khu phố Hương Điền","Sothuacu":590,"Sotocu":7,"Phuongcu":"phường Long Hương","Nguoisudun":"TRẦN VĂN THÁI.","Quyetdinh":"Quyết định 3693/QĐ-UBND","ID":"590.65"}},{"type":"Feature","id":513,"geometry":{"type":"Polygon","coordinates":[[[107.16797493603373,10.513884950216115],[107.16800599046847,10.514035451805293],[107.16787527201618,10.514026171103099],[107.16785747161143,10.513969631365784],[107.16787786505319,10.513958548499431],[107.16791382755359,10.513927965020404],[107.16797493603373,10.513884950216115]]]},"properties":{"FID":513,"Shape_Leng":53.848488011100002,"Shape_Area":166.16184335400001,"Sothua":127,"So_To":65,"LoaidatHT":"NTS","Khuphomoi":"Khu phố Hương Điền","Sothuacu":127,"Sotocu":7,"Phuongcu":"phường Long Hương","Nguoisudun":"UBND phường","Quyetdinh":"Quyết định 3693/QĐ-UBND","ID":"127.65"}},{"type":"Feature","id":514,"geometry":{"type":"Polygon","coordinates":[[[107.16785747161143,10.513969631365784],[107.16765076967138,10.514042756122803],[107.16770892804674,10.513770454074434],[107.16774652703501,10.513792582905841],[107.16781725362648,10.513833850548123],[107.16791382755359,10.513927965020404],[107.16787786505319,10.513958548499431],[107.16785747161143,10.513969631365784]]]},"properties":{"FID":514,"Shape_Leng":91.190196983500002,"Shape_Area":446.62425088499998,"Sothua":128,"So_To":65,"LoaidatHT":"NTS","Khuphomoi":"Khu phố Hương Điền","Sothuacu":128,"Sotocu":7,"Phuongcu":"phường Long Hương","Nguoisudun":"UBND phường","Quyetdinh":"Quyết định 3693/QĐ-UBND","ID":"128.65"}},{"type":"Feature","id":515,"geometry":{"type":"Polygon","coordinates":[[[107.16788833562097,10.514172932764771],[107.16763359538692,10.51418819704161],[107.16759791987995,10.514065714684312],[107.16756949860275,10.514070273494509],[107.16758649202733,10.513777733362405],[107.16748311786617,10.513558386629146],[107.16757248109667,10.513405031965913],[107.16760711525107,10.513351752723857],[107.16779659199122,10.513451371953332],[107.16783811833274,10.513474051477184],[107.16778733848918,10.513562741624916],[107.16782658249127,10.513584241897071],[107.16773248018785,10.513731439645053],[107.16770892804674,10.513770454074434],[107.16765076967138,10.514042756122803],[107.16785747161143,10.513969631365784],[107.16787527201618,10.514026171103099],[107.16800599046847,10.514035451805293],[107.16802300904257,10.514168387783634],[107.16788833562097,10.514172932764771]]]},"properties":{"FID":515,"Shape_Leng":305.48720513299997,"Shape_Area":2274.5653187299999,"Sothua":126,"So_To":65,"LoaidatHT":"NTS","Khuphomoi":"Khu phố Hương Điền","Sothuacu":126,"Sotocu":7,"Phuongcu":"phường Long Hương","Nguoisudun":"UBND phường","Quyetdinh":"Quyết định 3693/QĐ-UBND","ID":"126.65"}},{"type":"Feature","id":516,"geometry":{"type":"Polygon","coordinates":[[[107.17138879442105,10.516137285657249],[107.17134226840241,10.516248135865037],[107.17128416961914,10.51624441322441],[107.17121990965973,10.516169245229332],[107.17120102965974,10.516147159556716],[107.17121484300898,10.516137691463452],[107.17131135222374,10.516071324774062],[107.17140720933349,10.516015412478623],[107.17142264547194,10.516018592147459],[107.17143006332067,10.516029818291086],[107.17141425073721,10.516057046559773],[107.17138879442105,10.516137285657249]]]},"properties":{"FID":516,"Shape_Leng":76.632204573300001,"Shape_Area":315.712481115,"Sothua":326,"So_To":106,"LoaidatHT":"HNK","Khuphomoi":"Khu phố Phước Tân","Sothuacu":326,"Sotocu":24,"Phuongcu":"Phường Tân Hưng","Nguoisudun":"UBND xã Tân Hưng","Quyetdinh":"Quyết định 3693/QĐ-UBND","ID":"326.106"}},{"type":"Feature","id":517,"geometry":{"type":"Polygon","coordinates":[[[107.17150139313149,10.516506821604775],[107.17136659959264,10.516575650455895],[107.17122726648392,10.51633435866597],[107.17128416961914,10.51624441322441],[107.17134226840241,10.516248135865037],[107.17141988416591,10.516368162868551],[107.17150139313149,10.516506821604775]]]},"properties":{"FID":517,"Shape_Leng":98.989193215699999,"Shape_Area":557.29152116,"Sothua":316,"So_To":106,"LoaidatHT":"HNK","Khuphomoi":"Khu phố Phước Tân","Sothuacu":316,"Sotocu":24,"Phuongcu":"Phường Tân Hưng","Nguoisudun":"UBND xã Tân Hưng","Quyetdinh":"Quyết định 3693/QĐ-UBND","ID":"316.106"}},{"type":"Feature","id":518,"geometry":{"type":"Polygon","coordinates":[[[107.16668522332552,10.519082137850241],[107.1665148249114,10.519135618403908],[107.16650257033304,10.519091567671214],[107.16648832596688,10.519040366850376],[107.16647289371964,10.518984896360957],[107.16647260702248,10.518983861637544],[107.16647527295243,10.518982676583988],[107.16650124667912,10.518971135320795],[107.16663717215047,10.518933412639338],[107.16664369838317,10.51893218493044],[107.16665823210434,10.518984668092539],[107.16668522332552,10.519082137850241]]]},"properties":{"FID":518,"Shape_Leng":73.814066882999995,"Shape_Area":343.42523502500001,"Sothua":1042,"So_To":105,"LoaidatHT":"TSC","Khuphomoi":"Khu phố Phước Tân","Sothuacu":1042,"Sotocu":23,"Phuongcu":"Phường Tân Hưng","Nguoisudun":"Trụ sở cơ quan","Quyetdinh":" ","ID":"1042.105"}},{"type":"Feature","id":519,"geometry":{"type":"Polygon","coordinates":[[[107.17254676737521,10.520179519964008],[107.17248008486098,10.520222434771938],[107.17238926023379,10.520081046736562],[107.17232163467288,10.519943407769755],[107.17240058901575,10.519884512545863],[107.17265386276019,10.519726934888508],[107.17279715003977,10.519955845916892],[107.17254676737521,10.520179519964008]]]},"properties":{"FID":519,"Shape_Leng":154.490008125,"Shape_Area":1498.38685659,"Sothua":32,"So_To":107,"LoaidatHT":"LUC","Khuphomoi":"Khu phố Phước Tân","Sothuacu":32,"Sotocu":25,"Phuongcu":"Phường Tân Hưng","Nguoisudun":"UBND xã Tân Hưng","Quyetdinh":"Quyết định 3693/QĐ-UBND","ID":"32.107"}},{"type":"Feature","id":520,"geometry":{"type":"Polygon","coordinates":[[[107.17176053834801,10.520604376491185],[107.17128321634898,10.520776191817786],[107.1712023581775,10.520532837700857],[107.17139776605127,10.520443144441913],[107.17147923147358,10.520409840974999],[107.17161973565194,10.520366338304122],[107.17176053834801,10.520604376491185]]]},"properties":{"FID":520,"Shape_Leng":163.83150220300001,"Shape_Area":1568.15261566,"Sothua":16,"So_To":106,"LoaidatHT":"CLN","Khuphomoi":"Khu phố Phước Tân","Sothuacu":16,"Sotocu":24,"Phuongcu":"Phường Tân Hưng","Nguoisudun":"Lê Đình Viên","Quyetdinh":"Quyết định 3693/QĐ-UBND","ID":"16.106"}},{"type":"Feature","id":521,"geometry":{"type":"Polygon","coordinates":[[[107.1719421804209,10.521234332959843],[107.1716089007722,10.521327572564033],[107.17154839803401,10.521191483474455],[107.17154441700129,10.521121406997123],[107.17160321331271,10.521045207222084],[107.17161317735857,10.521042422070531],[107.17187405906124,10.520970659890386],[107.17190370921315,10.521042319271114],[107.1719421804209,10.521234332959843]]]},"properties":{"FID":521,"Shape_Leng":133.753864198,"Shape_Area":1180.04773376,"Sothua":212,"So_To":102,"LoaidatHT":"HNK","Khuphomoi":"Khu phố Phước Tân","Sothuacu":212,"Sotocu":20,"Phuongcu":"Phường Tân Hưng","Nguoisudun":"Nguyễn Thị Hòa","Quyetdinh":"Quyết định 3693/QĐ-UBND","ID":"212.102"}},{"type":"Feature","id":522,"geometry":{"type":"Polygon","coordinates":[[[107.17230913540791,10.521259774815515],[107.17202138745252,10.521384018223666],[107.1719421804209,10.521234332959843],[107.17190370921315,10.521042319271114],[107.17216674212042,10.52094334624087],[107.17224000796703,10.520947006167809],[107.1722508709057,10.520951817752355],[107.17227823050781,10.521076454696381],[107.17228157095865,10.521146981105653],[107.17230913540791,10.521259774815515]]]},"properties":{"FID":522,"Shape_Leng":149.63977737799999,"Shape_Area":1484.3153480599999,"Sothua":213,"So_To":102,"LoaidatHT":"HNK","Khuphomoi":"Khu phố Phước Tân","Sothuacu":213,"Sotocu":20,"Phuongcu":"Phường Tân Hưng","Nguoisudun":"Phạm Thị Hoa","Quyetdinh":"Quyết định 3693/QĐ-UBND","ID":"213.102"}},{"type":"Feature","id":523,"geometry":{"type":"Polygon","coordinates":[[[107.1713083321804,10.521418158278752],[107.17117248858936,10.521454017021245],[107.17116462882313,10.521441657825866],[107.17104470345609,10.521249283680877],[107.17102782973041,10.521222377810705],[107.17108167688593,10.521214590393727],[107.17127529793775,10.521152198352333],[107.17131569146588,10.521244491588357],[107.17129697697244,10.521285413646082],[107.1713083321804,10.521418158278752]]]},"properties":{"FID":523,"Shape_Leng":104.61544241,"Shape_Area":652.35436021099997,"Sothua":396,"So_To":101,"LoaidatHT":"HNK","Khuphomoi":"Khu phố Phước Tân","Sothuacu":0,"Sotocu":19,"Phuongcu":"Phường Tân Hưng","Nguoisudun":" ","Quyetdinh":"Quyết định 3693/QĐ-UBND","ID":"396.101"}},{"type":"Feature","id":524,"geometry":{"type":"Polygon","coordinates":[[[107.17203639702367,10.521517130884057],[107.17168824742343,10.521549043637096],[107.17164093110424,10.521445708068544],[107.1716089007722,10.521327572564033],[107.1719421804209,10.521234332959843],[107.17202138745252,10.521384018223666],[107.17204991604534,10.521469237107274],[107.17203639702367,10.521517130884057]]]},"properties":{"FID":524,"Shape_Leng":136.42099495400001,"Shape_Area":1185.84032172,"Sothua":194,"So_To":102,"LoaidatHT":"CLN","Khuphomoi":"Khu phố Phước Tân","Sothuacu":194,"Sotocu":20,"Phuongcu":"Phường Tân Hưng","Nguoisudun":"Phạm Văn Đóa","Quyetdinh":"Quyết định 3693/QĐ-UBND","ID":"194.102"}},{"type":"Feature","id":525,"geometry":{"type":"Polygon","coordinates":[[[107.17158327233166,10.521597945519627],[107.17143344338145,10.521643782563658],[107.1713083321804,10.521418158278752],[107.17129697697244,10.521285413646082],[107.17131569146588,10.521244491588357],[107.17133186683743,10.521241808499529],[107.17154839803401,10.521191483474455],[107.1716089007722,10.521327572564033],[107.17164093110424,10.521445708068544],[107.17168824742343,10.521549043637096],[107.17161216736383,10.521584527372527],[107.17158327233166,10.521597945519627]]]},"properties":{"FID":525,"Shape_Leng":146.74626332599999,"Shape_Area":1408.10757784,"Sothua":377,"So_To":101,"LoaidatHT":"HNK","Khuphomoi":"Khu phố Phước Tân","Sothuacu":0,"Sotocu":19,"Phuongcu":"Phường Tân Hưng","Nguoisudun":" ","Quyetdinh":"Quyết định 3693/QĐ-UBND","ID":"377.101"}},{"type":"Feature","id":526,"geometry":{"type":"Polygon","coordinates":[[[107.1713983299295,10.521660263864762],[107.17131729263345,10.521684964609117],[107.17128652833199,10.521634463951523],[107.17123553019658,10.521553147040741],[107.17117248858936,10.521454017021245],[107.1713083321804,10.521418158278752],[107.17143344338145,10.521643782563658],[107.1713983299295,10.521660263864762]]]},"properties":{"FID":526,"Shape_Leng":87.482167206900002,"Shape_Area":412.58971069299997,"Sothua":363,"So_To":101,"LoaidatHT":"HNK","Khuphomoi":"Khu phố Phước Tân","Sothuacu":0,"Sotocu":19,"Phuongcu":"Phường Tân Hưng","Nguoisudun":" ","Quyetdinh":"Quyết định 3693/QĐ-UBND","ID":"363.101"}},{"type":"Feature","id":527,"geometry":{"type":"Polygon","coordinates":[[[107.17189700422834,10.521748601369952],[107.17180447896266,10.521784234918121],[107.17167602094274,10.521638347824767],[107.17170052915041,10.52162582558862],[107.17167468411863,10.52157116985879],[107.17169142124547,10.521561706975158],[107.17203317806234,10.52152842626661],[107.17203890854029,10.52154190810754],[107.17207948788773,10.521632393184923],[107.17212946377845,10.521730218826875],[107.17189700422834,10.521748601369952]]]},"properties":{"FID":527,"Shape_Leng":131.92260007499999,"Shape_Area":938.18281638600001,"Sothua":183,"So_To":102,"LoaidatHT":"HNK","Khuphomoi":"Khu phố Phước Tân","Sothuacu":183,"Sotocu":20,"Phuongcu":"Phường Tân Hưng","Nguoisudun":"Nguyễn Trung Tiếng","Quyetdinh":"Quyết định 3693/QĐ-UBND","ID":"183.102"}},{"type":"Feature","id":528,"geometry":{"type":"Polygon","coordinates":[[[107.17245329935186,10.521803137935143],[107.1721747433762,10.521847746431396],[107.17212946377845,10.521730218826875],[107.17207948788773,10.521632393184923],[107.17238723034212,10.521565145657013],[107.17245329935186,10.521803137935143]]]},"properties":{"FID":528,"Shape_Leng":118.757287042,"Shape_Area":850.91892786699998,"Sothua":184,"So_To":102,"LoaidatHT":"CLN","Khuphomoi":"Khu phố Phước Tân","Sothuacu":184,"Sotocu":20,"Phuongcu":"Phường Tân Hưng","Nguoisudun":"Trần Thị Định","Quyetdinh":"Quyết định 3693/QĐ-UBND","ID":"184.102"}},{"type":"Feature","id":529,"geometry":{"type":"Polygon","coordinates":[[[107.17163802257558,10.521928046926147],[107.17148329969132,10.521971506171939],[107.17143114995162,10.521879516785784],[107.17136053933471,10.521755956063229],[107.17132719539183,10.521701221526076],[107.17140661197334,10.521677366107621],[107.17159603759372,10.52161135024518],[107.17168502125114,10.521711236019105],[107.17168263308899,10.521816199222723],[107.17164061751339,10.521859158203565],[107.1716662751391,10.521916525766599],[107.17163802257558,10.521928046926147]]]},"properties":{"FID":529,"Shape_Leng":126.386427713,"Shape_Area":992.25982996100004,"Sothua":341,"So_To":101,"LoaidatHT":"HNK","Khuphomoi":"Khu phố Phước Tân","Sothuacu":0,"Sotocu":19,"Phuongcu":"Phường Tân Hưng","Nguoisudun":" ","Quyetdinh":"Quyết định 3693/QĐ-UBND","ID":"341.101"}},{"type":"Feature","id":530,"geometry":{"type":"Polygon","coordinates":[[[107.17217686289567,10.52198562738694],[107.17203635429928,10.522030666948686],[107.17180447896266,10.521784234918121],[107.17189700422834,10.521748601369952],[107.17212946377845,10.521730218826875],[107.1721747433762,10.521847746431396],[107.17217686289567,10.52198562738694]]]},"properties":{"FID":530,"Shape_Leng":119.007068561,"Shape_Area":867.47805996099999,"Sothua":178,"So_To":102,"LoaidatHT":"HNK","Khuphomoi":"Khu phố Phước Tân","Sothuacu":178,"Sotocu":20,"Phuongcu":"Phường Tân Hưng","Nguoisudun":"Nguyễn Trung Tiếng","Quyetdinh":"Quyết định 3693/QĐ-UBND","ID":"178.102"}},{"type":"Feature","id":531,"geometry":{"type":"Polygon","coordinates":[[[107.17176058993631,10.522048246298411],[107.17155980504637,10.522111515711147],[107.17151765096074,10.522032095039224],[107.17148329969132,10.521971506171939],[107.17163802257558,10.521928046926147],[107.1716662751391,10.521916525766599],[107.1716999227022,10.52190239265602],[107.17176058993631,10.522048246298411]]]},"properties":{"FID":531,"Shape_Leng":83.094657581199996,"Shape_Area":407.51250127899999,"Sothua":320,"So_To":101,"LoaidatHT":"HNK","Khuphomoi":"Khu phố Phước Tân","Sothuacu":0,"Sotocu":19,"Phuongcu":"Phường Tân Hưng","Nguoisudun":" ","Quyetdinh":"Quyết định 3693/QĐ-UBND","ID":"320.101"}},{"type":"Feature","id":532,"geometry":{"type":"Polygon","coordinates":[[[107.17216965498278,10.522274658978777],[107.17209298908641,10.522281390999515],[107.17198826353419,10.522049384735144],[107.17203635429928,10.522030666948686],[107.17217686289567,10.52198562738694],[107.17226637705372,10.522242287336441],[107.17216965498278,10.522274658978777]]]},"properties":{"FID":532,"Shape_Leng":99.593414717499996,"Shape_Area":610.15910444099995,"Sothua":157,"So_To":102,"LoaidatHT":"HNK","Khuphomoi":"Khu phố Phước Tân","Sothuacu":157,"Sotocu":20,"Phuongcu":"Phường Tân Hưng","Nguoisudun":"Trần Thị Định","Quyetdinh":"Quyết định 3693/QĐ-UBND","ID":"157.102"}},{"type":"Feature","id":533,"geometry":{"type":"Polygon","coordinates":[[[107.1725810000725,10.522159772963956],[107.17228216209212,10.5223024402753],[107.17226637705372,10.522242287336441],[107.17217686289567,10.52198562738694],[107.1721747433762,10.521847746431396],[107.17245329935186,10.521803137935143],[107.17248830505147,10.521938926132389],[107.17250273561963,10.521994900954288],[107.1725810000725,10.522159772963956]]]},"properties":{"FID":533,"Shape_Leng":161.45322488299999,"Shape_Area":1586.4310911099999,"Sothua":165,"So_To":102,"LoaidatHT":"HNK","Khuphomoi":"Khu phố Phước Tân","Sothuacu":165,"Sotocu":20,"Phuongcu":"Phường Tân Hưng","Nguoisudun":"Trần Thị Định","Quyetdinh":"Quyết định 3693/QĐ-UBND","ID":"165.102"}},{"type":"Feature","id":534,"geometry":{"type":"Polygon","coordinates":[[[107.17195504895837,10.52236536659567],[107.17184480650457,10.522401999228766],[107.17181241579542,10.522266205651144],[107.17177699415383,10.522124068148992],[107.17176811083826,10.522086568158684],[107.17176675951039,10.522081012611979],[107.17197613694556,10.522035891600055],[107.17198826353419,10.522049384735144],[107.17209298908641,10.522281390999515],[107.17201308138169,10.522312075608127],[107.17196059799706,10.522334130576043],[107.17194452249603,10.522341693639078],[107.17195504895837,10.52236536659567]]]},"properties":{"FID":534,"Shape_Leng":123.276603072,"Shape_Area":889.03249994999999,"Sothua":156,"So_To":102,"LoaidatHT":"HNK","Khuphomoi":"Khu phố Phước Tân","Sothuacu":156,"Sotocu":20,"Phuongcu":"Phường Tân Hưng","Nguoisudun":"Trần Thị Định","Quyetdinh":"Quyết định 3693/QĐ-UBND","ID":"156.102"}},{"type":"Feature","id":535,"geometry":{"type":"Polygon","coordinates":[[[107.17229489922644,10.522871150755638],[107.17220293139184,10.522901903652071],[107.17215069312594,10.522743046108646],[107.17233236859067,10.522669329891201],[107.17236094255539,10.522681406945708],[107.1724064993915,10.522748213936003],[107.17246344786837,10.522781317186277],[107.17229489922644,10.522871150755638]]]},"properties":{"FID":535,"Shape_Leng":91.124655876399999,"Shape_Area":485.14049556399999,"Sothua":125,"So_To":102,"LoaidatHT":"CLN","Khuphomoi":"Khu phố Tân Hưng","Sothuacu":125,"Sotocu":20,"Phuongcu":"Phường Tân Hưng","Nguoisudun":"Trần Thị Định","Quyetdinh":"Quyết định 3693/QĐ-UBND","ID":"125.102"}},{"type":"Feature","id":536,"geometry":{"type":"Polygon","coordinates":[[[107.17248318052106,10.522880625336636],[107.1722315301065,10.522999057811999],[107.17220293139184,10.522901903652071],[107.17229489922644,10.522871150755638],[107.17246344786837,10.522781317186277],[107.17248318052106,10.522880625336636]]]},"properties":{"FID":536,"Shape_Leng":84.496073803300007,"Shape_Area":321.090669967,"Sothua":112,"So_To":102,"LoaidatHT":"CLN","Khuphomoi":"Khu phố Tân Hưng","Sothuacu":112,"Sotocu":20,"Phuongcu":"Phường Tân Hưng","Nguoisudun":"Phạm Văn Chính","Quyetdinh":"Quyết định 3693/QĐ-UBND","ID":"112.102"}},{"type":"Feature","id":537,"geometry":{"type":"Polygon","coordinates":[[[107.17276863708209,10.522821871340319],[107.17253913713718,10.523005042631791],[107.17251445578033,10.522963227717563],[107.17248318052106,10.522880625336636],[107.17246344786837,10.522781317186277],[107.17276284424106,10.522781230237809],[107.17277248144337,10.522780806245827],[107.17277234430368,10.52278169925399],[107.17276827214899,10.522808101472521],[107.17277071972444,10.522820212112288],[107.17276863708209,10.522821871340319]]]},"properties":{"FID":537,"Shape_Leng":97.151369681099993,"Shape_Area":494.07292998100002,"Sothua":114,"So_To":102,"LoaidatHT":"CLN","Khuphomoi":"Khu phố Tân Hưng","Sothuacu":114,"Sotocu":20,"Phuongcu":"Phường Tân Hưng","Nguoisudun":"Phạm Văn Chính","Quyetdinh":"Quyết định 3693/QĐ-UBND","ID":"114.102"}},{"type":"Feature","id":538,"geometry":{"type":"Polygon","coordinates":[[[107.16766306913694,10.522977407798731],[107.16759074726211,10.523006206566521],[107.16755410673814,10.522916841610717],[107.16755227722015,10.52291237931075],[107.16763291796912,10.522880612443661],[107.16763408956969,10.522884375167521],[107.16766306913694,10.522977407798731]]]},"properties":{"FID":538,"Shape_Leng":40.449616789499999,"Shape_Area":100.897218752,"Sothua":1159,"So_To":101,"LoaidatHT":"ONT","Khuphomoi":"Khu phố Phước Tân","Sothuacu":920,"Sotocu":19,"Phuongcu":"Phường Tân Hưng","Nguoisudun":" ","Quyetdinh":" ","ID":"1159.101"}},{"type":"Feature","id":539,"geometry":{"type":"Polygon","coordinates":[[[107.1722928870069,10.523068786096655],[107.17227569029308,10.523080056194308],[107.17226785390001,10.523068831174859],[107.17223295210665,10.523001790246845],[107.1722315301065,10.522999057811999],[107.17248318052106,10.522880625336636],[107.17251445578033,10.522963227717563],[107.1722928870069,10.523068786096655]]]},"properties":{"FID":539,"Shape_Leng":79.648300649700005,"Shape_Area":293.46038111600001,"Sothua":113,"So_To":102,"LoaidatHT":"CLN","Khuphomoi":"Khu phố Tân Hưng","Sothuacu":113,"Sotocu":20,"Phuongcu":"Phường Tân Hưng","Nguoisudun":"Phạm Văn Chính","Quyetdinh":"Quyết định 3693/QĐ-UBND","ID":"113.102"}},{"type":"Feature","id":540,"geometry":{"type":"Polygon","coordinates":[[[107.17244016422978,10.52306869287923],[107.17230409834767,10.523132094875319],[107.17229278974838,10.523115429179056],[107.17229052231571,10.523112088848341],[107.17227569029308,10.523080056194308],[107.1722928870069,10.523068786096655],[107.17251445578033,10.522963227717563],[107.17253913713718,10.523005042631791],[107.17252877601067,10.523024824122986],[107.17245863275782,10.523061403505242],[107.17244016422978,10.52306869287923]]]},"properties":{"FID":540,"Shape_Leng":70.897196215099996,"Shape_Area":202.17022856400001,"Sothua":101,"So_To":102,"LoaidatHT":"CLN","Khuphomoi":"Khu phố Tân Hưng","Sothuacu":101,"Sotocu":20,"Phuongcu":"Phường Tân Hưng","Nguoisudun":"Phạm Văn Chính","Quyetdinh":"Quyết định 3693/QĐ-UBND","ID":"101.102"}},{"type":"Feature","id":541,"geometry":{"type":"Polygon","coordinates":[[[107.16771419865836,10.523141146596966],[107.16765458807629,10.52316400076718],[107.16765155444874,10.523156352604655],[107.16762994511355,10.523101843705044],[107.16759074726211,10.523006206566521],[107.16766306913694,10.522977407798731],[107.16771159119592,10.523132793251484],[107.16771419865836,10.523141146596966]]]},"properties":{"FID":541,"Shape_Leng":53.3038983402,"Shape_Area":145.98259450200001,"Sothua":1158,"So_To":101,"LoaidatHT":"ONT","Khuphomoi":"Khu phố Phước Tân","Sothuacu":920,"Sotocu":19,"Phuongcu":"Phường Tân Hưng","Nguoisudun":" ","Quyetdinh":" ","ID":"1158.101"}},{"type":"Feature","id":542,"geometry":{"type":"Polygon","coordinates":[[[107.17279794121677,10.523068530959371],[107.17261044386402,10.523177949311831],[107.17252877601067,10.523024824122986],[107.17253913713718,10.523005042631791],[107.17276863708209,10.522821871340319],[107.17284702344367,10.52291031015244],[107.17287714383293,10.523024011714559],[107.17279794121677,10.523068530959371]]]},"properties":{"FID":542,"Shape_Leng":113.733800421,"Shape_Area":802.53604275400005,"Sothua":115,"So_To":102,"LoaidatHT":"HNK","Khuphomoi":"Khu phố Tân Hưng","Sothuacu":115,"Sotocu":20,"Phuongcu":"Phường Tân Hưng","Nguoisudun":"Kiều Đình Vân","Quyetdinh":"Quyết định 3693/QĐ-UBND","ID":"115.102"}},{"type":"Feature","id":543,"geometry":{"type":"Polygon","coordinates":[[[107.17248654267473,10.523430513821662],[107.17244368326774,10.523436311925011],[107.17243822322298,10.523424548213693],[107.17243231159824,10.523427469211287],[107.17229702313598,10.523129143608772],[107.17228972874561,10.52311667122143],[107.17229278974838,10.523115429179056],[107.17230409834767,10.523132094875319],[107.17244016422978,10.52306869287923],[107.17245863275782,10.523061403505242],[107.17252877601067,10.523024824122986],[107.17261044386402,10.523177949311831],[107.17271624536198,10.523323342220442],[107.17257649328444,10.523404096705381],[107.17248654267473,10.523430513821662]]]},"properties":{"FID":543,"Shape_Leng":141.549308126,"Shape_Area":1162.0520031999999,"Sothua":94,"So_To":102,"LoaidatHT":"CLN","Khuphomoi":"Khu phố Tân Hưng","Sothuacu":94,"Sotocu":20,"Phuongcu":"Phường Tân Hưng","Nguoisudun":"Trần Xuân Tàm","Quyetdinh":"Quyết định 3693/QĐ-UBND","ID":"94.102"}},{"type":"Feature","id":544,"geometry":{"type":"Polygon","coordinates":[[[107.17284099518837,10.523646157345251],[107.17269875733855,10.523687577643983],[107.17257649328444,10.523404096705381],[107.17271624536198,10.523323342220442],[107.17281214242458,10.523292596562491],[107.17290598844151,10.523578828258184],[107.17291095848678,10.523608131181238],[107.17284099518837,10.523646157345251]]]},"properties":{"FID":544,"Shape_Leng":124.416485568,"Shape_Area":984.48579258100006,"Sothua":84,"So_To":102,"LoaidatHT":"HNK","Khuphomoi":"Khu phố Tân Hưng","Sothuacu":84,"Sotocu":20,"Phuongcu":"Phường Tân Hưng","Nguoisudun":"Hoàng Văn Hiển","Quyetdinh":"Quyết định 3693/QĐ-UBND","ID":"84.102"}},{"type":"Feature","id":545,"geometry":{"type":"Polygon","coordinates":[[[107.17264772733409,10.523714517869152],[107.1725861920519,10.523740263872334],[107.1724287775961,10.523443337363304],[107.17244368326774,10.523436311925011],[107.17248654267473,10.523430513821662],[107.17257649328444,10.523404096705381],[107.17269875733855,10.523687577643983],[107.17264772733409,10.523714517869152]]]},"properties":{"FID":545,"Shape_Leng":101.668308412,"Shape_Area":536.53336232699996,"Sothua":77,"So_To":102,"LoaidatHT":"CLN","Khuphomoi":"Khu phố Tân Hưng","Sothuacu":77,"Sotocu":20,"Phuongcu":"Phường Tân Hưng","Nguoisudun":"Hoàng Văn Hiển","Quyetdinh":"Quyết định 3693/QĐ-UBND","ID":"77.102"}},{"type":"Feature","id":546,"geometry":{"type":"Polygon","coordinates":[[[107.1725861920519,10.523740263872334],[107.17250286727561,10.523790380673475],[107.17232634432936,10.523500652068762],[107.1724287775961,10.523443337363304],[107.1725861920519,10.523740263872334]]]},"properties":{"FID":546,"Shape_Leng":98.093349422700001,"Shape_Area":438.70717764800003,"Sothua":76,"So_To":102,"LoaidatHT":"HNK","Khuphomoi":"Khu phố Tân Hưng","Sothuacu":76,"Sotocu":20,"Phuongcu":"Phường Tân Hưng","Nguoisudun":"Hoàng Bá Tiến","Quyetdinh":"Quyết định 3693/QĐ-UBND","ID":"76.102"}},{"type":"Feature","id":547,"geometry":{"type":"Polygon","coordinates":[[[107.17256311671234,10.523940091649283],[107.17253051223999,10.523956994260407],[107.17246789632175,10.523838713488608],[107.17245352419035,10.523811586334356],[107.17250286727561,10.523790380673475],[107.17256311671234,10.523940091649283]]]},"properties":{"FID":547,"Shape_Leng":45.913392395800003,"Shape_Area":89.077569775300006,"Sothua":57,"So_To":102,"LoaidatHT":"HNK","Khuphomoi":"Khu phố Tân Hưng","Sothuacu":57,"Sotocu":20,"Phuongcu":"Phường Tân Hưng","Nguoisudun":"Hoàng Văn Hiển","Quyetdinh":"Quyết định 3693/QĐ-UBND","ID":"57.102"}},{"type":"Feature","id":548,"geometry":{"type":"Polygon","coordinates":[[[107.17340334576087,10.523885776149408],[107.17322593129951,10.523977311516511],[107.17322626469192,10.523945758781695],[107.17321000224158,10.523847090342622],[107.17339942646529,10.523782609724309],[107.17337999003949,10.523819010512542],[107.17340334576087,10.523885776149408]]]},"properties":{"FID":548,"Shape_Leng":70.765656985099994,"Shape_Area":252.36274084999999,"Sothua":60,"So_To":102,"LoaidatHT":"LUC","Khuphomoi":"Khu phố Tân Hưng","Sothuacu":60,"Sotocu":20,"Phuongcu":"Phường Tân Hưng","Nguoisudun":"Kiều Đình Vân","Quyetdinh":"Quyết định 3693/QĐ-UBND","ID":"60.102"}},{"type":"Feature","id":549,"geometry":{"type":"Polygon","coordinates":[[[107.1728977992539,10.523953749879457],[107.17274837090091,10.523980601195206],[107.17264772733409,10.523714517869152],[107.17269875733855,10.523687577643983],[107.17284099518837,10.523646157345251],[107.17287350067373,10.523755071282055],[107.17287258365829,10.523806061906242],[107.17293182478446,10.52393292667133],[107.1728977992539,10.523953749879457]]]},"properties":{"FID":549,"Shape_Leng":108.6827016,"Shape_Area":699.33664074299998,"Sothua":66,"So_To":102,"LoaidatHT":"HNK","Khuphomoi":"Khu phố Tân Hưng","Sothuacu":66,"Sotocu":20,"Phuongcu":"Phường Tân Hưng","Nguoisudun":"Hoàng Văn Hiển","Quyetdinh":"Quyết định 3693/QĐ-UBND","ID":"66.102"}},{"type":"Feature","id":550,"geometry":{"type":"Polygon","coordinates":[[[107.17265887585603,10.524007923601618],[107.17259881151598,10.524028788858963],[107.17259710122273,10.524024538183296],[107.17265383963381,10.523995124832151],[107.17261144281184,10.523915038160915],[107.17256311671234,10.523940091649283],[107.17250286727561,10.523790380673475],[107.1725861920519,10.523740263872334],[107.17264772733409,10.523714517869152],[107.17274837090091,10.523980601195206],[107.17265887585603,10.524007923601618]]]},"properties":{"FID":550,"Shape_Leng":107.977881635,"Shape_Area":463.07396347600002,"Sothua":65,"So_To":102,"LoaidatHT":"HNK","Khuphomoi":"Khu phố Tân Hưng","Sothuacu":65,"Sotocu":20,"Phuongcu":"Phường Tân Hưng","Nguoisudun":"Hoàng Văn Hiển","Quyetdinh":"Quyết định 3693/QĐ-UBND","ID":"65.102"}},{"type":"Feature","id":551,"geometry":{"type":"Polygon","coordinates":[[[107.1729197559775,10.524331076782513],[107.17301408107387,10.524605556344673],[107.17284155489045,10.524545382157745],[107.17281658274308,10.524498198813827],[107.1729197559775,10.524331076782513]]]},"properties":{"FID":551,"Shape_Leng":79.668917821099996,"Shape_Area":307.23041475999997,"Sothua":31,"So_To":102,"LoaidatHT":"HNK","Khuphomoi":"Khu phố Tân Hưng","Sothuacu":31,"Sotocu":20,"Phuongcu":"Phường Tân Hưng","Nguoisudun":"Phạm Văn Minh","Quyetdinh":"Quyết định 3693/QĐ-UBND","ID":"31.102"}},{"type":"Feature","id":552,"geometry":{"type":"Polygon","coordinates":[[[107.17333920844405,10.524790200337575],[107.17309741077045,10.524847829624377],[107.17306315149114,10.524748314828649],[107.17301408107387,10.524605556344673],[107.1729197559775,10.524331076782513],[107.17291166780694,10.524307644753288],[107.17287777276124,10.524209125227888],[107.17286259757212,10.52416488711806],[107.17304010389373,10.52407326180648],[107.173059583072,10.524063170854665],[107.17322593129951,10.523977311516511],[107.17340334576087,10.523885776149408],[107.17340965601537,10.523882524313841],[107.17359383823218,10.523787483529814],[107.17402127784825,10.523566843246758],[107.17402200964094,10.523566483025792],[107.17407386133871,10.523589451147446],[107.17414083605239,10.523847449710662],[107.17415050992672,10.523884711860063],[107.17415052216538,10.523884894347047],[107.17430370355889,10.524474838873711],[107.17432459741798,10.52455531952984],[107.1737916222629,10.524682373989377],[107.17343658800003,10.524766992022837],[107.17339268340689,10.524777455729531],[107.17333920844405,10.524790200337575]]]},"properties":{"FID":552,"Shape_Leng":477.76156746300001,"Shape_Area":13802.867302299999,"Sothua":407,"So_To":102,"LoaidatHT":"DTT","Khuphomoi":"Khu phố Tân Hưng","Sothuacu":407,"Sotocu":20,"Phuongcu":"Phường Tân Hưng","Nguoisudun":"Sân bóng Xã Tân Hưng","Quyetdinh":" ","ID":"407.102"}},{"type":"Feature","id":553,"geometry":{"type":"Polygon","coordinates":[[[107.17334283176379,10.524837155890564],[107.17309226626737,10.524862738126158],[107.1730702543322,10.524859262089361],[107.17305853098856,10.524825518046113],[107.17306315149114,10.524748314828649],[107.17309741077045,10.524847829624377],[107.17333920844405,10.524790200337575],[107.17334283176379,10.524837155890564]]]},"properties":{"FID":553,"Shape_Leng":86.600813477100004,"Shape_Area":119.133569663,"Sothua":22,"So_To":102,"LoaidatHT":"ONT","Khuphomoi":"Khu phố Tân Hưng","Sothuacu":22,"Sotocu":20,"Phuongcu":"Phường Tân Hưng","Nguoisudun":"Kiều Đình Vân","Quyetdinh":"Quyết định 3693/QĐ-UBND","ID":"22.102"}},{"type":"Feature","id":554,"geometry":{"type":"Polygon","coordinates":[[[107.17320245470782,10.525057052250421],[107.17312055310936,10.525084796350304],[107.17309880993751,10.525042630582442],[107.17302735427634,10.524908049746946],[107.17309226626737,10.524862738126158],[107.17320245470782,10.525057052250421]]]},"properties":{"FID":554,"Shape_Leng":64.888231272599995,"Shape_Area":209.46776335199999,"Sothua":7,"So_To":102,"LoaidatHT":"CLN","Khuphomoi":"Khu phố Tân Hưng","Sothuacu":7,"Sotocu":20,"Phuongcu":"Phường Tân Hưng","Nguoisudun":"Kiều Đình Chước","Quyetdinh":"Quyết định 3693/QĐ-UBND","ID":"7.102"}},{"type":"Feature","id":555,"geometry":{"type":"Polygon","coordinates":[[[107.17331571717504,10.52512145044637],[107.1732065218044,10.525130201901508],[107.17320245470782,10.525057052250421],[107.17309226626737,10.524862738126158],[107.17334283176379,10.524837155890564],[107.17331571717504,10.52512145044637]]]},"properties":{"FID":555,"Shape_Leng":103.930432461,"Shape_Area":566.217626623,"Sothua":11,"So_To":102,"LoaidatHT":"ONT","Khuphomoi":"Khu phố Tân Hưng","Sothuacu":12,"Sotocu":20,"Phuongcu":"Phường Tân Hưng","Nguoisudun":"Hoa viên nam dinh","Quyetdinh":"Quyết định 3693/QĐ-UBND","ID":"11.102"}},{"type":"Feature","id":556,"geometry":{"type":"Polygon","coordinates":[[[107.17316354551214,10.525149200291379],[107.17315526828719,10.525152114938669],[107.17312055310936,10.525084796350304],[107.17320245470782,10.525057052250421],[107.1732065218044,10.525130201901508],[107.17316354551214,10.525149200291379]]]},"properties":{"FID":556,"Shape_Leng":32.062147392299998,"Shape_Area":62.674710495900001,"Sothua":8,"So_To":102,"LoaidatHT":"CLN","Khuphomoi":"Khu phố Tân Hưng","Sothuacu":11,"Sotocu":20,"Phuongcu":"Phường Tân Hưng","Nguoisudun":"Kiều Đình Chước","Quyetdinh":"Quyết định 3693/QĐ-UBND","ID":"8.102"}},{"type":"Feature","id":557,"geometry":{"type":"Polygon","coordinates":[[[107.17251012396537,10.524898746495367],[107.17261703449429,10.52523409605703],[107.17247534313682,10.525227147569142],[107.17246866777926,10.525227177075854],[107.17246894382524,10.525229034335482],[107.17238406688762,10.525229060508645],[107.17237426806935,10.525230675939397],[107.1723300055131,10.524970115101567],[107.1724225424672,10.524928603628515],[107.17251012396537,10.524898746495367]]]},"properties":{"FID":557,"Shape_Leng":116.260984799,"Shape_Area":792.45503505900001,"Sothua":5,"So_To":102,"LoaidatHT":"HNK","Khuphomoi":"Khu phố Tân Hưng","Sothuacu":5,"Sotocu":20,"Phuongcu":"Phường Tân Hưng","Nguoisudun":"Lương Huy Thuận","Quyetdinh":"Quyết định 3693/QĐ-UBND","ID":"5.102"}},{"type":"Feature","id":558,"geometry":{"type":"Polygon","coordinates":[[[107.17286810774237,10.525230485159831],[107.17261703449429,10.52523409605703],[107.17251012396537,10.524898746495367],[107.17271841225975,10.524850461529796],[107.17277193052804,10.52495683171283],[107.17287741725256,10.525157312435063],[107.1728898572666,10.525180711901056],[107.17289039977679,10.525181884046408],[107.17290741586297,10.525218622293862],[107.17286810774237,10.525230485159831]]]},"properties":{"FID":558,"Shape_Leng":140.01927942099999,"Shape_Area":1137.5200204299999,"Sothua":6,"So_To":102,"LoaidatHT":"HNK","Khuphomoi":"Khu phố Tân Hưng","Sothuacu":6,"Sotocu":20,"Phuongcu":"Phường Tân Hưng","Nguoisudun":"Lương Huy Thuận","Quyetdinh":"Quyết định 3693/QĐ-UBND","ID":"6.102"}},{"type":"Feature","id":559,"geometry":{"type":"Polygon","coordinates":[[[107.16751092609144,10.525081789381881],[107.16707895822238,10.525279562051438],[107.16706617465242,10.525227189945012],[107.1674890881382,10.525036024717149],[107.16750402246922,10.525067320356159],[107.16751092609144,10.525081789381881]]]},"properties":{"FID":559,"Shape_Leng":114.581859905,"Shape_Area":294.87115368399998,"Sothua":1008,"So_To":95,"LoaidatHT":"ONT","Khuphomoi":"Khu phố Tân Hưng","Sothuacu":0,"Sotocu":13,"Phuongcu":"Phường Tân Hưng","Nguoisudun":" ","Quyetdinh":" ","ID":"1008.95"}},{"type":"Feature","id":560,"geometry":{"type":"Polygon","coordinates":[[[107.17281035215017,10.525468091741194],[107.17254331432603,10.525535974110609],[107.17254200921681,10.52548837718906],[107.17281035215017,10.525468091741194]]]},"properties":{"FID":560,"Shape_Leng":64.922766209900004,"Shape_Area":77.526139527300003,"Sothua":205,"So_To":96,"LoaidatHT":"HNK","Khuphomoi":"Khu phố Tân Hưng","Sothuacu":205,"Sotocu":14,"Phuongcu":"Phường Tân Hưng","Nguoisudun":"Hoàng Bá Tấn","Quyetdinh":"Quyết định 3693/QĐ-UBND","ID":"205.96"}},{"type":"Feature","id":561,"geometry":{"type":"Polygon","coordinates":[[[107.17216945653621,10.525522506715866],[107.17208663206746,10.525548665293515],[107.17202929348559,10.52528250359528],[107.1721130973033,10.525270608707821],[107.17225383403685,10.525250522582477],[107.17237426806935,10.525230675939397],[107.17238406688762,10.525229060508645],[107.17246894382524,10.525229034335482],[107.17248503449588,10.525337223020435],[107.17248753224946,10.525354016897044],[107.17249238456073,10.52540432715889],[107.17249752046972,10.525485222465823],[107.1723424517885,10.525498682590866],[107.17216945653621,10.525522506715866]]]},"properties":{"FID":561,"Shape_Leng":152.92361154400001,"Shape_Area":1365.86408177,"Sothua":215,"So_To":96,"LoaidatHT":"HNK","Khuphomoi":"Khu phố Tân Hưng","Sothuacu":215,"Sotocu":14,"Phuongcu":"Phường Tân Hưng","Nguoisudun":" ","Quyetdinh":"Đã cấp giấy theo bản vẽ ngày 05/01/2021","ID":"215.96"}},{"type":"Feature","id":562,"geometry":{"type":"Polygon","coordinates":[[[107.17254331432603,10.525535974110609],[107.17234522008806,10.525586330294351],[107.1723424517885,10.525498682590866],[107.17249752046972,10.525485222465823],[107.17254200921681,10.52548837718906],[107.17254331432603,10.525535974110609]]]},"properties":{"FID":562,"Shape_Leng":59.292049533099998,"Shape_Area":170.22066000800001,"Sothua":204,"So_To":96,"LoaidatHT":"HNK","Khuphomoi":"Khu phố Tân Hưng","Sothuacu":204,"Sotocu":14,"Phuongcu":"Phường Tân Hưng","Nguoisudun":"Hoàng Bá Tiến","Quyetdinh":"Quyết định 3693/QĐ-UBND","ID":"204.96"}},{"type":"Feature","id":563,"geometry":{"type":"Polygon","coordinates":[[[107.17234522008806,10.525586330294351],[107.17202910352566,10.525666687984804],[107.17199975784928,10.525591000129026],[107.17208663206746,10.525548665293515],[107.17216945653621,10.525522506715866],[107.1723424517885,10.525498682590866],[107.17234522008806,10.525586330294351]]]},"properties":{"FID":563,"Shape_Leng":93.653943792700005,"Shape_Area":397.45744951099999,"Sothua":203,"So_To":96,"LoaidatHT":"HNK","Khuphomoi":"Khu phố Tân Hưng","Sothuacu":203,"Sotocu":14,"Phuongcu":"Phường Tân Hưng","Nguoisudun":"Nguyễn Văn Sơn","Quyetdinh":"Quyết định 3693/QĐ-UBND","ID":"203.96"}},{"type":"Feature","id":564,"geometry":{"type":"Polygon","coordinates":[[[107.1718133421242,10.52565855873792],[107.17179763083455,10.52570590629435],[107.1717146828221,10.525700601024649],[107.17163758570649,10.525692956311815],[107.17163316950324,10.525513391634151],[107.17179983384776,10.525455289617728],[107.1718133421242,10.52565855873792]]]},"properties":{"FID":564,"Shape_Leng":84.8591728074,"Shape_Area":450.54462738500001,"Sothua":202,"So_To":96,"LoaidatHT":"HNK","Khuphomoi":"Khu phố Tân Hưng","Sothuacu":202,"Sotocu":14,"Phuongcu":"Phường Tân Hưng","Nguoisudun":"Nguyễn Giang","Quyetdinh":"Quyết định 3693/QĐ-UBND","ID":"202.96"}},{"type":"Feature","id":565,"geometry":{"type":"Polygon","coordinates":[[[107.17202910352566,10.525666687984804],[107.17179687905062,10.525725721327646],[107.17179763083455,10.52570590629435],[107.1718133421242,10.52565855873792],[107.17199975784928,10.525591000129026],[107.17202910352566,10.525666687984804]]]},"properties":{"FID":565,"Shape_Leng":64.666326774300003,"Shape_Area":187.73160919,"Sothua":192,"So_To":96,"LoaidatHT":"HNK","Khuphomoi":"Khu phố Tân Hưng","Sothuacu":192,"Sotocu":14,"Phuongcu":"Phường Tân Hưng","Nguoisudun":"Hoàng Bá Tiến","Quyetdinh":"Quyết định 3693/QĐ-UBND","ID":"192.96"}},{"type":"Feature","id":566,"geometry":{"type":"Polygon","coordinates":[[[107.17179687905062,10.525725721327646],[107.17163858264171,10.525765959890013],[107.17163758570649,10.525692956311815],[107.1717146828221,10.525700601024649],[107.17179763083455,10.52570590629435],[107.17179687905062,10.525725721327646]]]},"properties":{"FID":566,"Shape_Leng":45.751675666200001,"Shape_Area":88.147407801599996,"Sothua":191,"So_To":96,"LoaidatHT":"HNK","Khuphomoi":"Khu phố Tân Hưng","Sothuacu":191,"Sotocu":14,"Phuongcu":"Phường Tân Hưng","Nguoisudun":"Nguyễn Giang","Quyetdinh":"Quyết định 3693/QĐ-UBND","ID":"191.96"}},{"type":"Feature","id":567,"geometry":{"type":"Polygon","coordinates":[[[107.17163858264171,10.525765959890013],[107.17147382186528,10.525807805392869],[107.17147006657956,10.525572855619929],[107.17159020030878,10.52552886399598],[107.17163316950324,10.525513391634151],[107.17163758570649,10.525692956311815],[107.17163858264171,10.525765959890013]]]},"properties":{"FID":567,"Shape_Leng":91.607384230099996,"Shape_Area":487.97038208700002,"Sothua":360,"So_To":95,"LoaidatHT":"HNK","Khuphomoi":"Khu phố Tân Hưng","Sothuacu":0,"Sotocu":13,"Phuongcu":"Phường Tân Hưng","Nguoisudun":" ","Quyetdinh":" ","ID":"360.95"}},{"type":"Feature","id":568,"geometry":{"type":"Polygon","coordinates":[[[107.17147382186528,10.525807805392869],[107.17137865804457,10.525832006666651],[107.17135029996713,10.52561567243637],[107.17143194918216,10.525583002852319],[107.17147006657956,10.525572855619929],[107.17147382186528,10.525807805392869]]]},"properties":{"FID":568,"Shape_Leng":74.858923778800005,"Shape_Area":302.80541423900002,"Sothua":346,"So_To":95,"LoaidatHT":"CLN","Khuphomoi":"Khu phố Tân Hưng","Sothuacu":346,"Sotocu":13,"Phuongcu":"Phường Tân Hưng","Nguoisudun":"Đặng Văn Dinh","Quyetdinh":"Quyết định 3693/QĐ-UBND","ID":"346.95"}},{"type":"Feature","id":569,"geometry":{"type":"Polygon","coordinates":[[[107.17137865804457,10.525832006666651],[107.17128142000314,10.525856728269465],[107.17125151246888,10.525677514507121],[107.17135029996713,10.52561567243637],[107.17137865804457,10.525832006666651]]]},"properties":{"FID":569,"Shape_Leng":68.025705623199997,"Shape_Area":250.10933372700001,"Sothua":345,"So_To":95,"LoaidatHT":"CLN","Khuphomoi":"Khu phố Tân Hưng","Sothuacu":345,"Sotocu":13,"Phuongcu":"Phường Tân Hưng","Nguoisudun":"Đặng Văn Dinh","Quyetdinh":"Quyết định 3693/QĐ-UBND","ID":"345.95"}},{"type":"Feature","id":570,"geometry":{"type":"Polygon","coordinates":[[[107.17128142000314,10.525856728269465],[107.1711745287366,10.525883909316162],[107.17115133821976,10.52574767124395],[107.17125151246888,10.525677514507121],[107.17128142000314,10.525856728269465]]]},"properties":{"FID":570,"Shape_Leng":60.904933083400003,"Shape_Area":213.48217052699999,"Sothua":344,"So_To":95,"LoaidatHT":"CLN","Khuphomoi":"Khu phố Tân Hưng","Sothuacu":344,"Sotocu":13,"Phuongcu":"Phường Tân Hưng","Nguoisudun":"Hoàng Hùng Dũng","Quyetdinh":"Quyết định 3693/QĐ-UBND","ID":"344.95"}},{"type":"Feature","id":571,"geometry":{"type":"Polygon","coordinates":[[[107.1711745287366,10.525883909316162],[107.17108567207617,10.525906503677628],[107.171067103029,10.52579570713317],[107.17111932873203,10.525765062262529],[107.17115133821976,10.52574767124395],[107.1711745287366,10.525883909316162]]]},"properties":{"FID":571,"Shape_Leng":48.404066294400003,"Shape_Area":138.877063257,"Sothua":343,"So_To":95,"LoaidatHT":"CLN","Khuphomoi":"Khu phố Tân Hưng","Sothuacu":343,"Sotocu":13,"Phuongcu":"Phường Tân Hưng","Nguoisudun":"Hoàng Hùng Dũng","Quyetdinh":"Quyết định 3693/QĐ-UBND","ID":"343.95"}},{"type":"Feature","id":572,"geometry":{"type":"Polygon","coordinates":[[[107.17108567207617,10.525906503677628],[107.17093215383001,10.525945543248838],[107.17091820396736,10.525880873936707],[107.171067103029,10.52579570713317],[107.17108567207617,10.525906503677628]]]},"properties":{"FID":572,"Shape_Leng":55.928536130200001,"Shape_Area":172.94462175199999,"Sothua":342,"So_To":95,"LoaidatHT":"CLN","Khuphomoi":"Khu phố Tân Hưng","Sothuacu":342,"Sotocu":13,"Phuongcu":"Phường Tân Hưng","Nguoisudun":"Hoàng Hùng Dũng","Quyetdinh":"Quyết định 3693/QĐ-UBND","ID":"342.95"}},{"type":"Feature","id":573,"geometry":{"type":"Polygon","coordinates":[[[107.17332493372869,10.525963287323254],[107.17323392979037,10.525966285972586],[107.17314663810748,10.525840274491999],[107.17314358228838,10.525812793204723],[107.17327182647557,10.525780188560665],[107.17334113608068,10.52589767835862],[107.17333603454486,10.525938535154877],[107.17332493372869,10.525963287323254]]]},"properties":{"FID":573,"Shape_Leng":67.034022379700005,"Shape_Area":292.23053992600001,"Sothua":196,"So_To":96,"LoaidatHT":"HNK","Khuphomoi":"Khu phố Tân Hưng","Sothuacu":196,"Sotocu":14,"Phuongcu":"Phường Tân Hưng","Nguoisudun":" ","Quyetdinh":"Quyết định 3693/QĐ-UBND","ID":"196.96"}},{"type":"Feature","id":574,"geometry":{"type":"Polygon","coordinates":[[[107.17330636385813,10.526025094807641],[107.17329744020731,10.52605789770222],[107.17323392979037,10.525966285972586],[107.17332493372869,10.525963287323254],[107.17330636385813,10.526025094807641]]]},"properties":{"FID":574,"Shape_Leng":33.155174565400003,"Shape_Area":51.30463598,"Sothua":185,"So_To":96,"LoaidatHT":"HNK","Khuphomoi":"Khu phố Tân Hưng","Sothuacu":185,"Sotocu":14,"Phuongcu":"Phường Tân Hưng","Nguoisudun":" ","Quyetdinh":"Quyết định 3693/QĐ-UBND","ID":"185.96"}},{"type":"Feature","id":575,"geometry":{"type":"Polygon","coordinates":[[[107.17624235640375,10.526011616194742],[107.17586751186711,10.526106290777932],[107.17586736267545,10.525687989701618],[107.17586877854656,10.525120118080759],[107.17595973229766,10.525097001944188],[107.17602649365847,10.525136386297389],[107.17619046231948,10.525774365960014],[107.17625088279796,10.526009461672469],[107.17624235640375,10.526011616194742]]]},"properties":{"FID":575,"Shape_Leng":270.90507682999998,"Shape_Area":3136.4757522899999,"Sothua":514,"So_To":96,"LoaidatHT":"DGD","Khuphomoi":"Khu phố Tân Hưng","Sothuacu":514,"Sotocu":14,"Phuongcu":"Phường Tân Hưng","Nguoisudun":"Trường THCS Tân Hưng","Quyetdinh":"Quyết định 794/QD-UBND ngày 25/04/2012","ID":"514.96"}},{"type":"Feature","id":576,"geometry":{"type":"Polygon","coordinates":[[[107.1714778909007,10.526276632186548],[107.17134299916533,10.526277827067004],[107.17133390358987,10.526272790070568],[107.17147284727885,10.52623746546206],[107.1714778909007,10.526276632186548]]]},"properties":{"FID":576,"Shape_Leng":35.987016165900002,"Shape_Area":38.224202968199997,"Sothua":312,"So_To":95,"LoaidatHT":"HNK","Khuphomoi":"Khu phố Tân Hưng","Sothuacu":312,"Sotocu":13,"Phuongcu":"Phường Tân Hưng","Nguoisudun":"Đặng Văn Dinh","Quyetdinh":"Quyết định 3693/QĐ-UBND","ID":"312.95"}},{"type":"Feature","id":577,"geometry":{"type":"Polygon","coordinates":[[[107.17156313400358,10.526331213275219],[107.17148426583547,10.526336496254631],[107.1714778909007,10.526276632186548],[107.17147284727885,10.52623746546206],[107.17152824038419,10.52622338115418],[107.17156313400358,10.526331213275219]]]},"properties":{"FID":577,"Shape_Leng":38.4738941134,"Shape_Area":86.516603987600007,"Sothua":313,"So_To":95,"LoaidatHT":"HNK","Khuphomoi":"Khu phố Tân Hưng","Sothuacu":0,"Sotocu":13,"Phuongcu":"Phường Tân Hưng","Nguoisudun":" ","Quyetdinh":" ","ID":"313.95"}},{"type":"Feature","id":578,"geometry":{"type":"Polygon","coordinates":[[[107.1714899100884,10.526396358100211],[107.17142491733365,10.526410381676852],[107.1713915000159,10.526304682366536],[107.17134299916533,10.526277827067004],[107.1714778909007,10.526276632186548],[107.17148426583547,10.526336496254631],[107.1714899100884,10.526396358100211]]]},"properties":{"FID":578,"Shape_Leng":53.705027780499996,"Shape_Area":131.70309365899999,"Sothua":292,"So_To":95,"LoaidatHT":"HNK","Khuphomoi":"Khu phố Tân Hưng","Sothuacu":292,"Sotocu":13,"Phuongcu":"Phường Tân Hưng","Nguoisudun":"Đặng Văn Dinh","Quyetdinh":"Quyết định 3693/QĐ-UBND","ID":"292.95"}},{"type":"Feature","id":579,"geometry":{"type":"Polygon","coordinates":[[[107.17474288443081,10.526389313145859],[107.17456697293846,10.526433604794306],[107.17453612477267,10.526313578264318],[107.1745179880825,10.526243009870127],[107.17445231638989,10.525987487227617],[107.17441785224702,10.525853358836546],[107.17437707366338,10.525694647490331],[107.17432999954583,10.525511440722564],[107.17432997076624,10.52551124388811],[107.17515516885294,10.52530145590992],[107.17582307622438,10.525131698024396],[107.17586877854656,10.525120118080759],[107.17586736267545,10.525687989701618],[107.17586751186711,10.526106290777932],[107.17582180915386,10.526117704449478],[107.17582052034594,10.526118082058414],[107.17569979951961,10.526148455132756],[107.17565215540778,10.52616044248165],[107.17526824346179,10.526257037847538],[107.17474288443081,10.526389313145859]]]},"properties":{"FID":579,"Shape_Leng":535.30344544900004,"Shape_Area":16921.1708239,"Sothua":174,"So_To":96,"LoaidatHT":"DGD","Khuphomoi":"Khu phố Tân Hưng","Sothuacu":174,"Sotocu":14,"Phuongcu":"Phường Tân Hưng","Nguoisudun":"Trường THCS Tân Hưng","Quyetdinh":"Quyết định số 794/QD-UBND ngày 25/04/2012","ID":"174.96"}},{"type":"Feature","id":580,"geometry":{"type":"Polygon","coordinates":[[[107.17163965494612,10.526567688731912],[107.17151014265642,10.526570708693692],[107.1714899100884,10.526396358100211],[107.17148426583547,10.526336496254631],[107.17156313400358,10.526331213275219],[107.17163965494612,10.526567688731912]]]},"properties":{"FID":580,"Shape_Leng":76.382724709300007,"Shape_Area":301.00613866100002,"Sothua":274,"So_To":95,"LoaidatHT":"HNK","Khuphomoi":"Khu phố Tân Hưng","Sothuacu":0,"Sotocu":13,"Phuongcu":"Phường Tân Hưng","Nguoisudun":" ","Quyetdinh":" ","ID":"274.95"}},{"type":"Feature","id":581,"geometry":{"type":"Polygon","coordinates":[[[107.17150640775277,10.526613465906417],[107.17135341071808,10.526641666290491],[107.17148714169544,10.526607192620288],[107.17142491733365,10.526410381676852],[107.1714899100884,10.526396358100211],[107.17151014265642,10.526570708693692],[107.17150640775277,10.526613465906417]]]},"properties":{"FID":581,"Shape_Leng":86.437328001400004,"Shape_Area":125.764854505,"Sothua":273,"So_To":95,"LoaidatHT":"HNK","Khuphomoi":"Khu phố Tân Hưng","Sothuacu":273,"Sotocu":13,"Phuongcu":"Phường Tân Hưng","Nguoisudun":"Đặng Văn Dinh","Quyetdinh":"Quyết định 3693/QĐ-UBND","ID":"273.95"}},{"type":"Feature","id":582,"geometry":{"type":"Polygon","coordinates":[[[107.17132918973873,10.526647911397843],[107.17114829309237,10.526694543788274],[107.17105042095616,10.526344872965344],[107.17105018300181,10.526344020487963],[107.17133317833333,10.52627238922747],[107.17133390358987,10.526272790070568],[107.17134299916533,10.526277827067004],[107.1713915000159,10.526304682366536],[107.17142491733365,10.526410381676852],[107.17148714169544,10.526607192620288],[107.17135341071808,10.526641666290491],[107.17132918973873,10.526647911397843]]]},"properties":{"FID":582,"Shape_Leng":152.95402851099999,"Shape_Area":1500.2381448000001,"Sothua":272,"So_To":95,"LoaidatHT":"CAN","Khuphomoi":"Khu phố Tân Hưng","Sothuacu":272,"Sotocu":13,"Phuongcu":"Phường Tân Hưng","Nguoisudun":"XD Trụ sở công an xã Tân Hưng","Quyetdinh":"Quyết định 3447/QD-UBND ngày 25/10/2021 sử dụng mục đích đất an ninh","ID":"272.95"}},{"type":"Feature","id":583,"geometry":{"type":"Polygon","coordinates":[[[107.17164624764462,10.526588071626866],[107.17169182703321,10.526836216868345],[107.17154356992927,10.526822113300968],[107.17150640775277,10.526613465906417],[107.17151014265642,10.526570708693692],[107.17163965494612,10.526567688731912],[107.17164624197504,10.526588044551195],[107.17164624764462,10.526588071626866]]]},"properties":{"FID":583,"Shape_Leng":88.955714421500005,"Shape_Area":453.15428547599998,"Sothua":255,"So_To":95,"LoaidatHT":"HNK","Khuphomoi":"Khu phố Tân Hưng","Sothuacu":255,"Sotocu":13,"Phuongcu":"Phường Tân Hưng","Nguoisudun":"Đỗ Công Quynh","Quyetdinh":"Quyết định 3693/QĐ-UBND","ID":"255.95"}},{"type":"Feature","id":584,"geometry":{"type":"Polygon","coordinates":[[[107.17164624764462,10.526588071626866],[107.17172836170512,10.526841979487784],[107.17169182703321,10.526836216868345],[107.17164624764462,10.526588071626866]]]},"properties":{"FID":584,"Shape_Leng":61.453537767500002,"Shape_Area":53.323710407299998,"Sothua":161,"So_To":96,"LoaidatHT":"HNK","Khuphomoi":"Khu phố Tân Hưng","Sothuacu":161,"Sotocu":14,"Phuongcu":"Phường Tân Hưng","Nguoisudun":"Đoàn Bá Sỹ","Quyetdinh":"Quyết định 3693/QĐ-UBND","ID":"161.96"}},{"type":"Feature","id":585,"geometry":{"type":"Polygon","coordinates":[[[107.17154356992927,10.526822113300968],[107.17140735798333,10.526864900163863],[107.17136534438792,10.526759222732172],[107.17132918973873,10.526647911397843],[107.17135341071808,10.526641666290491],[107.17150640775277,10.526613465906417],[107.17154356992927,10.526822113300968]]]},"properties":{"FID":585,"Shape_Leng":84.370720471699997,"Shape_Area":437.85320785099998,"Sothua":254,"So_To":95,"LoaidatHT":"HNK","Khuphomoi":"Khu phố Tân Hưng","Sothuacu":254,"Sotocu":13,"Phuongcu":"Phường Tân Hưng","Nguoisudun":"Đỗ Công Quynh","Quyetdinh":"Quyết định 3693/QĐ-UBND","ID":"254.95"}},{"type":"Feature","id":586,"geometry":{"type":"Polygon","coordinates":[[[107.17129369388665,10.526868580570182],[107.17117083012545,10.52690650910669],[107.17115106107529,10.526876004270278],[107.17113406053315,10.526831039249545],[107.17111556985934,10.526702621351163],[107.17114829309237,10.526694543788274],[107.17132918973873,10.526647911397843],[107.17136534438792,10.526759222732172],[107.17140735798333,10.526864900163863],[107.17132664428748,10.526885908658375],[107.17129369388665,10.526868580570182]]]},"properties":{"FID":586,"Shape_Leng":100.650915205,"Shape_Area":618.824293549,"Sothua":253,"So_To":95,"LoaidatHT":"HNK","Khuphomoi":"Khu phố Tân Hưng","Sothuacu":253,"Sotocu":13,"Phuongcu":"Phường Tân Hưng","Nguoisudun":"Đỗ Công Quynh","Quyetdinh":"Quyết định 3693/QĐ-UBND","ID":"253.95"}},{"type":"Feature","id":587,"geometry":{"type":"Polygon","coordinates":[[[107.17256737140129,10.526923257385999],[107.1724873963892,10.526948782896641],[107.172471517045,10.526939260726413],[107.17250860042918,10.526895568926811],[107.17251229283977,10.526875324303672],[107.17249825963216,10.526806766581517],[107.17260077796016,10.526753248883054],[107.17260086714028,10.526753202176719],[107.17274229806313,10.526708396067576],[107.17275396718674,10.526719262157847],[107.17272830802725,10.526760624206965],[107.17265743897585,10.526842859670934],[107.17256737140129,10.526923257385999]]]},"properties":{"FID":587,"Shape_Leng":88.887761023500005,"Shape_Area":338.98128234699999,"Sothua":157,"So_To":96,"LoaidatHT":"HNK","Khuphomoi":"Khu phố Tân Hưng","Sothuacu":157,"Sotocu":14,"Phuongcu":"Phường Tân Hưng","Nguoisudun":"Đặng Văn Kiện","Quyetdinh":"Quyết định 3693/QĐ-UBND","ID":"157.96"}},{"type":"Feature","id":588,"geometry":{"type":"Polygon","coordinates":[[[107.17243638523411,10.52696505439993],[107.17237001526647,10.526986270267967],[107.17230840033343,10.526858316397107],[107.17208302230156,10.526947593699576],[107.17207847742444,10.526934928034802],[107.17207110325188,10.52692099111926],[107.17249372717524,10.5267871387349],[107.17249825963216,10.526806766581517],[107.17251229283977,10.526875324303672],[107.17250860042918,10.526895568926811],[107.172471517045,10.526939260726413],[107.17243638523411,10.52696505439993]]]},"properties":{"FID":588,"Shape_Leng":125.05948238000001,"Shape_Area":370.54925614299998,"Sothua":155,"So_To":96,"LoaidatHT":"HNK","Khuphomoi":"Khu phố Tân Hưng","Sothuacu":155,"Sotocu":14,"Phuongcu":"Phường Tân Hưng","Nguoisudun":"Đặng Văn Kiện","Quyetdinh":"Quyết định 3693/QĐ-UBND","ID":"155.96"}},{"type":"Feature","id":589,"geometry":{"type":"Polygon","coordinates":[[[107.17207110325188,10.52692099111926],[107.17178341093849,10.527012143442308],[107.17172836170512,10.526841979487784],[107.17164624764462,10.526588071626866],[107.17164624197504,10.526588044551195],[107.17163965494612,10.526567688731912],[107.17156313400358,10.526331213275219],[107.17152824038419,10.52622338115418],[107.17312293016796,10.525818042345103],[107.17356506397634,10.526447728767362],[107.17274229806313,10.526708396067576],[107.17260086714028,10.526753202176719],[107.17260077796016,10.526753248883054],[107.17249372717524,10.5267871387349],[107.17207110325188,10.52692099111926]]]},"properties":{"FID":589,"Shape_Leng":561.57358079899996,"Shape_Area":16552.7568995,"Sothua":175,"So_To":96,"LoaidatHT":"DGD","Khuphomoi":"Khu phố Tân Hưng","Sothuacu":175,"Sotocu":14,"Phuongcu":"Phường Tân Hưng","Nguoisudun":"Trường tiểu học Trần Văn Quan","Quyetdinh":"Quyết định 2209/QD-UBND ngày 29/06/2005","ID":"175.96"}},{"type":"Feature","id":590,"geometry":{"type":"Polygon","coordinates":[[[107.17237001526647,10.526986270267967],[107.1721246494902,10.527064571352332],[107.17208302230156,10.526947593699576],[107.17230840033343,10.526858316397107],[107.17237001526647,10.526986270267967]]]},"properties":{"FID":590,"Shape_Leng":84.212754936099998,"Shape_Area":401.60107430699998,"Sothua":154,"So_To":96,"LoaidatHT":"HNK","Khuphomoi":"Khu phố Tân Hưng","Sothuacu":154,"Sotocu":14,"Phuongcu":"Phường Tân Hưng","Nguoisudun":"Đặng Văn Kiện","Quyetdinh":"Quyết định 3693/QĐ-UBND","ID":"154.96"}},{"type":"Feature","id":591,"geometry":{"type":"Polygon","coordinates":[[[107.16853006069179,10.527465750793892],[107.16849548793118,10.527473202679761],[107.16848908599277,10.52745800359093],[107.16849201567165,10.527456911603764],[107.16847023248792,10.527379841097408],[107.1683343031744,10.526881515196141],[107.16907993187641,10.526687839191442],[107.16913265739291,10.526921133506718],[107.16911218393939,10.52692570693935],[107.16912215512643,10.526967405051188],[107.16913530702838,10.527018963740703],[107.1691354551886,10.527037407869781],[107.16915812301683,10.527032386477771],[107.16917724774859,10.527113790852257],[107.16921483371402,10.527287243894561],[107.16888631827676,10.52737218666517],[107.16885606183043,10.527380005808109],[107.16879650943527,10.527395465783849],[107.16867672454401,10.52742656841396],[107.16862370165857,10.52744033599148],[107.16857964263785,10.527452189360291],[107.16853006069179,10.527465750793892]]]},"properties":{"FID":591,"Shape_Leng":306.77551003500002,"Shape_Area":5601.1890204399997,"Sothua":866,"So_To":95,"LoaidatHT":"TSC","Khuphomoi":"Khu phố Tân Hưng","Sothuacu":866,"Sotocu":13,"Phuongcu":"Phường Tân Hưng","Nguoisudun":"Trụ sở UBND xã Tân Hưng","Quyetdinh":" ","ID":"866.95"}},{"type":"Feature","id":592,"geometry":{"type":"Polygon","coordinates":[[[107.17250655344084,10.527859460797128],[107.17210113336336,10.527985959526154],[107.17199399072177,10.527657522096394],[107.17195312117249,10.527532276539681],[107.1719470179054,10.527513579539058],[107.17194149464427,10.527496713310876],[107.17194007029597,10.52749234498498],[107.17187301190179,10.527286784978862],[107.17185444336049,10.527229867842239],[107.17183110440781,10.527158335237417],[107.17186250338388,10.527148311717152],[107.17186046251649,10.527142114675184],[107.17194740002157,10.527115149683663],[107.17194892500787,10.527120716685937],[107.1721246494902,10.527064571352332],[107.17237001526647,10.526986270267967],[107.17243638523411,10.52696505439993],[107.1724873963892,10.526948782896641],[107.17256737140129,10.526923257385999],[107.17267940210731,10.526887463346432],[107.1729937622089,10.526787146109658],[107.1730290491668,10.526775817818882],[107.17313527783642,10.526741926207251],[107.17323693397503,10.527053578895375],[107.17325028824993,10.527094559426315],[107.17331751519143,10.527300728797972],[107.17340227435552,10.527560544995367],[107.17340466003334,10.527567848638014],[107.17340743673593,10.527576341731926],[107.172674424718,10.527806761894414],[107.17265581655164,10.527793631443492],[107.17253233268812,10.52783483842598],[107.17253577829788,10.527844947487871],[107.17250551783744,10.52785504552223],[107.17250655344084,10.527859460797128]]]},"properties":{"FID":592,"Shape_Leng":497.37928873999999,"Shape_Area":14478.785485300001,"Sothua":123,"So_To":96,"LoaidatHT":"DGD","Khuphomoi":"Khu phố Tân Hưng","Sothuacu":123,"Sotocu":14,"Phuongcu":"Phường Tân Hưng","Nguoisudun":"Trường mầm non Hướng Dương","Quyetdinh":" ","ID":"123.96"}},{"type":"Feature","id":593,"geometry":{"type":"Polygon","coordinates":[[[107.17003093755947,10.528441688935835],[107.16985560439534,10.528492992501482],[107.16984591316915,10.528448778102716],[107.17001859529367,10.528398187747268],[107.17003093755947,10.528441688935835]]]},"properties":{"FID":593,"Shape_Leng":49.742192826299998,"Shape_Area":99.252133461300005,"Sothua":1122,"So_To":95,"LoaidatHT":"ONT","Khuphomoi":"Khu phố Tân Hưng","Sothuacu":1122,"Sotocu":13,"Phuongcu":"Phường Tân Hưng","Nguoisudun":"UBND xã Tân Hưng","Quyetdinh":"Quyết định 3693/QĐ-UBND","ID":"1122.95"}},{"type":"Feature","id":594,"geometry":{"type":"Polygon","coordinates":[[[107.17004328171973,10.528485199148358],[107.16986529783428,10.528537130963372],[107.16985560439534,10.528492992501482],[107.17003093755947,10.528441688935835],[107.17004328171973,10.528485199148358]]]},"properties":{"FID":594,"Shape_Leng":50.333802586799997,"Shape_Area":100.679770237,"Sothua":1121,"So_To":95,"LoaidatHT":"ONT","Khuphomoi":"Khu phố Tân Hưng","Sothuacu":1121,"Sotocu":13,"Phuongcu":"Phường Tân Hưng","Nguoisudun":"UBND xã Tân Hưng","Quyetdinh":"Quyết định 3693/QĐ-UBND","ID":"1121.95"}},{"type":"Feature","id":595,"geometry":{"type":"Polygon","coordinates":[[[107.17018532580902,10.528550933105723],[107.1701414291052,10.528563539382988],[107.17014126150087,10.528562951241668],[107.17008869518223,10.528377651707354],[107.17012438679625,10.52836719490657],[107.17013249547128,10.528364844551025],[107.17018532580902,10.528550933105723]]]},"properties":{"FID":595,"Shape_Leng":52.754467384900003,"Shape_Area":106.928453132,"Sothua":1124,"So_To":95,"LoaidatHT":"ONT","Khuphomoi":"Khu phố Tân Hưng","Sothuacu":0,"Sotocu":13,"Phuongcu":"Phường Tân Hưng","Nguoisudun":" ","Quyetdinh":" ","ID":"1124.95"}},{"type":"Feature","id":596,"geometry":{"type":"Polygon","coordinates":[[[107.17005562560368,10.528528799743389],[107.16990396908277,10.528573185973826],[107.16986846827987,10.528551783643817],[107.16986529783428,10.528537130963372],[107.17004328171973,10.528485199148358],[107.17005562560368,10.528528799743389]]]},"properties":{"FID":596,"Shape_Leng":48.852272734800003,"Shape_Area":97.145982976499994,"Sothua":1120,"So_To":95,"LoaidatHT":"ONT","Khuphomoi":"Khu phố Tân Hưng","Sothuacu":0,"Sotocu":13,"Phuongcu":"Phường Tân Hưng","Nguoisudun":" ","Quyetdinh":" ","ID":"1120.95"}},{"type":"Feature","id":597,"geometry":{"type":"Polygon","coordinates":[[[107.17014126150087,10.528562951241668],[107.17009729320506,10.528574985886804],[107.1700449260545,10.528390474913534],[107.17008869518223,10.528377651707354],[107.17014126150087,10.528562951241668]]]},"properties":{"FID":597,"Shape_Leng":52.492617071600002,"Shape_Area":106.16707212599999,"Sothua":1123,"So_To":95,"LoaidatHT":"ONT","Khuphomoi":"Khu phố Tân Hưng","Sothuacu":0,"Sotocu":13,"Phuongcu":"Phường Tân Hưng","Nguoisudun":" ","Quyetdinh":" ","ID":"1123.95"}},{"type":"Feature","id":598,"geometry":{"type":"Polygon","coordinates":[[[107.17007096499181,10.528582803553109],[107.16996611827363,10.528610729587301],[107.16990396908277,10.528573185973826],[107.17005562560368,10.528528799743389],[107.17007096499181,10.528582803553109]]]},"properties":{"FID":598,"Shape_Leng":43.383379072499999,"Shape_Area":88.089043538799999,"Sothua":1119,"So_To":95,"LoaidatHT":"ONT","Khuphomoi":"Khu phố Tân Hưng","Sothuacu":0,"Sotocu":13,"Phuongcu":"Phường Tân Hưng","Nguoisudun":" ","Quyetdinh":" ","ID":"1119.95"}},{"type":"Feature","id":599,"geometry":{"type":"Polygon","coordinates":[[[107.16996965508739,10.528612866385181],[107.16992497262396,10.52862569674352],[107.169870535916,10.528593532232476],[107.16979431460382,10.528614705790586],[107.16975769222417,10.528471892107534],[107.16979407014641,10.528463966753733],[107.16984591316915,10.528448778102716],[107.16985560439534,10.528492992501482],[107.16986529783428,10.528537130963372],[107.16986846827987,10.528551783643817],[107.16990396908277,10.528573185973826],[107.16996611827363,10.528610729587301],[107.16996965508739,10.528612866385181]]]},"properties":{"FID":599,"Shape_Leng":71.643826751800006,"Shape_Area":192.78379044600001,"Sothua":690,"So_To":95,"LoaidatHT":"ONT","Khuphomoi":"Khu phố Tân Hưng","Sothuacu":690,"Sotocu":13,"Phuongcu":"Phường Tân Hưng","Nguoisudun":"UBND xã Tân Hưng","Quyetdinh":"Quyết định 3693/QĐ-UBND","ID":"690.95"}},{"type":"Feature","id":600,"geometry":{"type":"Polygon","coordinates":[[[107.17055278210644,10.529181105045447],[107.17049862006846,10.529196167822905],[107.17048453650567,10.529154444668031],[107.17047010766272,10.529111671833416],[107.17045584338638,10.529068791218862],[107.17044181531685,10.52902664288457],[107.1703939691599,10.528864746216392],[107.17038093648796,10.528822834181215],[107.17037285653959,10.528790398182137],[107.17032068608617,10.528805654244138],[107.17030191181189,10.528746337851361],[107.17029506021906,10.528721456584183],[107.17122532662096,10.528460481202567],[107.17130364629045,10.528777931843505],[107.17135105849729,10.528971842684486],[107.17119130816664,10.529015861139708],[107.17110530987327,10.529038388177169],[107.17105404649365,10.529052353817242],[107.17097406093339,10.529074647994303],[107.17087329432826,10.529104560986513],[107.17086854153392,10.529105773048357],[107.17082870107797,10.529113565908544],[107.17078143828547,10.529123117856706],[107.17073272252564,10.529132955422019],[107.17071540974537,10.529137743213877],[107.17062743604751,10.529161351083699],[107.17055278210644,10.529181105045447]]]},"properties":{"FID":600,"Shape_Leng":323.37299239700002,"Shape_Area":5728.0775440699999,"Sothua":632,"So_To":95,"LoaidatHT":"DCH","Khuphomoi":"Khu phố Tân Hưng","Sothuacu":632,"Sotocu":13,"Phuongcu":"Phường Tân Hưng","Nguoisudun":"Chợ Tân Hưng","Quyetdinh":" ","ID":"632.95"}},{"type":"Feature","id":601,"geometry":{"type":"Polygon","coordinates":[[[107.14474734638266,10.530939015353615],[107.14474477444206,10.530951178477824],[107.14474330660551,10.530949585924525],[107.14427757927452,10.530455955524994],[107.14380824285166,10.529939986837316],[107.1436785620823,10.52981759359381],[107.14360223986635,10.529741140679203],[107.14351993949913,10.529638095846579],[107.1434530722111,10.529538606147476],[107.14341876081666,10.529517203314168],[107.14328557627663,10.529458181445349],[107.14320695931062,10.529387329620489],[107.14310660905036,10.529310288063215],[107.14301031974423,10.529212640498251],[107.14293177413548,10.529105172886755],[107.14282734409004,10.52891881661037],[107.14271840051948,10.528751257113846],[107.14243373039601,10.528321169214344],[107.14237770840742,10.528282546815873],[107.14219337465798,10.528169721610503],[107.1421459931815,10.528104263725426],[107.14212304819323,10.528064258840114],[107.14206013034674,10.527954740146511],[107.1418702538746,10.527546984901097],[107.14183359562959,10.527324684333811],[107.14179242268735,10.527122085330623],[107.14178380228788,10.527044948015389],[107.14177028047966,10.526998450388302],[107.14173963051681,10.526931849790355],[107.14173771112566,10.52692768705232],[107.14168842196466,10.526810238911327],[107.14165040121294,10.526724185188005],[107.14148581164267,10.526327146074619],[107.14145356113788,10.526233879559539],[107.14141576827436,10.526124582127736],[107.14137095842982,10.526006329019255],[107.14132943161319,10.525937356088395],[107.14100140019913,10.525444619601716],[107.14092415614326,10.525326303569168],[107.14090234672362,10.525312880771088],[107.14080216579217,10.525290537968718],[107.14076875100986,10.525277997090614],[107.1407207828147,10.525233151151518],[107.14068058984242,10.525182986921999],[107.14062997872662,10.525134609460496],[107.14057776294629,10.525112322093138],[107.14044974819303,10.525073506823491],[107.14036820376811,10.525052013190265],[107.14028197600014,10.52490266930093],[107.14032257523991,10.524652941871112],[107.14036128859964,10.524386033523376],[107.14032640530287,10.524330996922131],[107.13992801545722,10.523751329384799],[107.13982066763516,10.523610262406956],[107.13981030294087,10.523584565851241],[107.13975400330472,10.523311597170908],[107.13971193011145,10.523107639683984],[107.13966007450865,10.522948507090259],[107.13961085841754,10.522748423732409],[107.13950867422123,10.522722730694262],[107.13930061314031,10.522598466921144],[107.13916998206541,10.522497136655913],[107.13907814704524,10.522412606160655],[107.13881624551678,10.522395284901025],[107.13879242054334,10.522385293811633],[107.13870740500367,10.52213143672085],[107.13837299834023,10.521771408538699],[107.13832663543428,10.521561204244346],[107.13819956411614,10.521276617290091],[107.13810123421095,10.520964600122381],[107.1380670744863,10.520913180809282],[107.13787613599389,10.520677834361683],[107.13783852611623,10.520569449549997],[107.13781041225073,10.520463713997083],[107.13780098067495,10.520428245970157],[107.13774564122363,10.520230229694333],[107.13779515620277,10.519907196972795],[107.13775091518036,10.519640127683633],[107.13768244275946,10.519523094256082],[107.13748013483145,10.519216030403456],[107.13741354278766,10.519118438393082],[107.13742586719368,10.518798860543063],[107.13742914043536,10.518668042362812],[107.13741868937041,10.518593523652788],[107.137222047555,10.517823114153654],[107.13719440795109,10.517708962326239],[107.13680655733081,10.517258780212428],[107.1367919023463,10.517231357123954],[107.13666664450443,10.516815948727212],[107.1365089681745,10.516301205423643],[107.1364691129469,10.516173993050911],[107.13651315301612,10.516171645493547],[107.13702445787233,10.51614443518862],[107.13702541159336,10.516073464847887],[107.13702595699705,10.51603314187612],[107.13705382163076,10.515014265707849],[107.13705564921437,10.515014268756579],[107.13708648576181,10.514758375191224],[107.13713783242412,10.514201272352487],[107.13732244129565,10.513567397006703],[107.13821101774538,10.513513418243305],[107.13848380178609,10.513567829323385],[107.13939012551026,10.516078025515162],[107.13964487524665,10.516783581902006],[107.14014145904906,10.518158921727242],[107.14015681606259,10.518201354376524],[107.14025108358427,10.518303066523947],[107.14043812813965,10.518521045285352],[107.14049041397928,10.518600164705783],[107.1405441378829,10.518691402971845],[107.14059437385012,10.518790860756505],[107.14069918991912,10.519103974581883],[107.14072419041405,10.519213871218303],[107.1407459081378,10.519320417808837],[107.14076516342719,10.519424697936458],[107.14077766405052,10.519525982272931],[107.14077400253264,10.519622533916518],[107.14078126154611,10.519741167522417],[107.14080666656149,10.519830904063591],[107.1408771922559,10.520020088538997],[107.14095181607422,10.520168867359573],[107.14096831856266,10.520186257756988],[107.1410096573894,10.520210657743407],[107.14109054772061,10.520239473318975],[107.14121998263934,10.520298308096693],[107.14145765149468,10.520418920789359],[107.14154753988511,10.52047153125479],[107.14173941507397,10.520602995431599],[107.14190812421009,10.520714434291934],[107.14209597392269,10.520849506390554],[107.14221805096977,10.520933822500627],[107.14231712426314,10.521008149407042],[107.1425232742157,10.521128701204772],[107.14268568474171,10.52119121508812],[107.14274166604373,10.521202985041878],[107.14286271429081,10.521252943116819],[107.1430244527684,10.521332000604881],[107.14312495242618,10.521377940776432],[107.14323051571267,10.521450471808649],[107.14330487004393,10.521504860609815],[107.14336439965538,10.521570973858706],[107.14338734809853,10.521609171941577],[107.1433928561933,10.521642724771842],[107.14339199497843,10.521662703517984],[107.14333529455352,10.52192478668475],[107.14328657582593,10.522170611034822],[107.1432572796213,10.522388446058578],[107.1432316462468,10.522648779890945],[107.1432115169511,10.522803886497432],[107.14321708070162,10.523042401372516],[107.14324842545173,10.523225634208353],[107.14325758201345,10.523261906397487],[107.14328055581038,10.523287355714952],[107.14332366574786,10.523340780771976],[107.14336588930213,10.523426932408089],[107.14340262956522,10.523514069246996],[107.14343380881604,10.523594774957196],[107.14347237005633,10.523685440682115],[107.14353943155795,10.523871453334845],[107.14357504564603,10.524020971313504],[107.14358615064801,10.52413527181622],[107.14357875811454,10.524318520779977],[107.14360880187431,10.524559794750559],[107.14362712754662,10.524626191109748],[107.14377520843288,10.525009726058357],[107.14382127319436,10.525127619506218],[107.14403929821508,10.525685600679124],[107.14412637535048,10.5259151399532],[107.14421928722076,10.526151561237317],[107.14444686715223,10.526576023483182],[107.14450835646493,10.526715735681618],[107.14453658267061,10.526811896805217],[107.14454588347397,10.526868059481352],[107.144526606916,10.526914402967874],[107.14449163983724,10.526948330977165],[107.14432581298632,10.5270895974301],[107.14424520885348,10.527147668441916],[107.14413045086047,10.527243826779957],[107.14401028406553,10.527396300686791],[107.14400306085962,10.527446194176564],[107.14400305221206,10.527497005030277],[107.14397295954814,10.52774828999153],[107.1439463822613,10.527837294105424],[107.14396703094829,10.527930636908604],[107.14397463842847,10.527965007903649],[107.14409632003849,10.528159534202675],[107.14418550332793,10.528293783269696],[107.14428251081004,10.528491878514487],[107.14439276090651,10.52869216893099],[107.14445972242839,10.528883877659075],[107.14452880981385,10.52910958499986],[107.14458458431784,10.529321975903068],[107.14459014593535,10.529374696772482],[107.14468166105188,10.529718975110566],[107.14469786342697,10.52984341173118],[107.14471213080088,10.529929871554055],[107.1447234704888,10.530017863314733],[107.14473269190849,10.530115072244785],[107.1447301649691,10.530192640015796],[107.14472942747102,10.530289378613064],[107.14473712648801,10.530370762701404],[107.14473413865447,10.53045022893037],[107.14473723836723,10.53054751637435],[107.14475066673363,10.530689215986913],[107.1447444527807,10.530783321751912],[107.14474937791466,10.530834594456097],[107.14474734638266,10.530939015353615]]]},"properties":{"FID":601,"Shape_Leng":4656.66571656,"Shape_Area":572870.79871200002,"Sothua":1,"So_To":58,"LoaidatHT":"RPH","Khuphomoi":"Khu phố Núi Dinh","Sothuacu":0,"Sotocu":1,"Phuongcu":"Phường Kim Dinh","Nguoisudun":" ","Quyetdinh":" ","ID":"1.58"}},{"type":"Feature","id":602,"geometry":{"type":"Polygon","coordinates":[[[107.14499460276552,10.531592109348166],[107.14500766054341,10.531980024433292],[107.14474477444206,10.530951178477824],[107.14474734638266,10.530939015353615],[107.14474937791466,10.530834594456097],[107.1447444527807,10.530783321751912],[107.14475066673363,10.530689215986913],[107.14473723836723,10.53054751637435],[107.14473413865447,10.53045022893037],[107.14473712648801,10.530370762701404],[107.14472942747102,10.530289378613064],[107.1447301649691,10.530192640015796],[107.14473269190849,10.530115072244785],[107.1447234704888,10.530017863314733],[107.14471213080088,10.529929871554055],[107.14469786342697,10.52984341173118],[107.14468166105188,10.529718975110566],[107.14459014593535,10.529374696772482],[107.14458458431784,10.529321975903068],[107.14452880981385,10.52910958499986],[107.14445972242839,10.528883877659075],[107.14439276090651,10.52869216893099],[107.14428251081004,10.528491878514487],[107.14418550332793,10.528293783269696],[107.14409632003849,10.528159534202675],[107.14397463842847,10.527965007903649],[107.14396703094829,10.527930636908604],[107.1439463822613,10.527837294105424],[107.14397295954814,10.52774828999153],[107.14400305221206,10.527497005030277],[107.14400306085962,10.527446194176564],[107.14401028406553,10.527396300686791],[107.14413045086047,10.527243826779957],[107.14424520885348,10.527147668441916],[107.14432581298632,10.5270895974301],[107.14449163983724,10.526948330977165],[107.144526606916,10.526914402967874],[107.14454588347397,10.526868059481352],[107.14453658267061,10.526811896805217],[107.14450835646493,10.526715735681618],[107.14444686715223,10.526576023483182],[107.14421928722076,10.526151561237317],[107.14412637535048,10.5259151399532],[107.14403929821508,10.525685600679124],[107.14382127319436,10.525127619506218],[107.14377520843288,10.525009726058357],[107.14362712754662,10.524626191109748],[107.14360880187431,10.524559794750559],[107.14357875811454,10.524318520779977],[107.14358615064801,10.52413527181622],[107.14357504564603,10.524020971313504],[107.14353943155795,10.523871453334845],[107.14347237005633,10.523685440682115],[107.14343380881604,10.523594774957196],[107.14340262956522,10.523514069246996],[107.14336588930213,10.523426932408089],[107.14332366574786,10.523340780771976],[107.14328055581038,10.523287355714952],[107.14325758201345,10.523261906397487],[107.14324842545173,10.523225634208353],[107.14321708070162,10.523042401372516],[107.1432115169511,10.522803886497432],[107.1432316462468,10.522648779890945],[107.1432572796213,10.522388446058578],[107.14328657582593,10.522170611034822],[107.14333529455352,10.52192478668475],[107.14339199497843,10.521662703517984],[107.1433928561933,10.521642724771842],[107.14338734809853,10.521609171941577],[107.14336439965538,10.521570973858706],[107.14330487004393,10.521504860609815],[107.14323051571267,10.521450471808649],[107.14312495242618,10.521377940776432],[107.1430244527684,10.521332000604881],[107.14286271429081,10.521252943116819],[107.14274166604373,10.521202985041878],[107.14268568474171,10.52119121508812],[107.1425232742157,10.521128701204772],[107.14231712426314,10.521008149407042],[107.14221805096977,10.520933822500627],[107.14209597392269,10.520849506390554],[107.14190812421009,10.520714434291934],[107.14173941507397,10.520602995431599],[107.14154753988511,10.52047153125479],[107.14145765149468,10.520418920789359],[107.14121998263934,10.520298308096693],[107.14109054772061,10.520239473318975],[107.1410096573894,10.520210657743407],[107.14096831856266,10.520186257756988],[107.14095181607422,10.520168867359573],[107.1408771922559,10.520020088538997],[107.14080666656149,10.519830904063591],[107.14078126154611,10.519741167522417],[107.14077400253264,10.519622533916518],[107.14077766405052,10.519525982272931],[107.14076516342719,10.519424697936458],[107.1407459081378,10.519320417808837],[107.14072419041405,10.519213871218303],[107.14069918991912,10.519103974581883],[107.14059437385012,10.518790860756505],[107.1405441378829,10.518691402971845],[107.14049041397928,10.518600164705783],[107.14043812813965,10.518521045285352],[107.14025108358427,10.518303066523947],[107.14015681606259,10.518201354376524],[107.14014145904906,10.518158921727242],[107.13964487524665,10.516783581902006],[107.13939012551026,10.516078025515162],[107.13848380178609,10.513567829323385],[107.13880744814279,10.513262863323771],[107.13893736448236,10.513168363248949],[107.13931643922416,10.513155802863432],[107.1415551407124,10.514212578005274],[107.14323650010213,10.515161044478861],[107.14387594656179,10.51515177975917],[107.14401306963497,10.515296337376403],[107.14460689787649,10.515115202894686],[107.14478974256464,10.515567154648753],[107.14510962115513,10.515928685192401],[107.14584039837818,10.515747538276047],[107.14629710891587,10.515747322290524],[107.14661698278806,10.516018350231935],[107.14675820411577,10.516129291278439],[107.146730480003,10.516242082029269],[107.14656532197777,10.516223318591495],[107.1465258334762,10.516380002260629],[107.14675445987608,10.516922360765038],[107.14779625120102,10.517437332931459],[107.14805226619049,10.516813258895029],[107.14858189743099,10.516900154529363],[107.1487070973244,10.516919504872375],[107.1492162070252,10.516998187055695],[107.14928179896836,10.517615095027878],[107.14931109677343,10.51786631230677],[107.14930151450174,10.517931535337395],[107.14926554729107,10.518176335914807],[107.14926075342352,10.518198658691212],[107.14917477893363,10.518767633663035],[107.14918040220451,10.519402691236206],[107.14917300073354,10.519639373359002],[107.14916506749294,10.519820090269207],[107.14916096483744,10.519957416309138],[107.14913893672372,10.520293342419889],[107.14912115283236,10.520512916733136],[107.14907563451237,10.520617978461098],[107.14906088680611,10.520637751240521],[107.14906380993865,10.520685041539151],[107.14906364746537,10.520769213691073],[107.14904598977901,10.520828941966657],[107.14901563185856,10.520889549921215],[107.14905398683017,10.521039976518049],[107.14918006362677,10.521324467270775],[107.14929223282196,10.521714261744659],[107.14890605537046,10.521851044300854],[107.14891811349537,10.52194618020909],[107.14892661447452,10.522038325056496],[107.14896303676773,10.52238457787111],[107.14913062179954,10.522323777703374],[107.14912436545019,10.522629354669151],[107.14911424089409,10.522951379566141],[107.14911237479735,10.523065565014432],[107.1491123514419,10.523124965826996],[107.14912620895231,10.523281673803135],[107.14913865372635,10.523366141848305],[107.14918401208152,10.523863397457761],[107.14923821701068,10.524133015714289],[107.14934398757464,10.524146958353933],[107.14937849957037,10.524159139250251],[107.14938148051492,10.524252059913024],[107.14939025074881,10.524545189451858],[107.14941525372437,10.524763796498759],[107.14936995786435,10.52490456175266],[107.14932417596795,10.524999036109143],[107.14925265084702,10.525072738833886],[107.149161142284,10.525134008443176],[107.14906085664305,10.525170127928678],[107.14894337448176,10.525188186189766],[107.14875309299092,10.525159300617144],[107.14868787728756,10.525159972502008],[107.14862734473539,10.525199873215463],[107.14856596654614,10.525294525593484],[107.14850031220347,10.525521088544329],[107.14843001493294,10.525711207080528],[107.14819532455452,10.525907260553195],[107.14814068124241,10.525968157039955],[107.14808417662582,10.526121667251394],[107.14800633054492,10.526401666916067],[107.14799807748579,10.526558893684319],[107.14796407188975,10.526695331619136],[107.14794359623113,10.526903193447636],[107.14794542672033,10.527075736855174],[107.14796514789795,10.527332279403824],[107.14796558409427,10.527507641366631],[107.14795235619336,10.52759617365176],[107.14778279822707,10.527919215677693],[107.14767331750205,10.528290741244684],[107.14756713797034,10.528439157189007],[107.14754344099343,10.528611968619831],[107.14747733106806,10.528795042321983],[107.14743436097045,10.529021368332335],[107.14744709764138,10.529153121127562],[107.14751400437974,10.52931237171294],[107.14743251614472,10.52937410280825],[107.14733585602363,10.52945707014662],[107.14724091206594,10.529578293145358],[107.14701099199716,10.529785755656835],[107.14695640614001,10.529854011611206],[107.14690788936011,10.529925669109625],[107.14678557008699,10.530043639443864],[107.14672008266803,10.530061954850932],[107.14671246627582,10.530064087102668],[107.14665038437003,10.530096725027402],[107.14659009228049,10.530149102244215],[107.14654074994587,10.530207865819744],[107.14650995119385,10.53025033685641],[107.14648046425502,10.53029917462889],[107.14644276255919,10.530447114487554],[107.14638300555343,10.530519673332199],[107.14631065760348,10.53057914325953],[107.14619036097321,10.530605666298811],[107.14592367892755,10.530623176839873],[107.14581381460474,10.530706706045068],[107.14552085359844,10.530951079093519],[107.14514406577821,10.531194370373083],[107.14507318732534,10.531307487054478],[107.14505214095973,10.531341075955037],[107.14499460276552,10.531592109348166]]]},"properties":{"FID":602,"Shape_Leng":5803.0598583399997,"Shape_Area":1142758.3126300001,"Sothua":2,"So_To":58,"LoaidatHT":"RPH","Khuphomoi":"Khu phố Núi Dinh","Sothuacu":0,"Sotocu":1,"Phuongcu":"phường Long Hương","Nguoisudun":" ","Quyetdinh":" ","ID":"2.58"}},{"type":"Feature","id":603,"geometry":{"type":"Polygon","coordinates":[[[107.18242054855456,10.534934359599323],[107.18226053931738,10.53513142269038],[107.18224542245567,10.534943601906951],[107.18228052324456,10.534934714048175],[107.18238102352433,10.534936250843083],[107.18242054855456,10.534934359599323]]]},"properties":{"FID":603,"Shape_Leng":68.122174412500001,"Shape_Area":206.02557452299999,"Sothua":1024,"So_To":57,"LoaidatHT":"LUC","Khuphomoi":"Khu phố Tân Hưng","Sothuacu":485,"Sotocu":33,"Phuongcu":"Phường Tân Hưng","Nguoisudun":"Nguyễn Văn Hương","Quyetdinh":"Quyết định 3693/QĐ-UBND","ID":"1024.57"}},{"type":"Feature","id":604,"geometry":{"type":"Polygon","coordinates":[[[107.1823384583891,10.535279105121889],[107.18226460627992,10.53528329372725],[107.18262304254097,10.53483900404645],[107.18266321630202,10.535056732632269],[107.18268937500663,10.535241308438859],[107.1823384583891,10.535279105121889]]]},"properties":{"FID":604,"Shape_Leng":154.761140165,"Shape_Area":1070.38265748,"Sothua":485,"So_To":57,"LoaidatHT":"LUC","Khuphomoi":"Khu phố Tân Hưng","Sothuacu":485,"Sotocu":33,"Phuongcu":"Phường Tân Hưng","Nguoisudun":"Nguyễn Văn Hương","Quyetdinh":"Quyết định 3693/QĐ-UBND","ID":"485.57"}},{"type":"Feature","id":605,"geometry":{"type":"Polygon","coordinates":[[[107.18212930239318,10.53529305137987],[107.18181175417755,10.535316313727455],[107.18179997735585,10.535210963459896],[107.18181454747118,10.534988215331106],[107.18184381798606,10.534970457025603],[107.18224542245567,10.534943601906951],[107.18226053931738,10.53513142269038],[107.18212930239318,10.53529305137987]]]},"properties":{"FID":605,"Shape_Leng":162.90703502299999,"Shape_Area":1739.0636877300001,"Sothua":484,"So_To":57,"LoaidatHT":"LUC","Khuphomoi":"Khu phố Tân Hưng","Sothuacu":484,"Sotocu":33,"Phuongcu":"Phường Tân Hưng","Nguoisudun":"Nguyễn Văn Hương","Quyetdinh":"Quyết định 3693/QĐ-UBND","ID":"484.57"}},{"type":"Feature","id":606,"geometry":{"type":"Polygon","coordinates":[[[107.18141951358064,10.535467591302005],[107.18140085968932,10.535476237388639],[107.18133494182499,10.535449538462938],[107.18141335005443,10.535092011339174],[107.18141511356933,10.535027099159452],[107.18142996495746,10.535000001751422],[107.18144048772494,10.53499143159064],[107.18155981789832,10.534988300832085],[107.18153934376808,10.535441135107929],[107.18149776235606,10.535446484855187],[107.18142813885079,10.53544753592082],[107.18141951358064,10.535467591302005]]]},"properties":{"FID":606,"Shape_Leng":140.47137587200001,"Shape_Area":932.22800380700005,"Sothua":474,"So_To":57,"LoaidatHT":"LUC","Khuphomoi":"Khu phố Tân Hưng","Sothuacu":474,"Sotocu":33,"Phuongcu":"Phường Tân Hưng","Nguoisudun":"Trần Văn lộc","Quyetdinh":"Quyết định 3693/QĐ-UBND","ID":"474.57"}},{"type":"Feature","id":607,"geometry":{"type":"Polygon","coordinates":[[[107.18179381489982,10.53548290956574],[107.18155790147158,10.535485650987436],[107.18153934376808,10.535441135107929],[107.18155981789832,10.534988300832085],[107.18161658387558,10.534973484748301],[107.18167120867355,10.53497991214565],[107.18180324834229,10.534971740807217],[107.18181454747118,10.534988215331106],[107.18179997735585,10.535210963459896],[107.18181175417755,10.535316313727455],[107.18179381489982,10.53548290956574]]]},"properties":{"FID":607,"Shape_Leng":165.41512662900001,"Shape_Area":1571.74615638,"Sothua":475,"So_To":57,"LoaidatHT":"LUC","Khuphomoi":"Khu phố Tân Hưng","Sothuacu":475,"Sotocu":33,"Phuongcu":"Phường Tân Hưng","Nguoisudun":"Trần Văn lộc","Quyetdinh":"Quyết định 3693/QĐ-UBND","ID":"475.57"}},{"type":"Feature","id":608,"geometry":{"type":"Polygon","coordinates":[[[107.18252368669023,10.535612964804518],[107.18226466212592,10.535613313773423],[107.18226159658616,10.535540888997959],[107.18225531176203,10.535294813619586],[107.18226460627992,10.53528329372725],[107.1823384583891,10.535279105121889],[107.18268937500663,10.535241308438859],[107.18274153606689,10.535546088955527],[107.18274033785093,10.535601870503733],[107.18252368669023,10.535612964804518]]]},"properties":{"FID":608,"Shape_Leng":176.123692619,"Shape_Area":1940.70713217,"Sothua":464,"So_To":57,"LoaidatHT":"LUC","Khuphomoi":"Khu phố Tân Hưng","Sothuacu":464,"Sotocu":33,"Phuongcu":"Phường Tân Hưng","Nguoisudun":"Nguyễn Văn Hương","Quyetdinh":"Quyết định 3693/QĐ-UBND","ID":"464.57"}},{"type":"Feature","id":609,"geometry":{"type":"Polygon","coordinates":[[[107.18226146303246,10.535613760621912],[107.18199521095552,10.535617215892961],[107.18225531176203,10.535294813619586],[107.18226159658616,10.535540888997959],[107.18226466212592,10.535613313773423],[107.18226146303246,10.535613760621912]]]},"properties":{"FID":609,"Shape_Leng":110.409522947,"Shape_Area":518.89210648799997,"Sothua":1023,"So_To":57,"LoaidatHT":"LUC","Khuphomoi":"Khu phố Tân Hưng","Sothuacu":463,"Sotocu":33,"Phuongcu":"Phường Tân Hưng","Nguoisudun":"Trần Văn lộc","Quyetdinh":"Quyết định 3693/QĐ-UBND","ID":"1023.57"}},{"type":"Feature","id":610,"geometry":{"type":"Polygon","coordinates":[[[107.18186471647721,10.535618905420124],[107.1817957567507,10.535619796542647],[107.18179381489982,10.53548290956574],[107.18181175417755,10.535316313727455],[107.18212930239318,10.53529305137987],[107.18186471647721,10.535618905420124]]]},"properties":{"FID":610,"Shape_Leng":122.34932120400001,"Shape_Area":732.99591957200005,"Sothua":463,"So_To":57,"LoaidatHT":"LUC","Khuphomoi":"Khu phố Tân Hưng","Sothuacu":463,"Sotocu":33,"Phuongcu":"Phường Tân Hưng","Nguoisudun":"Trần Văn lộc","Quyetdinh":"Quyết định 3693/QĐ-UBND","ID":"463.57"}},{"type":"Feature","id":611,"geometry":{"type":"Polygon","coordinates":[[[107.18149776235606,10.535446484855187],[107.18151889412452,10.535781045151392],[107.18149109929351,10.535741938082568],[107.18146963377566,10.535738734696997],[107.18145472459052,10.53569793273663],[107.1814013708432,10.535695757134965],[107.18128966927898,10.535623950871827],[107.18126863037038,10.53553757032511],[107.18128415278542,10.535493296768458],[107.18133494182499,10.535449538462938],[107.18140085968932,10.535476237388639],[107.18141951358064,10.535467591302005],[107.18142813885079,10.53544753592082],[107.18149776235606,10.535446484855187]]]},"properties":{"FID":611,"Shape_Leng":112.46663742,"Shape_Area":624.77881765500001,"Sothua":453,"So_To":57,"LoaidatHT":"LUC","Khuphomoi":"Khu phố Tân Hưng","Sothuacu":453,"Sotocu":33,"Phuongcu":"Phường Tân Hưng","Nguoisudun":"Trần Văn lộc","Quyetdinh":"Quyết định 3693/QĐ-UBND","ID":"453.57"}},{"type":"Feature","id":612,"geometry":{"type":"Polygon","coordinates":[[[107.18186471647721,10.535618905420124],[107.18171239707375,10.535806498537035],[107.1817011874243,10.535622519961994],[107.1817957567507,10.535619796542647],[107.18186471647721,10.535618905420124]]]},"properties":{"FID":612,"Shape_Leng":64.929049801000005,"Shape_Area":183.10813335200001,"Sothua":1022,"So_To":57,"LoaidatHT":"LUC","Khuphomoi":"Khu phố Tân Hưng","Sothuacu":444,"Sotocu":33,"Phuongcu":"Phường Tân Hưng","Nguoisudun":"Tạ Văn Tâm","Quyetdinh":"Quyết định 3693/QĐ-UBND","ID":"1022.57"}},{"type":"Feature","id":613,"geometry":{"type":"Polygon","coordinates":[[[107.18216605825829,10.535823162710257],[107.18181331598844,10.535842675675317],[107.18199521095552,10.535617215892961],[107.18226146303246,10.535613760621912],[107.18226098497014,10.535825141918938],[107.18216605825829,10.535823162710257]]]},"properties":{"FID":613,"Shape_Leng":133.54027783399999,"Shape_Area":917.48619306900002,"Sothua":444,"So_To":57,"LoaidatHT":"LUC","Khuphomoi":"Khu phố Tân Hưng","Sothuacu":444,"Sotocu":33,"Phuongcu":"Phường Tân Hưng","Nguoisudun":"Tạ Văn Tâm","Quyetdinh":"Quyết định 3693/QĐ-UBND","ID":"444.57"}},{"type":"Feature","id":614,"geometry":{"type":"Polygon","coordinates":[[[107.18171239707375,10.535806498537035],[107.1816048731143,10.535938920563535],[107.18154265448339,10.535927825824217],[107.18153400294823,10.53586253353251],[107.18155790147158,10.535485650987436],[107.18179381489982,10.53548290956574],[107.1817957567507,10.535619796542647],[107.1817011874243,10.535622519961994],[107.18171239707375,10.535806498537035]]]},"properties":{"FID":614,"Shape_Leng":146.51674548,"Shape_Area":956.54476611500002,"Sothua":443,"So_To":57,"LoaidatHT":"LUC","Khuphomoi":"Khu phố Tân Hưng","Sothuacu":443,"Sotocu":33,"Phuongcu":"Phường Tân Hưng","Nguoisudun":"Trần Văn lộc","Quyetdinh":"Quyết định 3693/QĐ-UBND","ID":"443.57"}},{"type":"Feature","id":615,"geometry":{"type":"Polygon","coordinates":[[[107.1816048731143,10.535938920563535],[107.18154079913595,10.536017831158707],[107.18154265448339,10.535927825824217],[107.1816048731143,10.535938920563535]]]},"properties":{"FID":615,"Shape_Leng":28.082975016300001,"Shape_Area":34.044943499299997,"Sothua":1021,"So_To":57,"LoaidatHT":"LUC","Khuphomoi":"Khu phố Tân Hưng","Sothuacu":423,"Sotocu":33,"Phuongcu":"Phường Tân Hưng","Nguoisudun":"Nguyễn Văn Hương","Quyetdinh":"Quyết định 3693/QĐ-UBND","ID":"1021.57"}},{"type":"Feature","id":616,"geometry":{"type":"Polygon","coordinates":[[[107.18253747386626,10.536017490685989],[107.1822719493822,10.536024699287397],[107.18226098497014,10.535825141918938],[107.18226146303246,10.535613760621912],[107.18226466212592,10.535613313773423],[107.18252368669023,10.535612964804518],[107.18253747386626,10.536017490685989]]]},"properties":{"FID":616,"Shape_Leng":148.082157639,"Shape_Area":1319.2846909100001,"Sothua":445,"So_To":57,"LoaidatHT":"LUC","Khuphomoi":"Khu phố Tân Hưng","Sothuacu":445,"Sotocu":33,"Phuongcu":"Phường Tân Hưng","Nguoisudun":"Tạ Văn Tâm","Quyetdinh":"Quyết định 3693/QĐ-UBND","ID":"445.57"}},{"type":"Feature","id":617,"geometry":{"type":"Polygon","coordinates":[[[107.18226328161232,10.536117445819189],[107.18224518512018,10.536120939101275],[107.1821328050553,10.53607046873935],[107.18212223320536,10.536055983936444],[107.18208395854111,10.536051666402978],[107.18204329426666,10.536054576852003],[107.18182591893348,10.536012687964758],[107.1817760663404,10.53599433537862],[107.18178848222377,10.535949784964757],[107.18175295261327,10.535917498990576],[107.18181331598844,10.535842675675317],[107.18216605825829,10.535823162710257],[107.18226098497014,10.535825141918938],[107.1822719493822,10.536024699287397],[107.18226328161232,10.536117445819189]]]},"properties":{"FID":617,"Shape_Leng":158.744227311,"Shape_Area":1303.2963704599999,"Sothua":429,"So_To":57,"LoaidatHT":"LUC","Khuphomoi":"Khu phố Tân Hưng","Sothuacu":429,"Sotocu":33,"Phuongcu":"Phường Tân Hưng","Nguoisudun":"Tạ Văn Tâm","Quyetdinh":"Quyết định 3693/QĐ-UBND","ID":"429.57"}},{"type":"Feature","id":618,"geometry":{"type":"Polygon","coordinates":[[[107.15095826285865,10.536076871816343],[107.15085113830251,10.536085059126355],[107.14807769833331,10.535703634999301],[107.14500766054341,10.531980024433292],[107.14499460276552,10.531592109348166],[107.14505214095973,10.531341075955037],[107.14507318732534,10.531307487054478],[107.14514406577821,10.531194370373083],[107.14552085359844,10.530951079093519],[107.14581381460474,10.530706706045068],[107.14592367892755,10.530623176839873],[107.14619036097321,10.530605666298811],[107.14631065760348,10.53057914325953],[107.14638300555343,10.530519673332199],[107.14644276255919,10.530447114487554],[107.14648046425502,10.53029917462889],[107.14650995119385,10.53025033685641],[107.14654074994587,10.530207865819744],[107.14659009228049,10.530149102244215],[107.14665038437003,10.530096725027402],[107.14671246627582,10.530064087102668],[107.14672008266803,10.530061954850932],[107.14678557008699,10.530043639443864],[107.14690788936011,10.529925669109625],[107.14695640614001,10.529854011611206],[107.14701099199716,10.529785755656835],[107.14724091206594,10.529578293145358],[107.14733585602363,10.52945707014662],[107.14743251614472,10.52937410280825],[107.14751400437974,10.52931237171294],[107.14744709764138,10.529153121127562],[107.14743436097045,10.529021368332335],[107.14747733106806,10.528795042321983],[107.14754344099343,10.528611968619831],[107.14756713797034,10.528439157189007],[107.14767331750205,10.528290741244684],[107.14778279822707,10.527919215677693],[107.14795235619336,10.52759617365176],[107.14796558409427,10.527507641366631],[107.14796514789795,10.527332279403824],[107.14794542672033,10.527075736855174],[107.14794359623113,10.526903193447636],[107.14796407188975,10.526695331619136],[107.14799807748579,10.526558893684319],[107.14800633054492,10.526401666916067],[107.14808417662582,10.526121667251394],[107.14814068124241,10.525968157039955],[107.14819532455452,10.525907260553195],[107.14843001493294,10.525711207080528],[107.14850031220347,10.525521088544329],[107.14856596654614,10.525294525593484],[107.14862734473539,10.525199873215463],[107.14868787728756,10.525159972502008],[107.14875309299092,10.525159300617144],[107.14894337448176,10.525188186189766],[107.14906085664305,10.525170127928678],[107.149161142284,10.525134008443176],[107.14925265084702,10.525072738833886],[107.14932417596795,10.524999036109143],[107.14936995786435,10.52490456175266],[107.14941525372437,10.524763796498759],[107.14939025074881,10.524545189451858],[107.14938148051492,10.524252059913024],[107.14937849957037,10.524159139250251],[107.14941693651613,10.524172682703265],[107.14941486480306,10.524204685124047],[107.14941220870404,10.524349699234925],[107.14940739728178,10.524617215968583],[107.14949117105911,10.524620358753035],[107.14954181030457,10.524560330756028],[107.14957980175001,10.524521164912555],[107.14976703728809,10.524457055740715],[107.14993060118327,10.524444165368603],[107.14996113918268,10.524432741614536],[107.15027322453298,10.524343373404065],[107.15030350638577,10.524322274052528],[107.15059429295326,10.52395443554577],[107.15062350946306,10.523917476673933],[107.15106763276975,10.523344386743874],[107.15140432885367,10.523426211234046],[107.15174153215489,10.523813626467813],[107.15239402495475,10.524440501938665],[107.15248878658521,10.524241233672239],[107.1528536593711,10.523686978182594],[107.1531245899167,10.523096199946584],[107.15235826337947,10.522610062196987],[107.15232128965103,10.522500505348734],[107.15227281252673,10.522291925392953],[107.15216875766086,10.522098702022404],[107.15197635014286,10.521860919650404],[107.1515207445335,10.521520294955696],[107.15148965696756,10.521343302114474],[107.15167401224144,10.521018350386559],[107.15207969472687,10.520857461075398],[107.15174116033751,10.520118887124903],[107.15187558455646,10.519960017709543],[107.15204176387097,10.51982191144196],[107.15226551485394,10.519723332715419],[107.15257470062826,10.519666414119325],[107.15273140547249,10.519560838352371],[107.15280956319866,10.519585667160898],[107.15306377059822,10.519389140163018],[107.15388064813669,10.520485076832315],[107.15405557603682,10.520719769060815],[107.15399237353525,10.520671479561235],[107.15392117008243,10.520769251520221],[107.15380935843507,10.520999227614256],[107.15402243567397,10.521501979964722],[107.15415083910705,10.521804962403165],[107.15429066660846,10.522134882489175],[107.15431431454702,10.52218998718363],[107.15419080936688,10.522324558038736],[107.15431693331533,10.522587349016995],[107.15445550995182,10.522502442199503],[107.15454871999447,10.522634437044934],[107.15487296281535,10.522397535425036],[107.15516688071168,10.522776005454118],[107.15495743728538,10.523083552575072],[107.15533316533794,10.523298260918041],[107.1552930797037,10.523620139696922],[107.15535134246872,10.523824849779752],[107.15556915320836,10.523967112713782],[107.15581753644115,10.523983581603058],[107.15602765512249,10.524135413790569],[107.15617887657865,10.524365883660346],[107.15623775892246,10.52438995314087],[107.15641699620431,10.524255576132997],[107.15660497964993,10.524038308348127],[107.15664012042392,10.524008086526633],[107.15664073109481,10.524008955466352],[107.15668943483179,10.524062416990368],[107.15679389266079,10.524175942366822],[107.15687950610391,10.524267860763722],[107.15700615352613,10.524401987736924],[107.15710203905533,10.524502126008562],[107.15730873669823,10.524713911339344],[107.15724998771725,10.52476289472539],[107.15751323693615,10.525080910999058],[107.15762416381901,10.52502687232203],[107.15782901724313,10.525223690628154],[107.15772171845707,10.525325049776892],[107.15781322436976,10.525442031427188],[107.15767047020519,10.525513550937466],[107.15772749165544,10.52608234410536],[107.15784362262139,10.526030213071365],[107.15792966013926,10.526139770803759],[107.15780429515256,10.526482466085998],[107.15740535440749,10.526794633431292],[107.15741091581002,10.526848347884558],[107.15755387585406,10.526961810272427],[107.1576445448635,10.527033766273346],[107.15770532968833,10.527258370467891],[107.1572368502224,10.527958090304129],[107.15683507483193,10.528317535943509],[107.15681797909393,10.528323109664933],[107.15650478242067,10.528466457949715],[107.15640262992753,10.528518433876162],[107.156099793019,10.528690822642854],[107.15567353178508,10.528906376600384],[107.15576465811829,10.529126065884491],[107.15577939761205,10.529157828153096],[107.1558172731753,10.529226882985279],[107.15604366158084,10.529138252722912],[107.15628780312105,10.52917749591521],[107.15648454410548,10.529350821633104],[107.15656101911365,10.529588112909817],[107.15689993182372,10.529613701391694],[107.15716296209744,10.529618171519747],[107.15729417309007,10.52961226871809],[107.15755173868409,10.529607416633311],[107.15759420885985,10.529949520823305],[107.15782563691893,10.529996877064029],[107.15791023818292,10.52995011238594],[107.15798330991343,10.530247972621778],[107.15798546929538,10.530265063704912],[107.15782168590225,10.530343415299347],[107.15782601194934,10.530422353049111],[107.15771663151695,10.530479017161854],[107.15773324379998,10.530583382575886],[107.15752363419627,10.530736688759344],[107.15756651474405,10.530912076777545],[107.15769023498653,10.530905798143062],[107.15773418877922,10.531236965771132],[107.15792019670491,10.531051156909532],[107.15803105077734,10.531132192185963],[107.15803918545502,10.531369626778385],[107.15808768460317,10.531473509083465],[107.15786316356925,10.531713095140617],[107.15747937547752,10.532095756502862],[107.15719261161647,10.532270527350041],[107.15671619811654,10.532527487802604],[107.15666545917063,10.532544208956406],[107.15663244689786,10.532536651890767],[107.15654916378381,10.532646987056379],[107.15643440842386,10.532728386381422],[107.15631528496048,10.532791486736379],[107.15608967920343,10.532942556795572],[107.15593033629513,10.533091409417068],[107.15560908833234,10.533399930868528],[107.15538249746632,10.533468815088211],[107.15521148973437,10.533501466858082],[107.15506828453195,10.533572296726035],[107.15492385387758,10.53366735473247],[107.1548098361923,10.533840150807475],[107.15469650040316,10.533995562533047],[107.1544263807464,10.534284369755344],[107.15425624944038,10.53437382791936],[107.15411956773099,10.534478032091542],[107.15383240190799,10.534712315903704],[107.15359600108876,10.53486471986197],[107.1533618899858,10.534942864086586],[107.15313598351737,10.535044666080148],[107.152952711528,10.53514451400377],[107.15277392128694,10.535242118790345],[107.15245728162431,10.535432596548958],[107.1522111058666,10.535583488992826],[107.15213970119471,10.535660230515974],[107.15201761789497,10.53579303039977],[107.15187218759182,10.535870310443265],[107.15175495847217,10.53592559203679],[107.15159534648376,10.535965577904326],[107.15129470579242,10.536017764139268],[107.1511747362397,10.536049081979169],[107.1510684683235,10.536058302037084],[107.15095826285865,10.536076871816343]]]},"properties":{"FID":618,"Shape_Leng":6499.9883183000002,"Shape_Area":1449713.0922900001,"Sothua":1,"So_To":59,"LoaidatHT":"RPH","Khuphomoi":"Khu phố Núi Dinh","Sothuacu":0,"Sotocu":2,"Phuongcu":"phường Long Hương","Nguoisudun":" ","Quyetdinh":" ","ID":"1.59"}},{"type":"Feature","id":619,"geometry":{"type":"Polygon","coordinates":[[[107.18224518512018,10.536120939101275],[107.18226233734229,10.536234074734722],[107.18200187080254,10.536223119617931],[107.18159951225907,10.536161912525417],[107.18155685243975,10.536160567063737],[107.18170340674016,10.535978912893238],[107.18171020964974,10.535984000553562],[107.18173704910063,10.535995983558054],[107.1817760663404,10.53599433537862],[107.18182591893348,10.536012687964758],[107.18204329426666,10.536054576852003],[107.18207704261823,10.53608591973647],[107.1821142990219,10.536097650122116],[107.1821328050553,10.53607046873935],[107.18224518512018,10.536120939101275]]]},"properties":{"FID":619,"Shape_Leng":181.15566242,"Shape_Area":1279.4225894799999,"Sothua":423,"So_To":57,"LoaidatHT":"LUC","Khuphomoi":"Khu phố Tân Hưng","Sothuacu":423,"Sotocu":33,"Phuongcu":"Phường Tân Hưng","Nguoisudun":"Nguyễn Văn Hương","Quyetdinh":"Quyết định 3693/QĐ-UBND","ID":"423.57"}},{"type":"Feature","id":620,"geometry":{"type":"Polygon","coordinates":[[[107.18270420156183,10.536425996935787],[107.18256254521089,10.536446447382568],[107.18253747386626,10.536017490685989],[107.18252368669023,10.535612964804518],[107.18274033785093,10.535601870503733],[107.18275486009949,10.535604699605692],[107.18276989038446,10.535628956373897],[107.18276981906764,10.53586782331198],[107.18273577926841,10.536145506407079],[107.18273466406298,10.536205809148875],[107.18272344173059,10.536247197042513],[107.18270420156183,10.536425996935787]]]},"properties":{"FID":620,"Shape_Leng":225.20981905799999,"Shape_Area":2072.2683453999998,"Sothua":430,"So_To":57,"LoaidatHT":"LUC","Khuphomoi":"Khu phố Tân Hưng","Sothuacu":430,"Sotocu":33,"Phuongcu":"Phường Tân Hưng","Nguoisudun":"Nguyễn Thị Ninh","Quyetdinh":"Quyết định 3693/QĐ-UBND","ID":"430.57"}},{"type":"Feature","id":621,"geometry":{"type":"Polygon","coordinates":[[[107.18256254521089,10.536446447382568],[107.18232307133194,10.536497371852381],[107.18230854644257,10.536495989758302],[107.18226328161232,10.536117445819189],[107.1822719493822,10.536024699287397],[107.18253747386626,10.536017490685989],[107.18256254521089,10.536446447382568]]]},"properties":{"FID":621,"Shape_Leng":157.52195620699999,"Shape_Area":1478.85741474,"Sothua":410,"So_To":57,"LoaidatHT":"LUC","Khuphomoi":"Khu phố Tân Hưng","Sothuacu":410,"Sotocu":33,"Phuongcu":"Phường Tân Hưng","Nguoisudun":"Tạ Văn Tâm","Quyetdinh":"Quyết định 3693/QĐ-UBND","ID":"410.57"}},{"type":"Feature","id":622,"geometry":{"type":"Polygon","coordinates":[[[107.18228109254693,10.536769525074201],[107.18226616293079,10.53678966009808],[107.18209258733323,10.536777595321936],[107.1818925219431,10.536762227981004],[107.18195209237847,10.536413528057402],[107.18197960658331,10.536356979385717],[107.18200187080254,10.536223119617931],[107.18226233734229,10.536234074734722],[107.18224518512018,10.536120939101275],[107.18226328161232,10.536117445819189],[107.18230854644257,10.536495989758302],[107.18229276890838,10.536529956230655],[107.18229249895607,10.536577873653442],[107.18228109254693,10.536769525074201]]]},"properties":{"FID":622,"Shape_Leng":220.94600480400001,"Shape_Area":2338.0954894500001,"Sothua":400,"So_To":57,"LoaidatHT":"LUC","Khuphomoi":"Khu phố Tân Hưng","Sothuacu":400,"Sotocu":33,"Phuongcu":"Phường Tân Hưng","Nguoisudun":"Tạ Văn Tâm","Quyetdinh":"Quyết định 3693/QĐ-UBND","ID":"400.57"}},{"type":"Feature","id":623,"geometry":{"type":"Polygon","coordinates":[[[107.18261711623211,10.536932416372629],[107.18244399088239,10.536973785641642],[107.18241961453522,10.536913798776039],[107.1822862821337,10.536829296296339],[107.18226374909392,10.536810178800666],[107.18209437589756,10.53679902591765],[107.18209258733323,10.536777595321936],[107.18226616293079,10.53678966009808],[107.18228109254693,10.536769525074201],[107.18229249895607,10.536577873653442],[107.18229276890838,10.536529956230655],[107.18230854644257,10.536495989758302],[107.18232307133194,10.536497371852381],[107.18256254521089,10.536446447382568],[107.18270420156183,10.536425996935787],[107.18270703517652,10.536475456535712],[107.18269569962041,10.536628502947101],[107.18264786614284,10.536804900684185],[107.1826605538333,10.536911518031344],[107.18261711623211,10.536932416372629]]]},"properties":{"FID":623,"Shape_Leng":224.623319716,"Shape_Area":2219.2915371399999,"Sothua":387,"So_To":57,"LoaidatHT":"LUC","Khuphomoi":"Khu phố Tân Hưng","Sothuacu":387,"Sotocu":33,"Phuongcu":"Phường Tân Hưng","Nguoisudun":"Tạ Văn Tâm","Quyetdinh":"Quyết định 3693/QĐ-UBND","ID":"387.57"}},{"type":"Feature","id":624,"geometry":{"type":"Polygon","coordinates":[[[107.1806226122838,10.537011110003016],[107.18008114008227,10.537028489018002],[107.17991824232548,10.537023042231848],[107.17994453471582,10.536736394972509],[107.18011141620119,10.536711561011666],[107.18059618029862,10.536727351349596],[107.18060758048135,10.536738583107265],[107.18062610841166,10.536998097226165],[107.1806226122838,10.537011110003016]]]},"properties":{"FID":624,"Shape_Leng":212.62608750499999,"Shape_Area":2491.1947442800001,"Sothua":373,"So_To":57,"LoaidatHT":"LUC","Khuphomoi":"Khu phố Tân Hưng","Sothuacu":373,"Sotocu":33,"Phuongcu":"Phường Tân Hưng","Nguoisudun":"Trần Thị Vàng","Quyetdinh":"Quyết định 3693/QĐ-UBND","ID":"373.57"}},{"type":"Feature","id":625,"geometry":{"type":"Polygon","coordinates":[[[107.18232265926585,10.537171388406794],[107.18227621154412,10.53718974878003],[107.18218417314399,10.537157125897892],[107.18216591235914,10.537050136601493],[107.1821263762989,10.53703623293254],[107.18206930367286,10.53706876870597],[107.1820386068018,10.537067267639413],[107.1820463156352,10.536899296248928],[107.18209437589756,10.53679902591765],[107.18226374909392,10.536810178800666],[107.1822862821337,10.536829296296339],[107.18241961453522,10.536913798776039],[107.18238805037011,10.536986794947431],[107.18242200095686,10.537057466625077],[107.18235169860749,10.537130122579498],[107.18232265926585,10.537171388406794]]]},"properties":{"FID":625,"Shape_Leng":147.54740794,"Shape_Area":1251.9877097900001,"Sothua":364,"So_To":57,"LoaidatHT":"LUC","Khuphomoi":"Khu phố Tân Hưng","Sothuacu":364,"Sotocu":33,"Phuongcu":"Phường Tân Hưng","Nguoisudun":"Tạ Văn Tâm","Quyetdinh":"Quyết định 3693/QĐ-UBND","ID":"364.57"}},{"type":"Feature","id":626,"geometry":{"type":"Polygon","coordinates":[[[107.18220340413639,10.537432101734565],[107.18195312574697,10.537445485756304],[107.1819035255531,10.537438887374684],[107.18184196570184,10.537327209345644],[107.18183127343363,10.537228821825304],[107.18185057604175,10.53721565668436],[107.18188040461524,10.537192293569257],[107.18193480854264,10.53717015017112],[107.18201606367265,10.537103662300453],[107.1820386068018,10.537067267639413],[107.18206930367286,10.53706876870597],[107.18212864593369,10.537144007645871],[107.18216269562775,10.537210339476795],[107.18218575072314,10.537293469434422],[107.18223509739735,10.537288584791899],[107.18228059286973,10.537341738736036],[107.18230822692095,10.537369001442118],[107.18229664752613,10.537405869127467],[107.18220340413639,10.537432101734565]]]},"properties":{"FID":626,"Shape_Leng":151.37585676200001,"Shape_Area":1330.32352292,"Sothua":344,"So_To":57,"LoaidatHT":"LUC","Khuphomoi":"Khu phố Tân Hưng","Sothuacu":344,"Sotocu":33,"Phuongcu":"Phường Tân Hưng","Nguoisudun":"Nguyễn Thị Ninh","Quyetdinh":"Quyết định 3693/QĐ-UBND","ID":"344.57"}},{"type":"Feature","id":627,"geometry":{"type":"Polygon","coordinates":[[[107.18063446709877,10.537146262138076],[107.18037125211056,10.537474875339171],[107.18009417353259,10.537443501383445],[107.18007181167133,10.537430532076188],[107.17986474384668,10.537397249378511],[107.17991824232548,10.537023042231848],[107.18008114008227,10.537028489018002],[107.1806226122838,10.537011110003016],[107.18062417852366,10.537053787170438],[107.18063417245008,10.537134633007801],[107.18063446709877,10.537146262138076]]]},"properties":{"FID":627,"Shape_Leng":236.73838843600001,"Shape_Area":3358.7991845500001,"Sothua":342,"So_To":57,"LoaidatHT":"LUC","Khuphomoi":"Khu phố Tân Hưng","Sothuacu":342,"Sotocu":33,"Phuongcu":"Phường Tân Hưng","Nguoisudun":"Nguyễn Văn Lắm","Quyetdinh":"Quyết định 3693/QĐ-UBND","ID":"342.57"}},{"type":"Feature","id":628,"geometry":{"type":"Polygon","coordinates":[[[107.1806383429352,10.537299089071286],[107.18064337429965,10.537496837452419],[107.18048630940065,10.537487539438883],[107.1806383429352,10.537299089071286]]]},"properties":{"FID":628,"Shape_Leng":65.794809558699995,"Shape_Area":187.847417928,"Sothua":1020,"So_To":57,"LoaidatHT":"LUC","Khuphomoi":"Khu phố Tân Hưng","Sothuacu":342,"Sotocu":33,"Phuongcu":"Phường Tân Hưng","Nguoisudun":"Nguyễn Văn Lắm","Quyetdinh":"Quyết định 3693/QĐ-UBND","ID":"1020.57"}},{"type":"Feature","id":629,"geometry":{"type":"Polygon","coordinates":[[[107.18222781783088,10.537671826616743],[107.18208445552767,10.537675276285052],[107.18191430066075,10.53764151813246],[107.1819035255531,10.537438887374684],[107.18195312574697,10.537445485756304],[107.18220340413639,10.537432101734565],[107.18221582969879,10.537482573452865],[107.18222781783088,10.537671826616743]]]},"properties":{"FID":629,"Shape_Leng":116.803575959,"Shape_Area":848.68897236299995,"Sothua":326,"So_To":57,"LoaidatHT":"LUC","Khuphomoi":"Khu phố Tân Hưng","Sothuacu":326,"Sotocu":33,"Phuongcu":"Phường Tân Hưng","Nguoisudun":"Nguyễn Văn Hương","Quyetdinh":"Quyết định 3693/QĐ-UBND","ID":"326.57"}},{"type":"Feature","id":630,"geometry":{"type":"Polygon","coordinates":[[[107.18037125211056,10.537474875339171],[107.1800999819488,10.537812495277507],[107.18009417353259,10.537443501383445],[107.18037125211056,10.537474875339171]]]},"properties":{"FID":630,"Shape_Leng":119.09123126,"Shape_Area":618.17995411000004,"Sothua":1019,"So_To":57,"LoaidatHT":"LUC","Khuphomoi":"Khu phố Tân Hưng","Sothuacu":314,"Sotocu":33,"Phuongcu":"Phường Tân Hưng","Nguoisudun":"Nguyễn Thị Mạnh","Quyetdinh":"Quyết định 3693/QĐ-UBND","ID":"1019.57"}},{"type":"Feature","id":631,"geometry":{"type":"Polygon","coordinates":[[[107.1801000526364,10.537972870004657],[107.18009413776178,10.537973662726763],[107.18048630940065,10.537487539438883],[107.18064337429965,10.537496837452419],[107.18067425158524,10.537499695834283],[107.18067973511062,10.537548708842834],[107.18071754586097,10.5375566422486],[107.18065288636932,10.537939056958546],[107.18018322145993,10.537959277588786],[107.18010947204382,10.537967914580408],[107.1801000526364,10.537972870004657]]]},"properties":{"FID":631,"Shape_Leng":203.458889484,"Shape_Area":2145.7380856499999,"Sothua":314,"So_To":57,"LoaidatHT":"LUC","Khuphomoi":"Khu phố Tân Hưng","Sothuacu":314,"Sotocu":33,"Phuongcu":"Phường Tân Hưng","Nguoisudun":"Nguyễn Thị Mạnh","Quyetdinh":"Quyết định 3693/QĐ-UBND","ID":"314.57"}},{"type":"Feature","id":632,"geometry":{"type":"Polygon","coordinates":[[[107.17996151675248,10.537984314960633],[107.17973646199587,10.537994456926244],[107.1798372416401,10.537397923265061],[107.17986474384668,10.537397249378511],[107.18007181167133,10.537430532076188],[107.18009417353259,10.537443501383445],[107.1800999819488,10.537812495277507],[107.17996151675248,10.537984314960633]]]},"properties":{"FID":632,"Shape_Leng":185.552131769,"Shape_Area":2021.1916273100001,"Sothua":313,"So_To":57,"LoaidatHT":"LUC","Khuphomoi":"Khu phố Tân Hưng","Sothuacu":313,"Sotocu":33,"Phuongcu":"Phường Tân Hưng","Nguoisudun":"Lê Thị Thúy","Quyetdinh":"Quyết định 3693/QĐ-UBND","ID":"313.57"}},{"type":"Feature","id":633,"geometry":{"type":"Polygon","coordinates":[[[107.17973646199587,10.537994456926244],[107.17937571085292,10.538012792751417],[107.17942035205326,10.537834672751922],[107.17950402480849,10.537597041707464],[107.17956877680768,10.53741326180822],[107.17958485015637,10.537367541994572],[107.1798372416401,10.537397923265061],[107.17973646199587,10.537994456926244]]]},"properties":{"FID":633,"Shape_Leng":209.345685102,"Shape_Area":2368.3769802400002,"Sothua":312,"So_To":57,"LoaidatHT":"LUC","Khuphomoi":"Khu phố Tân Hưng","Sothuacu":312,"Sotocu":33,"Phuongcu":"Phường Tân Hưng","Nguoisudun":"Đào Văn Quang","Quyetdinh":"Quyết định 3693/QĐ-UBND","ID":"312.57"}},{"type":"Feature","id":634,"geometry":{"type":"Polygon","coordinates":[[[107.1793473423679,10.53808678897804],[107.1790828060342,10.538101591324565],[107.17907486222614,10.537801411050015],[107.17942035205326,10.537834672751922],[107.17937571085292,10.538012792751417],[107.1793473423679,10.53808678897804]]]},"properties":{"FID":634,"Shape_Leng":129.30174524500001,"Shape_Area":1034.60442412,"Sothua":303,"So_To":57,"LoaidatHT":"LUC","Khuphomoi":"Khu phố Tân Hưng","Sothuacu":303,"Sotocu":33,"Phuongcu":"Phường Tân Hưng","Nguoisudun":"Nguyễn Thị Hoa","Quyetdinh":"Quyết định 3693/QĐ-UBND","ID":"303.57"}},{"type":"Feature","id":635,"geometry":{"type":"Polygon","coordinates":[[[107.17897840843398,10.538132052904048],[107.17881845727163,10.538163860436354],[107.17872610525168,10.537508211228683],[107.17865649589449,10.537452120785895],[107.17865661105652,10.537439011083398],[107.17869949977135,10.537418836436522],[107.17876574168143,10.537368686911599],[107.17892641953573,10.53719023348877],[107.17898209810816,10.537170714590411],[107.17901287671704,10.537226825594486],[107.1790337629882,10.537296750803305],[107.17904698575903,10.537458972855335],[107.17906020947427,10.537621194896197],[107.17907486222614,10.537801411050015],[107.1790828060342,10.538101591324565],[107.17897840843398,10.538132052904048]]]},"properties":{"FID":635,"Shape_Leng":265.92386859999999,"Shape_Area":3266.6897465000002,"Sothua":324,"So_To":57,"LoaidatHT":"LUC","Khuphomoi":"Khu phố Tân Hưng","Sothuacu":324,"Sotocu":33,"Phuongcu":"Phường Tân Hưng","Nguoisudun":"Trương Thị Sáu","Quyetdinh":"Quyết định 3693/QĐ-UBND","ID":"324.57"}},{"type":"Feature","id":636,"geometry":{"type":"Polygon","coordinates":[[[107.17876102497861,10.538193139946621],[107.17861331531665,10.538225421654731],[107.1785237160252,10.537563719499822],[107.17855512429981,10.537526346602707],[107.17865649589449,10.537452120785895],[107.17872610525168,10.537508211228683],[107.17881845727163,10.538163860436354],[107.17876102497861,10.538193139946621]]]},"properties":{"FID":636,"Shape_Leng":199.76338950499999,"Shape_Area":1806.3874290900001,"Sothua":311,"So_To":57,"LoaidatHT":"LUC","Khuphomoi":"Khu phố Tân Hưng","Sothuacu":311,"Sotocu":33,"Phuongcu":"Phường Tân Hưng","Nguoisudun":"Phan Thị Hồng","Quyetdinh":"Quyết định 3693/QĐ-UBND","ID":"311.57"}},{"type":"Feature","id":637,"geometry":{"type":"Polygon","coordinates":[[[107.18010235414148,10.538211832131537],[107.18008011452385,10.538231953283503],[107.17988719577131,10.538230177746943],[107.1801000526364,10.537972870004657],[107.18010235414148,10.538211832131537]]]},"properties":{"FID":637,"Shape_Leng":87.655741949299994,"Shape_Area":335.43235738599998,"Sothua":293,"So_To":57,"LoaidatHT":"LUC","Khuphomoi":"Khu phố Tân Hưng","Sothuacu":293,"Sotocu":33,"Phuongcu":"Phường Tân Hưng","Nguoisudun":"Lê Văn Hoàng","Quyetdinh":"Quyết định 3693/QĐ-UBND","ID":"293.57"}},{"type":"Feature","id":638,"geometry":{"type":"Polygon","coordinates":[[[107.17976465151304,10.538229619202765],[107.17936041314083,10.538232555392016],[107.1793473423679,10.53808678897804],[107.17937571085292,10.538012792751417],[107.17973646199587,10.537994456926244],[107.17996151675248,10.537984314960633],[107.17976465151304,10.538229619202765]]]},"properties":{"FID":638,"Shape_Leng":168.083786731,"Shape_Area":1408.01561373,"Sothua":1018,"So_To":57,"LoaidatHT":"LUC","Khuphomoi":"Khu phố Tân Hưng","Sothuacu":293,"Sotocu":33,"Phuongcu":"Phường Tân Hưng","Nguoisudun":"Lê Văn Hoàng","Quyetdinh":"Quyết định 3693/QĐ-UBND","ID":"1018.57"}},{"type":"Feature","id":639,"geometry":{"type":"Polygon","coordinates":[[[107.18012188117871,10.538225609984259],[107.18010474713726,10.538252069648244],[107.1800903156239,10.538249692629092],[107.18008011452385,10.538231953283503],[107.18010235414148,10.538211832131537],[107.1801000526364,10.537972870004657],[107.18010947204382,10.537967914580408],[107.18018322145993,10.537959277588786],[107.18065288636932,10.537939056958546],[107.1806479900536,10.538018519528659],[107.18061666904892,10.538207513730976],[107.18012188117871,10.538225609984259]]]},"properties":{"FID":639,"Shape_Leng":182.05696772900001,"Shape_Area":1730.805337,"Sothua":294,"So_To":57,"LoaidatHT":"LUC","Khuphomoi":"Khu phố Tân Hưng","Sothuacu":294,"Sotocu":33,"Phuongcu":"Phường Tân Hưng","Nguoisudun":"Nguyễn Thanh Quang","Quyetdinh":"Quyết định 3693/QĐ-UBND","ID":"294.57"}},{"type":"Feature","id":640,"geometry":{"type":"Polygon","coordinates":[[[107.17861345821711,10.538296666472933],[107.17833377329576,10.538351221926195],[107.17826026964558,10.537632318504166],[107.1782682904733,10.537593546629573],[107.17830972533012,10.537568848505266],[107.17848050816406,10.537559030608747],[107.1785237160252,10.537563719499822],[107.17861331531665,10.538225421654731],[107.17861345821711,10.538296666472933]]]},"properties":{"FID":640,"Shape_Leng":226.075729575,"Shape_Area":2583.8181109799998,"Sothua":302,"So_To":57,"LoaidatHT":"LUC","Khuphomoi":"Khu phố Tân Hưng","Sothuacu":302,"Sotocu":33,"Phuongcu":"Phường Tân Hưng","Nguoisudun":"Phan Thị Hồng","Quyetdinh":"Quyết định 3693/QĐ-UBND","ID":"302.57"}},{"type":"Feature","id":641,"geometry":{"type":"Polygon","coordinates":[[[107.17976465151304,10.538229619202765],[107.17942387540329,10.53865424413234],[107.17938826409306,10.53848973606147],[107.17937179465133,10.538303458859454],[107.17936041314083,10.538232555392016],[107.17976465151304,10.538229619202765]]]},"properties":{"FID":641,"Shape_Leng":151.50342449199999,"Shape_Area":1055.5956082099999,"Sothua":1017,"So_To":57,"LoaidatHT":"LUC","Khuphomoi":"Khu phố Tân Hưng","Sothuacu":277,"Sotocu":33,"Phuongcu":"Phường Tân Hưng","Nguoisudun":"Dương Thị Thủy","Quyetdinh":"Quyết định 3693/QĐ-UBND","ID":"1017.57"}},{"type":"Feature","id":642,"geometry":{"type":"Polygon","coordinates":[[[107.18048731809334,10.538740979212694],[107.18040339551818,10.538766505455605],[107.18022171835491,10.538737879087037],[107.18013292161321,10.538731029033737],[107.18009651066286,10.538756550501645],[107.18007709049152,10.538733821462097],[107.18009120351836,10.538710792693768],[107.18010165707641,10.538690288180167],[107.18010474713726,10.538252069648244],[107.18012188117871,10.538225609984259],[107.18061666904892,10.538207513730976],[107.18061230922473,10.538293124854984],[107.18061713837758,10.538449274853038],[107.18065359997976,10.538645352384378],[107.18061100583738,10.538704133421238],[107.18058176896125,10.538703628124635],[107.18055585501484,10.538734412502166],[107.18048731809334,10.538740979212694]]]},"properties":{"FID":642,"Shape_Leng":231.38663025899999,"Shape_Area":3323.1758121799999,"Sothua":278,"So_To":57,"LoaidatHT":"LUC","Khuphomoi":"Khu phố Tân Hưng","Sothuacu":278,"Sotocu":33,"Phuongcu":"Phường Tân Hưng","Nguoisudun":"Lê Văn Hoàng","Quyetdinh":"Quyết định 3693/QĐ-UBND","ID":"278.57"}},{"type":"Feature","id":643,"geometry":{"type":"Polygon","coordinates":[[[107.1795376526304,10.538786102212988],[107.17946607530942,10.538805954008795],[107.17943598714325,10.538789477770543],[107.17988719577131,10.538230177746943],[107.18008011452385,10.538231953283503],[107.1800903156239,10.538249692629092],[107.18010474713726,10.538252069648244],[107.18010165707641,10.538690288180167],[107.18009120351836,10.538710792693768],[107.18007709049152,10.538733821462097],[107.17980320713096,10.538763797044268],[107.17962610569705,10.538780837382436],[107.1795376526304,10.538786102212988]]]},"properties":{"FID":643,"Shape_Leng":229.43345910900001,"Shape_Area":2791.4185715100002,"Sothua":277,"So_To":57,"LoaidatHT":"LUC","Khuphomoi":"Khu phố Tân Hưng","Sothuacu":277,"Sotocu":33,"Phuongcu":"Phường Tân Hưng","Nguoisudun":"Dương Thị Thủy","Quyetdinh":"Quyết định 3693/QĐ-UBND","ID":"277.57"}},{"type":"Feature","id":644,"geometry":{"type":"Polygon","coordinates":[[[107.17929067758855,10.538821097078008],[107.17913250449122,10.538848750409242],[107.17911095113099,10.538843738975727],[107.17897840843398,10.538132052904048],[107.1790828060342,10.538101591324565],[107.1793473423679,10.53808678897804],[107.17936041314083,10.538232555392016],[107.17937179465133,10.538303458859454],[107.17938826409306,10.53848973606147],[107.17942387540329,10.53865424413234],[107.17929067758855,10.538821097078008]]]},"properties":{"FID":644,"Shape_Leng":227.97330173,"Shape_Area":2956.76785006,"Sothua":276,"So_To":57,"LoaidatHT":"LUC","Khuphomoi":"Khu phố Tân Hưng","Sothuacu":276,"Sotocu":33,"Phuongcu":"Phường Tân Hưng","Nguoisudun":"Nguyễn Thị Hoa","Quyetdinh":"Quyết định 3693/QĐ-UBND","ID":"276.57"}},{"type":"Feature","id":645,"geometry":{"type":"Polygon","coordinates":[[[107.17888887976318,10.538870010154723],[107.1788705920772,10.538877390090928],[107.17876102497861,10.538193139946621],[107.17881845727163,10.538163860436354],[107.17897840843398,10.538132052904048],[107.17911095113099,10.538843738975727],[107.17888887976318,10.538870010154723]]]},"properties":{"FID":645,"Shape_Leng":208.30971226899999,"Shape_Area":2014.9353877599999,"Sothua":275,"So_To":57,"LoaidatHT":"LUC","Khuphomoi":"Khu phố Tân Hưng","Sothuacu":275,"Sotocu":33,"Phuongcu":"Phường Tân Hưng","Nguoisudun":"Phùng Văn Hoàng","Quyetdinh":"Quyết định 3693/QĐ-UBND","ID":"275.57"}},{"type":"Feature","id":646,"geometry":{"type":"Polygon","coordinates":[[[107.1788705920772,10.538877390090928],[107.17872107057563,10.538901441608346],[107.17871505245934,10.538894830077156],[107.17861345821711,10.538296666472933],[107.17861331531665,10.538225421654731],[107.17876102497861,10.538193139946621],[107.1788705920772,10.538877390090928]]]},"properties":{"FID":646,"Shape_Leng":185.78046805599999,"Shape_Area":1325.2167461900001,"Sothua":274,"So_To":57,"LoaidatHT":"LUC","Khuphomoi":"Khu phố Tân Hưng","Sothuacu":274,"Sotocu":33,"Phuongcu":"Phường Tân Hưng","Nguoisudun":"Phan Thị Hồng","Quyetdinh":"Quyết định 3693/QĐ-UBND","ID":"274.57"}},{"type":"Feature","id":647,"geometry":{"type":"Polygon","coordinates":[[[107.17929067758855,10.538821097078008],[107.17916189382083,10.538980787605038],[107.17913250449122,10.538848750409242],[107.17929067758855,10.538821097078008]]]},"properties":{"FID":647,"Shape_Leng":55.151028098099999,"Shape_Area":131.42371002600001,"Sothua":1016,"So_To":57,"LoaidatHT":"LUC","Khuphomoi":"Khu phố Tân Hưng","Sothuacu":242,"Sotocu":33,"Phuongcu":"Phường Tân Hưng","Nguoisudun":"Trần Thị Mùi","Quyetdinh":"Quyết định 3693/QĐ-UBND","ID":"1016.57"}},{"type":"Feature","id":648,"geometry":{"type":"Polygon","coordinates":[[[107.17850931527892,10.538932341331256],[107.17840351204528,10.539031060321294],[107.17840999963482,10.538882435951601],[107.17837864192967,10.538644597302937],[107.17833377329576,10.538351221926195],[107.17861345821711,10.538296666472933],[107.17871505245934,10.538894830077156],[107.17850931527892,10.538932341331256]]]},"properties":{"FID":648,"Shape_Leng":212.97827247000001,"Shape_Area":2189.9387242799999,"Sothua":265,"So_To":57,"LoaidatHT":"LUC","Khuphomoi":"Khu phố Tân Hưng","Sothuacu":265,"Sotocu":33,"Phuongcu":"Phường Tân Hưng","Nguoisudun":"Nguyễn Thị Hoa","Quyetdinh":"Quyết định 3693/QĐ-UBND","ID":"265.57"}},{"type":"Feature","id":649,"geometry":{"type":"Polygon","coordinates":[[[107.17920717386684,10.539184221418767],[107.17910796092198,10.539196079463078],[107.1791877887426,10.539097128839213],[107.17920717386684,10.539184221418767]]]},"properties":{"FID":649,"Shape_Leng":34.817980809700003,"Shape_Area":53.729983595299998,"Sothua":1015,"So_To":57,"LoaidatHT":"LUC","Khuphomoi":"Khu phố Tân Hưng","Sothuacu":241,"Sotocu":33,"Phuongcu":"Phường Tân Hưng","Nguoisudun":"Phùng Văn Hoàng","Quyetdinh":"Quyết định 3693/QĐ-UBND","ID":"1015.57"}},{"type":"Feature","id":650,"geometry":{"type":"Polygon","coordinates":[[[107.17898431507999,10.539201159935921],[107.178764718563,10.539213258511845],[107.17874740577831,10.539137824360157],[107.17872910866528,10.539001902952378],[107.17872107057563,10.538901441608346],[107.1788705920772,10.538877390090928],[107.17888887976318,10.538870010154723],[107.17911095113099,10.538843738975727],[107.17913250449122,10.538848750409242],[107.17916189382083,10.538980787605038],[107.17898431507999,10.539201159935921]]]},"properties":{"FID":650,"Shape_Leng":150.76561281799999,"Shape_Area":1478.3407909800001,"Sothua":241,"So_To":57,"LoaidatHT":"LUC","Khuphomoi":"Khu phố Tân Hưng","Sothuacu":241,"Sotocu":33,"Phuongcu":"Phường Tân Hưng","Nguoisudun":"Phùng Văn Hoàng","Quyetdinh":"Quyết định 3693/QĐ-UBND","ID":"241.57"}},{"type":"Feature","id":651,"geometry":{"type":"Polygon","coordinates":[[[107.17967848852706,10.539212012788445],[107.17955558871526,10.539217578211705],[107.17952581894944,10.539109392620894],[107.17946607530942,10.538805954008795],[107.1795376526304,10.538786102212988],[107.17962610569705,10.538780837382436],[107.17980320713096,10.538763797044268],[107.17981786223075,10.538992292907983],[107.17983858344897,10.539151907177558],[107.17983120543509,10.539189323430108],[107.17967848852706,10.539212012788445]]]},"properties":{"FID":651,"Shape_Leng":161.66827902700001,"Shape_Area":1635.53315314,"Sothua":243,"So_To":57,"LoaidatHT":"LUC","Khuphomoi":"Khu phố Tân Hưng","Sothuacu":243,"Sotocu":33,"Phuongcu":"Phường Tân Hưng","Nguoisudun":"Trần Thị Mùi","Quyetdinh":"Quyết định 3693/QĐ-UBND","ID":"243.57"}},{"type":"Feature","id":652,"geometry":{"type":"Polygon","coordinates":[[[107.18010711945246,10.539247593762974],[107.17997763550709,10.539256582265619],[107.17997171309969,10.539197894232444],[107.18009651066286,10.538756550501645],[107.18013292161321,10.538731029033737],[107.18022171835491,10.538737879087037],[107.18040339551818,10.538766505455605],[107.18032292582714,10.538901887071111],[107.18024075909238,10.539016380613466],[107.18018538769876,10.539117089849327],[107.18013841637126,10.539220888277882],[107.18010711945246,10.539247593762974]]]},"properties":{"FID":652,"Shape_Leng":168.933945123,"Shape_Area":1417.6434707200001,"Sothua":245,"So_To":57,"LoaidatHT":"LUC","Khuphomoi":"Khu phố Tân Hưng","Sothuacu":245,"Sotocu":33,"Phuongcu":"Phường Tân Hưng","Nguoisudun":"Nguyễn Thanh Quang","Quyetdinh":"Quyết định 3693/QĐ-UBND","ID":"245.57"}},{"type":"Feature","id":653,"geometry":{"type":"Polygon","coordinates":[[[107.17997763550709,10.539256582265619],[107.17992961342176,10.539285698654007],[107.17990087200046,10.539264490774666],[107.17986402201311,10.539230610362381],[107.17983120543509,10.539189323430108],[107.17983858344897,10.539151907177558],[107.17981786223075,10.538992292907983],[107.17980320713096,10.538763797044268],[107.18007709049152,10.538733821462097],[107.18009651066286,10.538756550501645],[107.17997171309969,10.539197894232444],[107.17997763550709,10.539256582265619]]]},"properties":{"FID":653,"Shape_Leng":159.46415354300001,"Shape_Area":1271.3268159500001,"Sothua":244,"So_To":57,"LoaidatHT":"LUC","Khuphomoi":"Khu phố Tân Hưng","Sothuacu":244,"Sotocu":33,"Phuongcu":"Phường Tân Hưng","Nguoisudun":"Nguyễn Thanh Quang","Quyetdinh":"Quyết định 3693/QĐ-UBND","ID":"244.57"}},{"type":"Feature","id":654,"geometry":{"type":"Polygon","coordinates":[[[107.17951362794945,10.539279705225322],[107.17923519638852,10.539298009176816],[107.17920717386684,10.539184221418767],[107.1791877887426,10.539097128839213],[107.17943598714325,10.538789477770543],[107.17946607530942,10.538805954008795],[107.17952581894944,10.539109392620894],[107.17955558871526,10.539217578211705],[107.17955787245243,10.539267217956075],[107.17951362794945,10.539279705225322]]]},"properties":{"FID":654,"Shape_Leng":157.84609319399999,"Shape_Area":1444.93893164,"Sothua":242,"So_To":57,"LoaidatHT":"LUC","Khuphomoi":"Khu phố Tân Hưng","Sothuacu":242,"Sotocu":33,"Phuongcu":"Phường Tân Hưng","Nguoisudun":"Trần Thị Mùi","Quyetdinh":"Quyết định 3693/QĐ-UBND","ID":"242.57"}},{"type":"Feature","id":655,"geometry":{"type":"Polygon","coordinates":[[[107.17898431507999,10.539201159935921],[107.17878980174972,10.539444461978167],[107.178764718563,10.539213258511845],[107.17898431507999,10.539201159935921]]]},"properties":{"FID":655,"Shape_Leng":84.134251088300005,"Shape_Area":309.36582632099999,"Sothua":1014,"So_To":57,"LoaidatHT":"LUC","Khuphomoi":"Khu phố Tân Hưng","Sothuacu":221,"Sotocu":33,"Phuongcu":"Phường Tân Hưng","Nguoisudun":"Nguyễn Văn Trưa","Quyetdinh":"Quyết định 3693/QĐ-UBND","ID":"1014.57"}},{"type":"Feature","id":656,"geometry":{"type":"Polygon","coordinates":[[[107.17969864302115,10.539579933602074],[107.17963102418844,10.539583699252164],[107.17958616797434,10.539332545852794],[107.17955787245243,10.539267217956075],[107.17955558871526,10.539217578211705],[107.17967848852706,10.539212012788445],[107.17983120543509,10.539189323430108],[107.17986402201311,10.539230610362381],[107.17990087200046,10.539264490774666],[107.17992961342176,10.539285698654007],[107.1799296676644,10.53935558649327],[107.17991158272795,10.539451752028411],[107.17991460570356,10.539497144168688],[107.17993507169921,10.539546997554742],[107.17969864302115,10.539579933602074]]]},"properties":{"FID":656,"Shape_Leng":150.30328665499999,"Shape_Area":1409.4957136099999,"Sothua":223,"So_To":57,"LoaidatHT":"LUC","Khuphomoi":"Khu phố Tân Hưng","Sothuacu":223,"Sotocu":33,"Phuongcu":"Phường Tân Hưng","Nguoisudun":"Ngô Thị Tám","Quyetdinh":"Quyết định 3693/QĐ-UBND","ID":"223.57"}},{"type":"Feature","id":657,"geometry":{"type":"Polygon","coordinates":[[[107.17963102418844,10.539583699252164],[107.1792934453017,10.539619435888696],[107.17926861303877,10.539608994358192],[107.17925740707356,10.539492162431682],[107.17923519638852,10.539298009176816],[107.17951362794945,10.539279705225322],[107.17955787245243,10.539267217956075],[107.17958616797434,10.539332545852794],[107.17963102418844,10.539583699252164]]]},"properties":{"FID":657,"Shape_Leng":146.40260938,"Shape_Area":1353.3085415,"Sothua":222,"So_To":57,"LoaidatHT":"LUC","Khuphomoi":"Khu phố Tân Hưng","Sothuacu":222,"Sotocu":33,"Phuongcu":"Phường Tân Hưng","Nguoisudun":"Ngô Thị Tám","Quyetdinh":"Quyết định 3693/QĐ-UBND","ID":"222.57"}},{"type":"Feature","id":658,"geometry":{"type":"Polygon","coordinates":[[[107.17909131335286,10.539633899033737],[107.17886825863937,10.539647962948143],[107.17881152519818,10.539644695910095],[107.17880376343683,10.539573148373526],[107.17910796092198,10.539196079463078],[107.17920717386684,10.539184221418767],[107.17923519638852,10.539298009176816],[107.17925740707356,10.539492162431682],[107.17926861303877,10.539608994358192],[107.17909131335286,10.539633899033737]]]},"properties":{"FID":658,"Shape_Leng":170.15023487299999,"Shape_Area":1659.3313090900001,"Sothua":221,"So_To":57,"LoaidatHT":"LUC","Khuphomoi":"Khu phố Tân Hưng","Sothuacu":221,"Sotocu":33,"Phuongcu":"Phường Tân Hưng","Nguoisudun":"Nguyễn Văn Trưa","Quyetdinh":"Quyết định 3693/QĐ-UBND","ID":"221.57"}},{"type":"Feature","id":659,"geometry":{"type":"Polygon","coordinates":[[[107.17878980174972,10.539444461978167],[107.17861936282421,10.539656719403421],[107.17850931527892,10.538932341331256],[107.17871505245934,10.538894830077156],[107.17872107057563,10.538901441608346],[107.17872910866528,10.539001902952378],[107.17874740577831,10.539137824360157],[107.178764718563,10.539213258511845],[107.17878980174972,10.539444461978167]]]},"properties":{"FID":659,"Shape_Leng":195.54467293100001,"Shape_Area":1604.7461878300001,"Sothua":235,"So_To":57,"LoaidatHT":"LUC","Khuphomoi":"Khu phố Tân Hưng","Sothuacu":235,"Sotocu":33,"Phuongcu":"Phường Tân Hưng","Nguoisudun":"Đặng Thị Kim Liên","Quyetdinh":"Quyết định 3693/QĐ-UBND","ID":"235.57"}},{"type":"Feature","id":660,"geometry":{"type":"Polygon","coordinates":[[[107.17877139229283,10.539657009263205],[107.17873351081673,10.539660226496334],[107.17880376343683,10.539573148373526],[107.17881152519818,10.539644695910095],[107.17877139229283,10.539657009263205]]]},"properties":{"FID":660,"Shape_Leng":29.053505766800001,"Shape_Area":36.582455222500002,"Sothua":1013,"So_To":57,"LoaidatHT":"LUC","Khuphomoi":"Khu phố Tân Hưng","Sothuacu":235,"Sotocu":33,"Phuongcu":"Phường Tân Hưng","Nguoisudun":"Đặng Thị Kim Liên","Quyetdinh":"Quyết định 3693/QĐ-UBND","ID":"1013.57"}},{"type":"Feature","id":661,"geometry":{"type":"Polygon","coordinates":[[[107.17861936282421,10.539656719403421],[107.17846911419514,10.539843831051666],[107.17845429858177,10.539831654758153],[107.17843484982355,10.539775112337864],[107.17843603802156,10.539725478473377],[107.17842985707883,10.539658562916857],[107.1783779014244,10.539343656943872],[107.17836946967402,10.539258383253003],[107.17840351204528,10.539031060321294],[107.17850931527892,10.538932341331256],[107.17861936282421,10.539656719403421]]]},"properties":{"FID":661,"Shape_Leng":215.27009240699999,"Shape_Area":1663.5289224400001,"Sothua":220,"So_To":57,"LoaidatHT":"LUC","Khuphomoi":"Khu phố Tân Hưng","Sothuacu":220,"Sotocu":33,"Phuongcu":"Phường Tân Hưng","Nguoisudun":"Nguyễn Thị Hoa","Quyetdinh":"Quyết định 3693/QĐ-UBND","ID":"220.57"}},{"type":"Feature","id":662,"geometry":{"type":"Polygon","coordinates":[[[107.17866113617131,10.539940793110622],[107.17862644868714,10.539973097458603],[107.1785411784183,10.539903042567779],[107.17863742662944,10.539779329251175],[107.17864034679604,10.539799216534892],[107.17866113617131,10.539940793110622]]]},"properties":{"FID":662,"Shape_Leng":52.677096623300002,"Shape_Area":143.30085903899999,"Sothua":1012,"So_To":57,"LoaidatHT":"LUC","Khuphomoi":"Khu phố Tân Hưng","Sothuacu":220,"Sotocu":33,"Phuongcu":"Phường Tân Hưng","Nguoisudun":"Nguyễn Thị Hoa","Quyetdinh":"Quyết định 3693/QĐ-UBND","ID":"1012.57"}},{"type":"Feature","id":663,"geometry":{"type":"Polygon","coordinates":[[[107.17928308340269,10.540086392620495],[107.17909974805178,10.54011417961172],[107.17909131335286,10.539633899033737],[107.17926861303877,10.539608994358192],[107.1792934453017,10.539619435888696],[107.17929758337911,10.539803882836644],[107.17928308340269,10.540086392620495]]]},"properties":{"FID":663,"Shape_Leng":147.72801032199999,"Shape_Area":1143.8022145100001,"Sothua":194,"So_To":57,"LoaidatHT":"LUC","Khuphomoi":"Khu phố Tân Hưng","Sothuacu":194,"Sotocu":33,"Phuongcu":"Phường Tân Hưng","Nguoisudun":"Đặng Thị Kim Liên","Quyetdinh":"Quyết định 3693/QĐ-UBND","ID":"194.57"}},{"type":"Feature","id":664,"geometry":{"type":"Polygon","coordinates":[[[107.17909974805178,10.54011417961172],[107.17885034779542,10.540145282959717],[107.17881829410705,10.540136365251238],[107.17866113617131,10.539940793110622],[107.17864034679604,10.539799216534892],[107.17863742662944,10.539779329251175],[107.17873351081673,10.539660226496334],[107.17877139229283,10.539657009263205],[107.17881152519818,10.539644695910095],[107.17886825863937,10.539647962948143],[107.17909131335286,10.539633899033737],[107.17909974805178,10.54011417961172]]]},"properties":{"FID":664,"Shape_Leng":186.333837249,"Shape_Area":2358.6619720399999,"Sothua":193,"So_To":57,"LoaidatHT":"LUC","Khuphomoi":"Khu phố Tân Hưng","Sothuacu":193,"Sotocu":33,"Phuongcu":"Phường Tân Hưng","Nguoisudun":"Đặng Thị Kim Liên","Quyetdinh":"Quyết định 3693/QĐ-UBND","ID":"193.57"}},{"type":"Feature","id":665,"geometry":{"type":"Polygon","coordinates":[[[107.17957251859903,10.540146043361293],[107.17954680079792,10.540169684416522],[107.17936625107113,10.540123701246419],[107.17933036304828,10.540112968034247],[107.17928339142664,10.540117584698041],[107.17928308340269,10.540086392620495],[107.17929758337911,10.539803882836644],[107.1792934453017,10.539619435888696],[107.17963102418844,10.539583699252164],[107.17969864302115,10.539579933602074],[107.17957251859903,10.540146043361293]]]},"properties":{"FID":665,"Shape_Leng":197.41919898800001,"Shape_Area":2245.23516281,"Sothua":195,"So_To":57,"LoaidatHT":"LUC","Khuphomoi":"Khu phố Tân Hưng","Sothuacu":195,"Sotocu":33,"Phuongcu":"Phường Tân Hưng","Nguoisudun":"Nguyễn Văn Trưa","Quyetdinh":"Quyết định 3693/QĐ-UBND","ID":"195.57"}},{"type":"Feature","id":666,"geometry":{"type":"Polygon","coordinates":[[[107.17982140738222,10.540194409801247],[107.17963274826367,10.540284933081391],[107.17957052978335,10.540184283823123],[107.17957251859903,10.540146043361293],[107.17969864302115,10.539579933602074],[107.17993507169921,10.539546997554742],[107.17994113434725,10.539579014015933],[107.17994250102613,10.539680819990078],[107.17992299882303,10.539752752327294],[107.17989364378134,10.539766622939426],[107.17989390447596,10.539773946544358],[107.17989122755381,10.539788769438417],[107.17990791865211,10.539804621191152],[107.17989974291145,10.539828746050873],[107.17988103017741,10.539868403224204],[107.17981325491566,10.539957426648643],[107.17981023850732,10.540007599090149],[107.17984346710165,10.54007302671409],[107.17986392800832,10.540126044381026],[107.17982140738222,10.540194409801247]]]},"properties":{"FID":666,"Shape_Leng":211.025978987,"Shape_Area":2017.8516476299999,"Sothua":196,"So_To":57,"LoaidatHT":"LUC","Khuphomoi":"Khu phố Tân Hưng","Sothuacu":196,"Sotocu":33,"Phuongcu":"Phường Tân Hưng","Nguoisudun":"Ngô Thị Tám","Quyetdinh":"Quyết định 3693/QĐ-UBND","ID":"196.57"}},{"type":"Feature","id":667,"geometry":{"type":"Polygon","coordinates":[[[107.17876254876255,10.540984865760407],[107.17851309181373,10.541195163918761],[107.17844282079749,10.541101099912131],[107.17838564599985,10.541039788473013],[107.17859700135014,10.540780779685855],[107.17863165877112,10.540764839070535],[107.17864914011142,10.54074850608232],[107.17869560516056,10.540721195519861],[107.17872740386089,10.540819168604481],[107.17876141178533,10.540908014222047],[107.1788023927497,10.540931323313556],[107.17876254876255,10.540984865760407]]]},"properties":{"FID":667,"Shape_Leng":142.05125830700001,"Shape_Area":1137.16134941,"Sothua":123,"So_To":57,"LoaidatHT":"LUC","Khuphomoi":"Khu phố Tân Hưng","Sothuacu":123,"Sotocu":33,"Phuongcu":"Phường Tân Hưng","Nguoisudun":"Nguyễn Thị Minh","Quyetdinh":"Quyết định 3693/QĐ-UBND","ID":"123.57"}},{"type":"Feature","id":668,"geometry":{"type":"Polygon","coordinates":[[[107.17899612714713,10.541260047033658],[107.17868971213784,10.541439865218267],[107.17865352575075,10.54139296702005],[107.17851309181373,10.541195163918761],[107.17876254876255,10.540984865760407],[107.1788023927497,10.540931323313556],[107.17908339280058,10.541205595855848],[107.17899612714713,10.541260047033658]]]},"properties":{"FID":668,"Shape_Leng":170.02640152800001,"Shape_Area":1743.1263337400001,"Sothua":108,"So_To":57,"LoaidatHT":"LUC","Khuphomoi":"Khu phố Tân Hưng","Sothuacu":108,"Sotocu":33,"Phuongcu":"Phường Tân Hưng","Nguoisudun":"Nguyễn Thị Minh","Quyetdinh":"Quyết định 3693/QĐ-UBND","ID":"108.57"}},{"type":"Feature","id":669,"geometry":{"type":"Polygon","coordinates":[[[107.17702010165655,10.541608808574246],[107.17691973085891,10.54163475639241],[107.17676637799742,10.541259542042427],[107.17711650657324,10.541157920966008],[107.17720093991113,10.541423746305602],[107.17706632434248,10.541590376226472],[107.17702010165655,10.541608808574246]]]},"properties":{"FID":669,"Shape_Leng":155.98017856999999,"Shape_Area":1566.52735237,"Sothua":97,"So_To":57,"LoaidatHT":"LUC","Khuphomoi":"Khu phố Tân Hưng","Sothuacu":97,"Sotocu":33,"Phuongcu":"Phường Tân Hưng","Nguoisudun":"Đinh Văn Ánh","Quyetdinh":"Quyết định 3693/QĐ-UBND","ID":"97.57"}},{"type":"Feature","id":670,"geometry":{"type":"Polygon","coordinates":[[[107.17661744949481,10.54170328306537],[107.17653831790501,10.541706936660402],[107.17640539101012,10.541402913268291],[107.17662340151321,10.54130105376114],[107.17676637799742,10.541259542042427],[107.17691973085891,10.54163475639241],[107.17661744949481,10.54170328306537]]]},"properties":{"FID":670,"Shape_Leng":166.77029656299999,"Shape_Area":1773.61341068,"Sothua":84,"So_To":57,"LoaidatHT":"LUC","Khuphomoi":"Khu phố Tân Hưng","Sothuacu":84,"Sotocu":33,"Phuongcu":"Phường Tân Hưng","Nguoisudun":"Phạm Thành Nhân","Quyetdinh":"Quyết định 3693/QĐ-UBND","ID":"84.57"}},{"type":"Feature","id":671,"geometry":{"type":"Polygon","coordinates":[[[107.17924357078998,10.541696819233296],[107.17917320138554,10.5417547358905],[107.17899612714713,10.541260047033658],[107.17908339280058,10.541205595855848],[107.17914084940357,10.541163477359211],[107.17918975830675,10.541198826601725],[107.17922154875075,10.541251322497434],[107.17923863438166,10.541350896265051],[107.17922990667634,10.541426012626216],[107.17919426903319,10.541478024913978],[107.17923771117593,10.541603955771134],[107.17924654291728,10.541670334213574],[107.17924357078998,10.541696819233296]]]},"properties":{"FID":671,"Shape_Leng":152.188120153,"Shape_Area":984.15702356400004,"Sothua":98,"So_To":57,"LoaidatHT":"LUC","Khuphomoi":"Khu phố Tân Hưng","Sothuacu":98,"Sotocu":33,"Phuongcu":"Phường Tân Hưng","Nguoisudun":"Nguyễn Thị Minh","Quyetdinh":"Quyết định 3693/QĐ-UBND","ID":"98.57"}},{"type":"Feature","id":672,"geometry":{"type":"Polygon","coordinates":[[[107.1775837074368,10.541633336233927],[107.17727611929966,10.541754834616793],[107.17726016766316,10.541734643843201],[107.17720186893824,10.541588404885808],[107.1773411770902,10.541415108628627],[107.1774468448135,10.5413821965036],[107.17748021308209,10.541371769090762],[107.17758904468853,10.541612731402809],[107.1775837074368,10.541633336233927]]]},"properties":{"FID":672,"Shape_Leng":128.50737664600001,"Shape_Area":1079.2238850199999,"Sothua":85,"So_To":57,"LoaidatHT":"LUC","Khuphomoi":"Khu phố Tân Hưng","Sothuacu":85,"Sotocu":33,"Phuongcu":"Phường Tân Hưng","Nguoisudun":"Phan Thanh Nhựt","Quyetdinh":"Quyết định 3693/QĐ-UBND","ID":"85.57"}},{"type":"Feature","id":673,"geometry":{"type":"Polygon","coordinates":[[[107.17906183965061,10.541795672089108],[107.17901678980698,10.54179812264211],[107.17890126114231,10.541769977429071],[107.17886211477094,10.541692876148016],[107.17868971213784,10.541439865218267],[107.17899612714713,10.541260047033658],[107.17917320138554,10.5417547358905],[107.17914684743056,10.541776387513851],[107.17906183965061,10.541795672089108]]]},"properties":{"FID":673,"Shape_Leng":171.646981326,"Shape_Area":1728.3588142999999,"Sothua":87,"So_To":57,"LoaidatHT":"LUC","Khuphomoi":"Khu phố Tân Hưng","Sothuacu":87,"Sotocu":33,"Phuongcu":"Phường Tân Hưng","Nguoisudun":"Nguyễn Thị Minh","Quyetdinh":"Quyết định 3693/QĐ-UBND","ID":"87.57"}},{"type":"Feature","id":674,"geometry":{"type":"Polygon","coordinates":[[[107.17726016766316,10.541734643843201],[107.17703585644507,10.541794885857493],[107.17720186893824,10.541588404885808],[107.17726016766316,10.541734643843201]]]},"properties":{"FID":674,"Shape_Leng":72.035817541,"Shape_Area":219.96161476500001,"Sothua":1004,"So_To":57,"LoaidatHT":"LUC","Khuphomoi":"Khu phố Tân Hưng","Sothuacu":74,"Sotocu":33,"Phuongcu":"Phường Tân Hưng","Nguoisudun":"Đinh Văn Ánh","Quyetdinh":"Quyết định 3693/QĐ-UBND","ID":"1004.57"}},{"type":"Feature","id":675,"geometry":{"type":"Polygon","coordinates":[[[107.17737895235923,10.54187996934586],[107.17733342554767,10.54189344857279],[107.17727611929966,10.541754834616793],[107.1775837074368,10.541633336233927],[107.1776017864965,10.541639516786764],[107.17764449398364,10.541767435103687],[107.17737895235923,10.54187996934586]]]},"properties":{"FID":675,"Shape_Leng":106.661495022,"Shape_Area":621.24098706100006,"Sothua":75,"So_To":57,"LoaidatHT":"LUC","Khuphomoi":"Khu phố Tân Hưng","Sothuacu":75,"Sotocu":33,"Phuongcu":"Phường Tân Hưng","Nguoisudun":"Nguyễn Xuân Trường","Quyetdinh":"Quyết định 3693/QĐ-UBND","ID":"75.57"}},{"type":"Feature","id":676,"geometry":{"type":"Polygon","coordinates":[[[107.17686440043812,10.541840929320484],[107.17659001325329,10.541914614629503],[107.17654620041138,10.541792208829627],[107.17654238478144,10.541780448439871],[107.17653831790501,10.541706936660402],[107.17661744949481,10.54170328306537],[107.17691973085891,10.54163475639241],[107.17702010165655,10.541608808574246],[107.17706632434248,10.541590376226472],[107.17686440043812,10.541840929320484]]]},"properties":{"FID":676,"Shape_Leng":149.907426681,"Shape_Area":976.63303597399999,"Sothua":1035,"So_To":57,"LoaidatHT":"LUC","Khuphomoi":"Khu phố Tân Hưng","Sothuacu":74,"Sotocu":33,"Phuongcu":"Phường Tân Hưng","Nguoisudun":"Đinh Văn Ánh","Quyetdinh":"Quyết định 3693/QĐ-UBND","ID":"1035.57"}},{"type":"Feature","id":677,"geometry":{"type":"Polygon","coordinates":[[[107.17618474437234,10.541892453133986],[107.17605932896373,10.541923417449288],[107.1759563856593,10.541611944371573],[107.17613751840429,10.541536816959953],[107.17614218497623,10.541534882328262],[107.17620619633971,10.541508333487567],[107.17640539101012,10.541402913268291],[107.17653831790501,10.541706936660402],[107.17654238478144,10.541780448439871],[107.17618474437234,10.541892453133986]]]},"properties":{"FID":677,"Shape_Leng":190.66847267099999,"Shape_Area":2235.8915816799999,"Sothua":73,"So_To":57,"LoaidatHT":"LUC","Khuphomoi":"Khu phố Tân Hưng","Sothuacu":73,"Sotocu":33,"Phuongcu":"Phường Tân Hưng","Nguoisudun":"Phạm Thành Nhân","Quyetdinh":"Quyết định 3693/QĐ-UBND","ID":"73.57"}},{"type":"Feature","id":678,"geometry":{"type":"Polygon","coordinates":[[[107.17852852340037,10.541893981882195],[107.17840975056298,10.54194014776651],[107.17817880219269,10.541378909068969],[107.17816084923136,10.541353380648438],[107.17816679994716,10.541347153071968],[107.1781861748523,10.541295110947312],[107.17821090745718,10.541260708716148],[107.17838564599985,10.541039788473013],[107.17844282079749,10.541101099912131],[107.17851309181373,10.541195163918761],[107.17865352575075,10.54139296702005],[107.17868971213784,10.541439865218267],[107.17886211477094,10.541692876148016],[107.17890126114231,10.541769977429071],[107.17883169050019,10.541791097907693],[107.17860427581348,10.541839871280288],[107.17854996762148,10.541859031060381],[107.17852852340037,10.541893981882195]]]},"properties":{"FID":678,"Shape_Leng":270.29849152100002,"Shape_Area":4045.9130694999999,"Sothua":86,"So_To":57,"LoaidatHT":"LUC","Khuphomoi":"Khu phố Tân Hưng","Sothuacu":86,"Sotocu":33,"Phuongcu":"Phường Tân Hưng","Nguoisudun":"Phan Thanh Nhựt","Quyetdinh":"Quyết định 3693/QĐ-UBND","ID":"86.57"}},{"type":"Feature","id":679,"geometry":{"type":"Polygon","coordinates":[[[107.17705185984582,10.541975393928638],[107.17684150759858,10.542036674061949],[107.17703585644507,10.541794885857493],[107.17726016766316,10.541734643843201],[107.17727611929966,10.541754834616793],[107.17733342554767,10.54189344857279],[107.17705185984582,10.541975393928638]]]},"properties":{"FID":679,"Shape_Leng":135.17783963599999,"Shape_Area":800.59530252900004,"Sothua":65,"So_To":57,"LoaidatHT":"LUC","Khuphomoi":"Khu phố Tân Hưng","Sothuacu":65,"Sotocu":33,"Phuongcu":"Phường Tân Hưng","Nguoisudun":"Nguyễn Xuân Trường","Quyetdinh":"Quyết định 3693/QĐ-UBND","ID":"65.57"}},{"type":"Feature","id":680,"geometry":{"type":"Polygon","coordinates":[[[107.17666466698354,10.542089469842617],[107.17664669309637,10.542095268572714],[107.17659001325329,10.541914614629503],[107.17686440043812,10.541840929320484],[107.17666466698354,10.542089469842617]]]},"properties":{"FID":680,"Shape_Leng":89.262261362299995,"Shape_Area":345.58146267299998,"Sothua":1003,"So_To":57,"LoaidatHT":"LUC","Khuphomoi":"Khu phố Tân Hưng","Sothuacu":65,"Sotocu":33,"Phuongcu":"Phường Tân Hưng","Nguoisudun":"Nguyễn Xuân Trường","Quyetdinh":"Quyết định 3693/QĐ-UBND","ID":"1003.57"}},{"type":"Feature","id":681,"geometry":{"type":"Polygon","coordinates":[[[107.17550407747076,10.54212393655666],[107.17547874795711,10.54213492038572],[107.17547610691555,10.542130304689849],[107.1753770694976,10.541782132169873],[107.1754648391361,10.541752094035413],[107.17573049820028,10.541675003581554],[107.17587756972316,10.541642721819375],[107.1759234742547,10.541622281729305],[107.1759563856593,10.541611944371573],[107.17605932896373,10.541923417449288],[107.17606350898274,10.541936082771223],[107.17595617172287,10.541974402658976],[107.17550407747076,10.54212393655666]]]},"properties":{"FID":681,"Shape_Leng":212.31597536500001,"Shape_Area":2630.0627100299998,"Sothua":85,"So_To":56,"LoaidatHT":"LUC","Khuphomoi":"Khu phố Tân Hưng","Sothuacu":85,"Sotocu":32,"Phuongcu":"Phường Tân Hưng","Nguoisudun":"Hồ Lý Minh","Quyetdinh":"Quyết định 3693/QĐ-UBND","ID":"85.56"}},{"type":"Feature","id":682,"geometry":{"type":"Polygon","coordinates":[[[107.17807492746117,10.54206593779149],[107.17782085387474,10.542153087579518],[107.17780021964053,10.542095277109873],[107.17764449398364,10.541767435103687],[107.1776017864965,10.541639516786764],[107.1775837074368,10.541633336233927],[107.17758904468853,10.541612731402809],[107.17762570031225,10.541603485221486],[107.17769648284879,10.541569076922604],[107.17787506999684,10.541490922079431],[107.17816084923136,10.541353380648438],[107.17817880219269,10.541378909068969],[107.17840975056298,10.54194014776651],[107.17816698519734,10.542039162007447],[107.17807492746117,10.54206593779149]]]},"properties":{"FID":682,"Shape_Leng":274.35322398099999,"Shape_Area":4694.5881212699996,"Sothua":76,"So_To":57,"LoaidatHT":"LUC","Khuphomoi":"Khu phố Tân Hưng","Sothuacu":76,"Sotocu":33,"Phuongcu":"Phường Tân Hưng","Nguoisudun":"Trần Bình","Quyetdinh":"Quyết định 3693/QĐ-UBND","ID":"76.57"}},{"type":"Feature","id":683,"geometry":{"type":"Polygon","coordinates":[[[107.17757071543234,10.542236537001138],[107.17755636423693,10.542239765702801],[107.17737895235923,10.54187996934586],[107.17764449398364,10.541767435103687],[107.17780021964053,10.542095277109873],[107.17782085387474,10.542153087579518],[107.17762622268927,10.542210960167489],[107.17757071543234,10.542236537001138]]]},"properties":{"FID":683,"Shape_Leng":153.35357126599999,"Shape_Area":1415.2590411599999,"Sothua":66,"So_To":57,"LoaidatHT":"LUC","Khuphomoi":"Khu phố Tân Hưng","Sothuacu":66,"Sotocu":33,"Phuongcu":"Phường Tân Hưng","Nguoisudun":"Nguyễn Xuân Trường","Quyetdinh":"Quyết định 3693/QĐ-UBND","ID":"66.57"}},{"type":"Feature","id":684,"geometry":{"type":"Polygon","coordinates":[[[107.17614217153175,10.542235124537463],[107.17608264698551,10.542258613844851],[107.17595617172287,10.541974402658976],[107.17606350898274,10.541936082771223],[107.17619066293798,10.541903222039636],[107.17654620041138,10.541792208829627],[107.17659001325329,10.541914614629503],[107.17664669309637,10.542095268572714],[107.17643413370666,10.542164319284485],[107.17614217153175,10.542235124537463]]]},"properties":{"FID":684,"Shape_Leng":201.78016899299999,"Shape_Area":2309.3753895300001,"Sothua":55,"So_To":57,"LoaidatHT":"LUC","Khuphomoi":"Khu phố Tân Hưng","Sothuacu":55,"Sotocu":33,"Phuongcu":"Phường Tân Hưng","Nguoisudun":"Lê Trọng Thưởng","Quyetdinh":"Quyết định 3693/QĐ-UBND","ID":"55.57"}},{"type":"Feature","id":685,"geometry":{"type":"Polygon","coordinates":[[[107.17547610691555,10.542130304689849],[107.1750870054576,10.542258253756332],[107.17504630141545,10.542134948664103],[107.17503138062527,10.542100384522922],[107.17498726255633,10.541945882397885],[107.17504086958928,10.5419107187275],[107.1753770694976,10.541782132169873],[107.17547610691555,10.542130304689849]]]},"properties":{"FID":685,"Shape_Leng":167.692107548,"Shape_Area":1770.88205687,"Sothua":73,"So_To":56,"LoaidatHT":"LUC","Khuphomoi":"Khu phố Tân Hưng","Sothuacu":73,"Sotocu":32,"Phuongcu":"Phường Tân Hưng","Nguoisudun":"Hồ Lý Minh","Quyetdinh":"Quyết định 3693/QĐ-UBND","ID":"73.56"}},{"type":"Feature","id":686,"geometry":{"type":"Polygon","coordinates":[[[107.17666466698354,10.542089469842617],[107.17648170964735,10.542317128826337],[107.17647227198771,10.542291959265683],[107.17643413370666,10.542164319284485],[107.17664669309637,10.542095268572714],[107.17666466698354,10.542089469842617]]]},"properties":{"FID":686,"Shape_Leng":76.444633641699994,"Shape_Area":236.47792447699999,"Sothua":1002,"So_To":57,"LoaidatHT":"LUC","Khuphomoi":"Khu phố Tân Hưng","Sothuacu":40,"Sotocu":33,"Phuongcu":"Phường Tân Hưng","Nguoisudun":"Nguyễn Xuân Trường","Quyetdinh":"Quyết định 3693/QĐ-UBND","ID":"1002.57"}},{"type":"Feature","id":687,"geometry":{"type":"Polygon","coordinates":[[[107.1772191851159,10.542354700995672],[107.17716533181775,10.542374675391535],[107.17705185984582,10.541975393928638],[107.17733342554767,10.54189344857279],[107.17737895235923,10.54187996934586],[107.17755636423693,10.542239765702801],[107.17752665691742,10.542246583413407],[107.17739634608394,10.542306289801452],[107.1772191851159,10.542354700995672]]]},"properties":{"FID":687,"Shape_Leng":173.00443584199999,"Shape_Area":1869.2000154499999,"Sothua":56,"So_To":57,"LoaidatHT":"LUC","Khuphomoi":"Khu phố Tân Hưng","Sothuacu":56,"Sotocu":33,"Phuongcu":"Phường Tân Hưng","Nguoisudun":"Nguyễn Xuân Trường","Quyetdinh":"Quyết định 3693/QĐ-UBND","ID":"56.57"}},{"type":"Feature","id":688,"geometry":{"type":"Polygon","coordinates":[[[107.1758291257101,10.54239241509312],[107.17557226378993,10.542455327646444],[107.17551087456802,10.542252242378128],[107.17547874795711,10.54213492038572],[107.17550407747076,10.54212393655666],[107.17595617172287,10.541974402658976],[107.17608264698551,10.542258613844851],[107.17608195048277,10.542289352852608],[107.17584956003765,10.542360446695129],[107.1758291257101,10.54239241509312]]]},"properties":{"FID":688,"Shape_Leng":189.671449671,"Shape_Area":2180.0109096800002,"Sothua":63,"So_To":56,"LoaidatHT":"LUC","Khuphomoi":"Khu phố Tân Hưng","Sothuacu":63,"Sotocu":32,"Phuongcu":"Phường Tân Hưng","Nguoisudun":"Hồ Lý Minh","Quyetdinh":"Quyết định 3693/QĐ-UBND","ID":"63.56"}},{"type":"Feature","id":689,"geometry":{"type":"Polygon","coordinates":[[[107.17713102967313,10.542395588040911],[107.17694387423805,10.542462696401165],[107.17680702876385,10.54230133573842],[107.17674315146135,10.542158912109404],[107.17684150759858,10.542036674061949],[107.17705185984582,10.541975393928638],[107.17716533181775,10.542374675391535],[107.17713102967313,10.542395588040911]]]},"properties":{"FID":689,"Shape_Leng":153.94233386900001,"Shape_Area":1571.8538463699999,"Sothua":49,"So_To":57,"LoaidatHT":"LUC","Khuphomoi":"Khu phố Tân Hưng","Sothuacu":49,"Sotocu":33,"Phuongcu":"Phường Tân Hưng","Nguoisudun":"Nguyễn Xuân Trường","Quyetdinh":"Quyết định 3693/QĐ-UBND","ID":"49.57"}},{"type":"Feature","id":690,"geometry":{"type":"Polygon","coordinates":[[[107.17737805187203,10.54251519764194],[107.17730424350849,10.542555387654241],[107.1772191851159,10.542354700995672],[107.17739634608394,10.542306289801452],[107.17752665691742,10.542246583413407],[107.17755636423693,10.542239765702801],[107.17757071543234,10.542236537001138],[107.17764418358429,10.542380513992578],[107.17737805187203,10.54251519764194]]]},"properties":{"FID":690,"Shape_Leng":124.67086227,"Shape_Area":842.17903312600004,"Sothua":42,"So_To":57,"LoaidatHT":"LUC","Khuphomoi":"Khu phố Tân Hưng","Sothuacu":42,"Sotocu":33,"Phuongcu":"Phường Tân Hưng","Nguoisudun":"Dương Thị Hội","Quyetdinh":"Quyết định 3693/QĐ-UBND","ID":"42.57"}},{"type":"Feature","id":691,"geometry":{"type":"Polygon","coordinates":[[[107.17607369930226,10.54260062371862],[107.17587893445811,10.542631915073475],[107.17585428432508,10.542522743844886],[107.1758291257101,10.54239241509312],[107.17584956003765,10.542360446695129],[107.17608195048277,10.542289352852608],[107.17610415096192,10.54234002342878],[107.17612947049706,10.542432921356912],[107.17614877139192,10.542470387259399],[107.17615829240319,10.54250937196956],[107.17617287552255,10.542528746132833],[107.17617225117283,10.54256988212498],[107.17607369930226,10.54260062371862]]]},"properties":{"FID":691,"Shape_Leng":123.863632426,"Shape_Area":1003.9305425,"Sothua":52,"So_To":56,"LoaidatHT":"LUC","Khuphomoi":"Khu phố Tân Hưng","Sothuacu":52,"Sotocu":32,"Phuongcu":"Phường Tân Hưng","Nguoisudun":"Hồ Lý Minh","Quyetdinh":"Quyết định 3693/QĐ-UBND","ID":"52.56"}},{"type":"Feature","id":692,"geometry":{"type":"Polygon","coordinates":[[[107.17510393272815,10.542540548869868],[107.17475555206408,10.542635208488573],[107.1747314007805,10.542552800158376],[107.1747211451116,10.542466529185994],[107.17471934811888,10.542351613280438],[107.17473935659747,10.542253644031085],[107.17477077205808,10.54221274460312],[107.17479386028434,10.542178882591497],[107.17503138062527,10.542100384522922],[107.17504630141545,10.542134948664103],[107.1750870054576,10.542258253756332],[107.17512877407242,10.542398919227763],[107.17514837697296,10.542470560004189],[107.17516241124666,10.542539117293497],[107.17510393272815,10.542540548869868]]]},"properties":{"FID":692,"Shape_Leng":177.14475854700001,"Shape_Area":2017.27835175,"Sothua":50,"So_To":56,"LoaidatHT":"LUC","Khuphomoi":"Khu phố Tân Hưng","Sothuacu":50,"Sotocu":32,"Phuongcu":"Phường Tân Hưng","Nguoisudun":"Dương Văn Lâu","Quyetdinh":"Quyết định 3693/QĐ-UBND","ID":"50.56"}},{"type":"Feature","id":693,"geometry":{"type":"Polygon","coordinates":[[[107.17648170964735,10.542317128826337],[107.17619289505022,10.542676415520088],[107.17617225117283,10.54256988212498],[107.17617287552255,10.542528746132833],[107.17619199370405,10.542516937318227],[107.17620701475776,10.542496983495848],[107.17618267917568,10.54246457202254],[107.17614877139192,10.542470387259399],[107.17612947049706,10.542432921356912],[107.17610415096192,10.54234002342878],[107.17608195048277,10.542289352852608],[107.17608264698551,10.542258613844851],[107.17614217153175,10.542235124537463],[107.17643413370666,10.542164319284485],[107.17647227198771,10.542291959265683],[107.17648170964735,10.542317128826337]]]},"properties":{"FID":693,"Shape_Leng":163.24263295599999,"Shape_Area":1292.0054233400001,"Sothua":1001,"So_To":57,"LoaidatHT":"LUC","Khuphomoi":"Khu phố Tân Hưng","Sothuacu":33,"Sotocu":33,"Phuongcu":"Phường Tân Hưng","Nguoisudun":"Dương Thị Hội","Quyetdinh":"Quyết định 3693/QĐ-UBND","ID":"1001.57"}},{"type":"Feature","id":694,"geometry":{"type":"Polygon","coordinates":[[[107.17679741648305,10.542607540932808],[107.17662037997017,10.542686963565],[107.17652442353976,10.542431051751898],[107.17674315146135,10.542158912109404],[107.17680702876385,10.54230133573842],[107.17694387423805,10.542462696401165],[107.17696442226116,10.542517613532331],[107.17679741648305,10.542607540932808]]]},"properties":{"FID":694,"Shape_Leng":157.80034878699999,"Shape_Area":1461.0970472399999,"Sothua":40,"So_To":57,"LoaidatHT":"LUC","Khuphomoi":"Khu phố Tân Hưng","Sothuacu":40,"Sotocu":33,"Phuongcu":"Phường Tân Hưng","Nguoisudun":"Nguyễn Xuân Trường","Quyetdinh":"Quyết định 3693/QĐ-UBND","ID":"40.57"}},{"type":"Feature","id":695,"geometry":{"type":"Polygon","coordinates":[[[107.17714409601822,10.542642525842128],[107.17705072115498,10.542690003266847],[107.17696442226116,10.542517613532331],[107.17694387423805,10.542462696401165],[107.17713102967313,10.542395588040911],[107.17716533181775,10.542374675391535],[107.1772191851159,10.542354700995672],[107.17730424350849,10.542555387654241],[107.17714409601822,10.542642525842128]]]},"properties":{"FID":695,"Shape_Leng":115.850478094,"Shape_Area":829.10104654600002,"Sothua":41,"So_To":57,"LoaidatHT":"LUC","Khuphomoi":"Khu phố Tân Hưng","Sothuacu":41,"Sotocu":33,"Phuongcu":"Phường Tân Hưng","Nguoisudun":"Dương Thị Hội","Quyetdinh":"Quyết định 3693/QĐ-UBND","ID":"41.57"}},{"type":"Feature","id":696,"geometry":{"type":"Polygon","coordinates":[[[107.17587650952289,10.542707855806171],[107.17566755430509,10.542754761356044],[107.17564353613319,10.542748027742599],[107.17557226378993,10.542455327646444],[107.1758291257101,10.54239241509312],[107.17585428432508,10.542522743844886],[107.17587893445811,10.542631915073475],[107.17588221572255,10.542685534808941],[107.17587650952289,10.542707855806171]]]},"properties":{"FID":696,"Shape_Leng":124.025052014,"Shape_Area":980.44950063399995,"Sothua":41,"So_To":56,"LoaidatHT":"LUC","Khuphomoi":"Khu phố Tân Hưng","Sothuacu":41,"Sotocu":32,"Phuongcu":"Phường Tân Hưng","Nguoisudun":"Lê Xuân Viễn","Quyetdinh":"Quyết định 3693/QĐ-UBND","ID":"41.56"}},{"type":"Feature","id":697,"geometry":{"type":"Polygon","coordinates":[[[107.17705072115498,10.542690003266847],[107.17688088916262,10.542776399993988],[107.17679741648305,10.542607540932808],[107.17696442226116,10.542517613532331],[107.17705072115498,10.542690003266847]]]},"properties":{"FID":697,"Shape_Leng":83.809022897600002,"Shape_Area":438.77105982099999,"Sothua":1027,"So_To":57,"LoaidatHT":"LUC","Khuphomoi":"Khu phố Tân Hưng","Sothuacu":20,"Sotocu":33,"Phuongcu":"Phường Tân Hưng","Nguoisudun":"Dương Văn Sợi","Quyetdinh":"Quyết định 3693/QĐ-UBND","ID":"1027.57"}},{"type":"Feature","id":698,"geometry":{"type":"Polygon","coordinates":[[[107.1752444438778,10.542794498237457],[107.1748807980681,10.542842659593203],[107.17480683228803,10.542819922039541],[107.17475555206408,10.542635208488573],[107.17510393272815,10.542540548869868],[107.17516241124666,10.542539117293497],[107.17518386505303,10.542598194959208],[107.1752444438778,10.542794498237457]]]},"properties":{"FID":698,"Shape_Leng":145.45853007100001,"Shape_Area":1280.59091263,"Sothua":40,"So_To":56,"LoaidatHT":"LUC","Khuphomoi":"Khu phố Tân Hưng","Sothuacu":40,"Sotocu":32,"Phuongcu":"Phường Tân Hưng","Nguoisudun":"Dương Văn Lâu","Quyetdinh":"Quyết định 3693/QĐ-UBND","ID":"40.56"}},{"type":"Feature","id":699,"geometry":{"type":"Polygon","coordinates":[[[107.17688088916262,10.542776399993988],[107.17669792135145,10.542851833396552],[107.1766664175603,10.54284192114828],[107.17661366826084,10.542709554494532],[107.17662037997017,10.542686963565],[107.17679741648305,10.542607540932808],[107.17688088916262,10.542776399993988]]]},"properties":{"FID":699,"Shape_Leng":85.7503156107,"Shape_Area":478.772813891,"Sothua":20,"So_To":57,"LoaidatHT":"LUC","Khuphomoi":"Khu phố Tân Hưng","Sothuacu":20,"Sotocu":33,"Phuongcu":"Phường Tân Hưng","Nguoisudun":"Dương Văn Sợi","Quyetdinh":"Quyết định 3693/QĐ-UBND","ID":"20.57"}},{"type":"Feature","id":700,"geometry":{"type":"Polygon","coordinates":[[[107.17531220647936,10.542861525513239],[107.17526367671685,10.542868580033192],[107.1752444438778,10.542794498237457],[107.17518386505303,10.542598194959208],[107.17516241124666,10.542539117293497],[107.17514837697296,10.542470560004189],[107.17512877407242,10.542398919227763],[107.1750870054576,10.542258253756332],[107.17547610691555,10.542130304689849],[107.17547874795711,10.54213492038572],[107.17551087456802,10.542252242378128],[107.17557226378993,10.542455327646444],[107.17564353613319,10.542748027742599],[107.175533831224,10.542781823068694],[107.17531220647936,10.542861525513239]]]},"properties":{"FID":700,"Shape_Leng":229.75419930000001,"Shape_Area":3161.0701825699998,"Sothua":51,"So_To":56,"LoaidatHT":"LUC","Khuphomoi":"Khu phố Tân Hưng","Sothuacu":51,"Sotocu":32,"Phuongcu":"Phường Tân Hưng","Nguoisudun":"Lê Xuân Viễn","Quyetdinh":"Quyết định 3693/QĐ-UBND","ID":"51.56"}},{"type":"Feature","id":701,"geometry":{"type":"Polygon","coordinates":[[[107.1766664175603,10.54284192114828],[107.17626279317074,10.542967132797708],[107.17623144057372,10.542875398945691],[107.17621895965786,10.542810994036079],[107.17652442353976,10.542431051751898],[107.17662037997017,10.542686963565],[107.17661366826084,10.542709554494532],[107.1766664175603,10.54284192114828]]]},"properties":{"FID":701,"Shape_Leng":166.55154081000001,"Shape_Area":1513.32572938,"Sothua":32,"So_To":57,"LoaidatHT":"LUC","Khuphomoi":"Khu phố Tân Hưng","Sothuacu":32,"Sotocu":33,"Phuongcu":"Phường Tân Hưng","Nguoisudun":"Lê Trọng Thưởng","Quyetdinh":"Quyết định 3693/QĐ-UBND","ID":"32.57"}},{"type":"Feature","id":702,"geometry":{"type":"Polygon","coordinates":[[[107.17619289505022,10.542676415520088],[107.17593627933493,10.542995653067067],[107.17587650952289,10.542707855806171],[107.17588221572255,10.542685534808941],[107.17587893445811,10.542631915073475],[107.17607369930226,10.54260062371862],[107.17617225117283,10.54256988212498],[107.17619289505022,10.542676415520088]]]},"properties":{"FID":702,"Shape_Leng":131.051834641,"Shape_Area":885.11186879000002,"Sothua":26,"So_To":56,"LoaidatHT":"LUC","Khuphomoi":"Khu phố Tân Hưng","Sothuacu":26,"Sotocu":32,"Phuongcu":"Phường Tân Hưng","Nguoisudun":"Dương Văn Sợi","Quyetdinh":"Quyết định 3693/QĐ-UBND","ID":"26.56"}},{"type":"Feature","id":703,"geometry":{"type":"Polygon","coordinates":[[[107.17614896382942,10.543007611503507],[107.1760355844449,10.543039076950482],[107.17621895965786,10.542810994036079],[107.17623144057372,10.542875398945691],[107.17626279317074,10.542967132797708],[107.17614896382942,10.543007611503507]]]},"properties":{"FID":703,"Shape_Leng":76.354136512099998,"Shape_Area":234.78799669899999,"Sothua":609,"So_To":56,"LoaidatHT":"LUC","Khuphomoi":"Khu phố Tân Hưng","Sothuacu":26,"Sotocu":32,"Phuongcu":"Phường Tân Hưng","Nguoisudun":"Dương Văn Sợi","Quyetdinh":"Quyết định 3693/QĐ-UBND","ID":"609.56"}},{"type":"Feature","id":704,"geometry":{"type":"Polygon","coordinates":[[[107.1758613212384,10.543088967898916],[107.17571363478781,10.543132493854465],[107.17570823027285,10.542992074596498],[107.1757163737815,10.542985670184855],[107.17571949337395,10.542978443514638],[107.17572005572414,10.542971120554229],[107.17571952371625,10.542962349979724],[107.17571706844356,10.542955835903037],[107.17570894836417,10.542949583130948],[107.17566755430509,10.542754761356044],[107.17587650952289,10.542707855806171],[107.17593627933493,10.542995653067067],[107.1758613212384,10.543088967898916]]]},"properties":{"FID":704,"Shape_Leng":129.292282441,"Shape_Area":949.81165303800003,"Sothua":18,"So_To":56,"LoaidatHT":"LUC","Khuphomoi":"Khu phố Tân Hưng","Sothuacu":18,"Sotocu":32,"Phuongcu":"Phường Tân Hưng","Nguoisudun":"Dương Văn Sợi","Quyetdinh":"Quyết định 3693/QĐ-UBND","ID":"18.56"}},{"type":"Feature","id":705,"geometry":{"type":"Polygon","coordinates":[[[107.17570228634875,10.543142689220282],[107.17566024379013,10.543149664839097],[107.175614124991,10.543137556422288],[107.17538321483573,10.543099617198356],[107.17533816239468,10.543103694153135],[107.17526668033408,10.543120922613966],[107.17526367671685,10.542868580033192],[107.17531220647936,10.542861525513239],[107.175533831224,10.542781823068694],[107.17564353613319,10.542748027742599],[107.17566755430509,10.542754761356044],[107.17570895019084,10.54294958311838],[107.17570035482785,10.542951735477715],[107.17569394414745,10.542959589437967],[107.17569373569386,10.542973602712792],[107.17569764182275,10.542985634541182],[107.17570823119253,10.542992075493981],[107.17571363478781,10.543132493854465],[107.17570228634875,10.543142689220282]]]},"properties":{"FID":705,"Shape_Leng":168.60094831999999,"Shape_Area":1664.4716242,"Sothua":16,"So_To":56,"LoaidatHT":"LUC","Khuphomoi":"Khu phố Tân Hưng","Sothuacu":16,"Sotocu":32,"Phuongcu":"Phường Tân Hưng","Nguoisudun":"Dương Văn Lâu","Quyetdinh":"Quyết định 3693/QĐ-UBND","ID":"16.56"}},{"type":"Feature","id":706,"geometry":{"type":"Polygon","coordinates":[[[107.17526668033408,10.543120922613966],[107.17492600049599,10.543151676834123],[107.17486862401384,10.543149944688532],[107.1748807980681,10.542842659593203],[107.1752444438778,10.542794498237457],[107.17526367671685,10.542868580033192],[107.17526668033408,10.543120922613966]]]},"properties":{"FID":706,"Shape_Leng":154.318954948,"Shape_Area":1506.5116502799999,"Sothua":15,"So_To":56,"LoaidatHT":"LUC","Khuphomoi":"Khu phố Tân Hưng","Sothuacu":15,"Sotocu":32,"Phuongcu":"Phường Tân Hưng","Nguoisudun":"Dương Văn Lâu","Quyetdinh":"Quyết định 3693/QĐ-UBND","ID":"15.56"}},{"type":"Feature","id":707,"geometry":{"type":"Polygon","coordinates":[[[107.15416796360066,10.483363610116935],[107.15360319375573,10.483002262548894],[107.15341523839174,10.482883652140982],[107.15264400406652,10.482386208768732],[107.15219556006542,10.482102650633829],[107.15202056946224,10.481988494113052],[107.15176218268816,10.481822736155859],[107.15135007458289,10.48156063349216],[107.1538846599294,10.476593529609437],[107.15488795395402,10.476683649303448],[107.15504066863342,10.476694603497908],[107.15527413187009,10.477281990131591],[107.15527791859139,10.477308487357499],[107.15514639528814,10.477345853145927],[107.15507381498617,10.477419583847784],[107.15490950661341,10.47759603056436],[107.15495359050902,10.47775939566097],[107.15496254537094,10.477805884043894],[107.15509440071357,10.477977369352583],[107.15525935570989,10.478084725104406],[107.15544970849727,10.478094573503713],[107.15547852592712,10.478216230736066],[107.15600834234576,10.478316943728345],[107.15569511772021,10.479173187364939],[107.15563751855362,10.47934278260049],[107.1554215559711,10.47994397634065],[107.15528936245856,10.480311974924335],[107.1552344297184,10.48047235201439],[107.15517473464844,10.480638687779276],[107.15511707566078,10.480791375482967],[107.15508133739915,10.480897451514172],[107.15499980133028,10.48111627510764],[107.15494458314252,10.481281625192386],[107.1547035360587,10.481937741036155],[107.15461012801008,10.482202291154616],[107.15459872690111,10.482240513614048],[107.15441447702131,10.482716726948885],[107.15416796360066,10.483363610116935]]]},"properties":{"FID":707,"Shape_Leng":1992.8066014200001,"Shape_Area":200740.33393600001,"Sothua":246,"So_To":74,"LoaidatHT":"NTS","Khuphomoi":"Khu phố Hương Giang","Sothuacu":0,"Sotocu":28,"Phuongcu":"phường Long Hương","Nguoisudun":" ","Quyetdinh":" ","ID":"246.74"}},{"type":"Feature","id":708,"geometry":{"type":"Polygon","coordinates":[[[107.15280231042462,10.476475052323153],[107.15281509126767,10.47647923465127],[107.15285454421628,10.476484371745157],[107.1532724622964,10.476533706881652],[107.15348088496548,10.476552179846271],[107.15387370654415,10.476592408885416],[107.1538846599294,10.476593529609437],[107.15135007458289,10.48156063349216],[107.15081804376233,10.481222255988694],[107.15069450992037,10.48114219020249],[107.15066048229646,10.481118077373273],[107.15060473142933,10.481085152632048],[107.15043038162803,10.48097027303141],[107.15053763457611,10.480823828533818],[107.15057902708267,10.480770382583446],[107.15063643338713,10.480655759153615],[107.15092864402737,10.480094402849106],[107.15100742461755,10.479935698711959],[107.15103603048219,10.479878070398907],[107.15121612174909,10.479524087148366],[107.15129223750893,10.479370169626343],[107.15134791481023,10.479251202286667],[107.15179555762862,10.478378851830962],[107.15192015247332,10.478129188917171],[107.15237850396457,10.477210747223534],[107.15238977816759,10.477190877964716],[107.1524828447813,10.477057063494779],[107.1524596145555,10.476928635305987],[107.15254070427706,10.476800222706235],[107.15272662656346,10.476499592674349],[107.15280231042462,10.476475052323153]]]},"properties":{"FID":708,"Shape_Leng":1422.30352623,"Shape_Area":68063.515172400002,"Sothua":279,"So_To":74,"LoaidatHT":"NTS","Khuphomoi":"Khu phố Hương Giang","Sothuacu":0,"Sotocu":28,"Phuongcu":"phường Long Hương","Nguoisudun":" ","Quyetdinh":" ","ID":"279.74"}},{"type":"Feature","id":709,"geometry":{"type":"Polygon","coordinates":[[[107.18188040369557,10.537192292671786],[107.18182166620701,10.537185948874702],[107.1817843099723,10.537178739128766],[107.18179397811318,10.537088345537368],[107.18185823890332,10.53677274429168],[107.18189252102341,10.536762227083535],[107.18209258641355,10.536777594424469],[107.18209437497788,10.53679902502018],[107.18204631471551,10.536899295351459],[107.18203860588213,10.537067266741943],[107.18201606275296,10.537103661402984],[107.18193480762294,10.537170149273649],[107.18188040369557,10.537192292671786]]]},"properties":{"FID":709,"Shape_Leng":138.18646330499999,"Shape_Area":1102.48394592,"Sothua":363,"So_To":57,"LoaidatHT":"LUC","Khuphomoi":"Khu phố Tân Hưng","Sothuacu":363,"Sotocu":33,"Phuongcu":"Phường Tân Hưng","Nguoisudun":"Nguyễn Thị Ninh","Quyetdinh":"Quyết định 3693/QĐ-UBND","ID":"363.57"}},{"type":"Feature","id":710,"geometry":{"type":"Polygon","coordinates":[[[107.17440890006927,10.525061776551366],[107.17427119548238,10.52509677383174],[107.17392216102074,10.525185479028877],[107.17385136273334,10.524912618121355],[107.1737916222629,10.524682373989377],[107.17432459741798,10.52455531952984],[107.17438967140433,10.524805926926843],[107.17440089222727,10.524849138203567],[107.17444180220384,10.525006685459541],[107.17440890006927,10.525061776551366]]]},"properties":{"FID":710,"Shape_Leng":231.16479720500001,"Shape_Area":3410.13785237,"Sothua":406,"So_To":102,"LoaidatHT":"DVH","Khuphomoi":"Khu phố Tân Hưng","Sothuacu":406,"Sotocu":20,"Phuongcu":"Phường Tân Hưng","Nguoisudun":"Trung tâm học tập Cộng đồng xã Tân Hưng","Quyetdinh":"Quyết định 3309/QD-UBND ngày 19/10/2021","ID":"406.102"}},{"type":"Feature","id":711,"geometry":{"type":"Polygon","coordinates":[[[107.16794098663624,10.522997548868313],[107.16789129872417,10.522790470218352],[107.16787701772867,10.522727562614833],[107.16785569820462,10.522627726973093],[107.16787370249781,10.522619595955106],[107.16813510275443,10.522501528387391],[107.16822193395473,10.522837611745473],[107.16819096151185,10.522896231231885],[107.16794098663624,10.522997548868313]]]},"properties":{"FID":711,"Shape_Leng":150.879381825,"Shape_Area":1421.7538221299999,"Sothua":914,"So_To":101,"LoaidatHT":"DYT","Khuphomoi":"Khu phố Phước Tân","Sothuacu":914,"Sotocu":19,"Phuongcu":"Phường Tân Hưng","Nguoisudun":"Trung tâm Y Tế Xã Tân Hưng","Quyetdinh":" ","ID":"914.101"}},{"type":"Feature","id":712,"geometry":{"type":"Polygon","coordinates":[[[107.16787595071173,10.523056455616585],[107.16781953980616,10.522809764216801],[107.16789126789973,10.522790502966755],[107.16794095581177,10.522997581616726],[107.16795073372708,10.523035202211064],[107.16787595071173,10.523056455616585]]]},"properties":{"FID":712,"Shape_Leng":72.4889270396,"Shape_Area":231.32273575400001,"Sothua":915,"So_To":101,"LoaidatHT":"DKV","Khuphomoi":"Khu phố Phước Tân","Sothuacu":915,"Sotocu":19,"Phuongcu":"Phường Tân Hưng","Nguoisudun":"Trụ sở ấp 2","Quyetdinh":" ","ID":"915.101"}},{"type":"Feature","id":713,"geometry":{"type":"Polygon","coordinates":[[[107.16554469823755,10.536381676169759],[107.16566492307119,10.536533879412929],[107.16153268416423,10.534382193339365],[107.16200423429504,10.534218272402734],[107.16245165316107,10.534411190336536],[107.16313423897165,10.534705514606635],[107.16371475910579,10.535006303052006],[107.16408689369968,10.53491812371052],[107.16425213794849,10.534928910799909],[107.16425552294085,10.534878165185857],[107.16506520673032,10.53468630348276],[107.16512058989862,10.534924182765359],[107.16516365211567,10.535109147134172],[107.16520840457372,10.535301364836798],[107.16530810053916,10.53572964532041],[107.16536311365543,10.535965991415315],[107.16535727995293,10.536055668673594],[107.16530808910173,10.536074835420363],[107.16537462365928,10.536161120818834],[107.16554469823755,10.536381676169759]]]},"properties":{"FID":713,"Shape_Leng":1154.58557883,"Shape_Area":31654.780286199999,"Sothua":72,"So_To":85,"LoaidatHT":"RPH","Khuphomoi":"Khu phố Tân Hưng","Sothuacu":72,"Sotocu":3,"Phuongcu":"Phường Tân Hưng","Nguoisudun":"Rừng phòng hộ","Quyetdinh":"Địa phận tờ 2, 1 phần thửa số 1 sang tờ 3, thửa 72 theo Ranh 513 theo CV 3558/VPĐK-TCT ngày 06/09/24","ID":"72.85"}},{"type":"Feature","id":714,"geometry":{"type":"Polygon","coordinates":[[[107.16191150276491,10.523032608147615],[107.1618421214685,10.523004180842493],[107.16173823161519,10.522961585608183],[107.16185968868092,10.522942191558037],[107.1619033627199,10.522748069540267],[107.16199076056971,10.522767217284759],[107.16206809694226,10.522744125677377],[107.16206892195466,10.522694219956181],[107.16205250019573,10.522681893582082],[107.16204146275402,10.522624371835253],[107.16204409421348,10.522585589796918],[107.1621215856285,10.522529045719276],[107.16220133002223,10.522488598714688],[107.16230905024648,10.52243825916127],[107.16234677915145,10.522392129066571],[107.16235988621143,10.522369821844343],[107.16235804753843,10.522327596016675],[107.16233346613723,10.522281983291562],[107.16272531452708,10.522381167415139],[107.16306680308706,10.522587304287871],[107.16342583298638,10.522745284575254],[107.16336317196266,10.522883497432927],[107.16331318657291,10.522936747565572],[107.16319394309744,10.523090226329334],[107.16305009964512,10.523207132599682],[107.16264548050179,10.523483222267211],[107.16247218759955,10.523567706753854],[107.16245082250855,10.523578141687757],[107.16240634555859,10.523599862220923],[107.1624946044174,10.523357090405101],[107.16243736115442,10.523335466645921],[107.16244871742671,10.523321293118226],[107.16237828973037,10.523265921085201],[107.16191150276491,10.523032608147615]]]},"properties":{"FID":714,"Shape_Leng":531.50372261699999,"Shape_Area":13153.6843078,"Sothua":116,"So_To":100,"LoaidatHT":"NTD","Khuphomoi":"Khu phố Phước Tân","Sothuacu":116,"Sotocu":18,"Phuongcu":"Phường Tân Hưng","Nguoisudun":"Nghĩa địa","Quyetdinh":" ","ID":"116.100"}},{"type":"Feature","id":715,"geometry":{"type":"Polygon","coordinates":[[[107.16578133501029,10.503438486508289],[107.16577500829716,10.503441042299697],[107.16570484195965,10.503315388089115],[107.1655289080246,10.503000321876787],[107.16554771100282,10.502940603690396],[107.16600722032034,10.502735003518092],[107.1660233859221,10.50272736709222],[107.16602559196994,10.502726389469588],[107.16602343804024,10.50272396746132],[107.16631886338143,10.502589887857011],[107.16632224309996,10.502594956927506],[107.16634317251874,10.502585646639455],[107.16644777188885,10.502538671615184],[107.16650065875433,10.502558234547161],[107.16650270042922,10.502567351926878],[107.16652283717369,10.502657266801252],[107.16661818765422,10.503074997909717],[107.16578133501029,10.503438486508289]]]},"properties":{"FID":715,"Shape_Leng":337.39669819400001,"Shape_Area":6709.9490251699999,"Sothua":367,"So_To":125,"LoaidatHT":"CAN","Khuphomoi":"Khu phố Hương Điền","Sothuacu":367,"Sotocu":15,"Phuongcu":"Phường Long Hương","Nguoisudun":"Công an tỉnh Bà Rịa - Vũng Tàu","Quyetdinh":" ","ID":"367.125"}},{"type":"Feature","id":716,"geometry":{"type":"Polygon","coordinates":[[[107.15839789740406,10.499462407651739],[107.15837393808199,10.499469153071576],[107.1583532660793,10.499472676600019],[107.15832927526715,10.499476727019738],[107.1582982110948,10.499480367273142],[107.15825707530219,10.499485570905559],[107.15821353544524,10.499490461879036],[107.15816570442428,10.499494866829524],[107.15813296709592,10.499496921376755],[107.15811850327933,10.499496731354363],[107.15810796866232,10.499492507963959],[107.15809629634916,10.49948476466902],[107.15808653996784,10.499474900628728],[107.15807352358605,10.499459560764421],[107.15806081122952,10.499438679278635],[107.15805144349167,10.499419016016642],[107.15804496898039,10.499396193197809],[107.15803959495013,10.499370605324339],[107.15803572111066,10.499342209007722],[107.15803362425707,10.499318517687191],[107.15803220070829,10.499299202639641],[107.15803223589531,10.499279791815306],[107.15803423450187,10.49926365667398],[107.1580392098398,10.499249552990561],[107.1580489186413,10.499235186663872],[107.15806140424488,10.499222073150861],[107.15808746435789,10.499198126309581],[107.15826656818417,10.499045257819109],[107.15830357280409,10.499111327317154],[107.15828569141262,10.499120986026547],[107.15830400110579,10.499167916610894],[107.15831557692067,10.499197421086761],[107.15830345859304,10.49920252511067],[107.15833376645708,10.499288363420094],[107.15834181854423,10.49931071003642],[107.15839789740406,10.499462407651739]]]},"properties":{"FID":716,"Shape_Leng":146.93201345,"Shape_Area":1270.5702332799999,"Sothua":31,"So_To":131,"LoaidatHT":"DKV","Khuphomoi":"Khu phố Hương Giang","Sothuacu":0,"Sotocu":53,"Phuongcu":"Phường Long Hương","Nguoisudun":" ","Quyetdinh":" ","ID":"31.131"}},{"type":"Feature","id":717,"geometry":{"type":"Polygon","coordinates":[[[107.15414020249288,10.494150530836615],[107.15419968799665,10.494285988399422],[107.15420994585376,10.494320183010752],[107.15420728982353,10.494323703358479],[107.15394132508501,10.494436309804428],[107.15387080475553,10.494481473238952],[107.15379530537032,10.494502759609114],[107.1536919122988,10.494349588988864],[107.15414020249288,10.494150530836615]]]},"properties":{"FID":717,"Shape_Leng":144.42881979200001,"Shape_Area":1057.816855,"Sothua":268,"So_To":71,"LoaidatHT":"LUK","Khuphomoi":"Khu phố Hương Giang","Sothuacu":0,"Sotocu":22,"Phuongcu":"phường Long Hương","Nguoisudun":" ","Quyetdinh":" ","ID":"268.71"}},{"type":"Feature","id":718,"geometry":{"type":"Polygon","coordinates":[[[107.15248207872283,10.494413859972003],[107.15282623354386,10.494258366834444],[107.15289520432951,10.494401978997486],[107.15298341244909,10.494611255963783],[107.15264930422754,10.494730462071326],[107.15248207872283,10.494413859972003]]]},"properties":{"FID":718,"Shape_Leng":162.525675882,"Shape_Area":1655.99886793,"Sothua":256,"So_To":71,"LoaidatHT":"LUK","Khuphomoi":"Khu phố Hương Giang","Sothuacu":256,"Sotocu":22,"Phuongcu":"phường Long Hương","Nguoisudun":"Đăng ký: HTX NN QUYẾT THẮNG; Sử dụng: HTX NN QUYẾT THẮNG.","Quyetdinh":"Quyết định 3693/QĐ-UBND","ID":"256.71"}},{"type":"Feature","id":719,"geometry":{"type":"Polygon","coordinates":[[[107.15220109387413,10.494545784097637],[107.15233561027424,10.494475968394223],[107.15248207872283,10.494413859972003],[107.15264930422754,10.494730462071326],[107.1526214064446,10.494740416084456],[107.1523763040536,10.494872189458974],[107.15220109387413,10.494545784097637]]]},"properties":{"FID":719,"Shape_Leng":148.292883405,"Shape_Area":1366.60929728,"Sothua":243,"So_To":71,"LoaidatHT":"LUK","Khuphomoi":"Khu phố Hương Giang","Sothuacu":243,"Sotocu":22,"Phuongcu":"phường Long Hương","Nguoisudun":"Đăng ký: HTX NN QUYẾT THẮNG; Sử dụng: HTX NN QUYẾT THẮNG.","Quyetdinh":"Quyết định 3693/QĐ-UBND","ID":"243.71"}},{"type":"Feature","id":720,"geometry":{"type":"Polygon","coordinates":[[[107.15220109387413,10.494545784097637],[107.1523763040536,10.494872189458974],[107.15206503355903,10.495039534683539],[107.15193018343786,10.494807466890332],[107.15187781659139,10.494723376722323],[107.15220109387413,10.494545784097637]]]},"properties":{"FID":720,"Shape_Leng":160.718867856,"Shape_Area":1608.7106879400001,"Sothua":238,"So_To":71,"LoaidatHT":"LUK","Khuphomoi":"Khu phố Hương Giang","Sothuacu":238,"Sotocu":22,"Phuongcu":"phường Long Hương","Nguoisudun":"Đăng ký: HTX NN QUYẾT THẮNG; Sử dụng: HTX NN QUYẾT THẮNG.","Quyetdinh":"Quyết định 3693/QĐ-UBND","ID":"238.71"}},{"type":"Feature","id":721,"geometry":{"type":"Polygon","coordinates":[[[107.1523305571023,10.495489921188547],[107.15229623515889,10.495428286553274],[107.15225479503181,10.495362388867685],[107.15221018738121,10.495281387033039],[107.15217020028948,10.495220374629451],[107.15248619619216,10.49507694333747],[107.15264300640609,10.495004909359475],[107.15276140892658,10.495286943449649],[107.15273378745512,10.495303708679247],[107.15260583357244,10.495381582967532],[107.1523305571023,10.495489921188547]]]},"properties":{"FID":721,"Shape_Leng":177.851946911,"Shape_Area":1911.96571335,"Sothua":219,"So_To":71,"LoaidatHT":"LUK","Khuphomoi":"Khu phố Hương Giang","Sothuacu":0,"Sotocu":22,"Phuongcu":"phường Long Hương","Nguoisudun":" ","Quyetdinh":" ","ID":"219.71"}},{"type":"Feature","id":722,"geometry":{"type":"Polygon","coordinates":[[[107.15217020028948,10.495220374629451],[107.15206503355903,10.495039534683539],[107.1523763040536,10.494872189458974],[107.1526214064446,10.494740416084456],[107.15264930422754,10.494730462071326],[107.15298341244909,10.494611255963783],[107.15307135920155,10.494579877305588],[107.15318941753003,10.494743394335098],[107.15304093101018,10.494821760392629],[107.15286859031161,10.494893946778538],[107.15276161155921,10.494943201072392],[107.15264300640609,10.495004909359475],[107.15248619619216,10.49507694333747],[107.15217020028948,10.495220374629451]]]},"properties":{"FID":722,"Shape_Leng":290.53749519299998,"Shape_Area":3059.9998908799998,"Sothua":257,"So_To":71,"LoaidatHT":"LUK","Khuphomoi":"Khu phố Hương Giang","Sothuacu":257,"Sotocu":22,"Phuongcu":"phường Long Hương","Nguoisudun":"Đăng ký: HTX NN QUYẾT THẮNG; Sử dụng: HTX NN QUYẾT THẮNG.","Quyetdinh":"Quyết định 3693/QĐ-UBND","ID":"257.71"}},{"type":"Feature","id":723,"geometry":{"type":"Polygon","coordinates":[[[107.15302310279381,10.494352854075713],[107.15306040112833,10.494339272527528],[107.15321092149938,10.494546416158673],[107.15307135920155,10.494579877305588],[107.15295218449418,10.494414833972877],[107.15302310279381,10.494352854075713]]]},"properties":{"FID":723,"Shape_Leng":81.110876905699996,"Shape_Area":376.55013460399999,"Sothua":1084,"So_To":71,"LoaidatHT":"HNK","Khuphomoi":"Khu phố Hương Giang","Sothuacu":0,"Sotocu":22,"Phuongcu":"phường Long Hương","Nguoisudun":" ","Quyetdinh":" ","ID":"1084.71"}},{"type":"Feature","id":724,"geometry":{"type":"Polygon","coordinates":[[[107.14645580268092,10.492867924429545],[107.1467455766723,10.492726167253647],[107.14686013103898,10.493010999213931],[107.14676961703911,10.493048799903214],[107.14673749844638,10.492982286884789],[107.14653709701753,10.493061920000898],[107.14645580268092,10.492867924429545]]]},"properties":{"FID":724,"Shape_Leng":135.11235061100001,"Shape_Area":952.86553101100003,"Sothua":507,"So_To":23,"LoaidatHT":"LUK","Khuphomoi":"Khu phố Núi Dinh","Sothuacu":0,"Sotocu":23,"Phuongcu":"Phường Kim Dinh","Nguoisudun":" ","Quyetdinh":" ","ID":"507.23"}},{"type":"Feature","id":725,"geometry":{"type":"Polygon","coordinates":[[[107.14725259261574,10.492016316216475],[107.14744767517726,10.491899603749326],[107.14757959505958,10.492085286865311],[107.14761248446763,10.492131549620117],[107.14737463768583,10.492253786200065],[107.14725259261574,10.492016316216475]]]},"properties":{"FID":725,"Shape_Leng":115.159381051,"Shape_Area":823.12600856200004,"Sothua":588,"So_To":23,"LoaidatHT":"LUK","Khuphomoi":"Khu phố Núi Dinh","Sothuacu":0,"Sotocu":23,"Phuongcu":"Phường Kim Dinh","Nguoisudun":" ","Quyetdinh":" ","ID":"588.23"}},{"type":"Feature","id":726,"geometry":{"type":"Polygon","coordinates":[[[107.14783641890267,10.491928367468631],[107.14789995287313,10.49200036486905],[107.14764126377365,10.492177080928411],[107.14761248446763,10.492131549620117],[107.14757959505958,10.492085286865311],[107.14783641890267,10.491928367468631]]]},"properties":{"FID":726,"Shape_Leng":90.246834223199997,"Shape_Area":381.26468631500001,"Sothua":593,"So_To":23,"LoaidatHT":"LUK","Khuphomoi":"Khu phố Núi Dinh","Sothuacu":0,"Sotocu":23,"Phuongcu":"Phường Kim Dinh","Nguoisudun":" ","Quyetdinh":" ","ID":"593.23"}},{"type":"Feature","id":727,"geometry":{"type":"Polygon","coordinates":[[[107.14751918140837,10.492336334386357],[107.1476820603425,10.492244152502611],[107.14778847553397,10.492391633823139],[107.14782799442378,10.492458160856772],[107.14782305768324,10.492460321848545],[107.14762885721608,10.492545934959889],[107.14751918140837,10.492336334386357]]]},"properties":{"FID":727,"Shape_Leng":99.122024387500005,"Shape_Area":611.37309894600003,"Sothua":550,"So_To":23,"LoaidatHT":"LUK","Khuphomoi":"Khu phố Núi Dinh","Sothuacu":0,"Sotocu":23,"Phuongcu":"Phường Kim Dinh","Nguoisudun":" ","Quyetdinh":" ","ID":"550.23"}},{"type":"Feature","id":728,"geometry":{"type":"Polygon","coordinates":[[[107.14659091947651,10.493242754220711],[107.14656452694977,10.493143794642139],[107.14676961703911,10.493048799903214],[107.14686013103898,10.493010999213931],[107.14689148759439,10.49309360378915],[107.14687366305787,10.493099084861292],[107.14663203563316,10.493238853874587],[107.14659091947651,10.493242754220711]]]},"properties":{"FID":728,"Shape_Leng":93.8535082187,"Shape_Area":405.27332396200001,"Sothua":491,"So_To":23,"LoaidatHT":"LUK","Khuphomoi":"Khu phố Núi Dinh","Sothuacu":0,"Sotocu":23,"Phuongcu":"Phường Kim Dinh","Nguoisudun":"UBND phường","Quyetdinh":"Quyết định 3693/QĐ-UBND","ID":"491.23"}},{"type":"Feature","id":729,"geometry":{"type":"Polygon","coordinates":[[[107.14708501879824,10.492410100810067],[107.14737463768583,10.492253786200065],[107.14761248446763,10.492131549620117],[107.14764126377365,10.492177080928411],[107.1476820603425,10.492244152502611],[107.14751918140837,10.492336334386357],[107.14715195647612,10.492517183872078],[107.14715004361025,10.492514196975325],[107.14708501879824,10.492410100810067]]]},"properties":{"FID":729,"Shape_Leng":159.46656473300001,"Shape_Area":969.63563029600004,"Sothua":558,"So_To":23,"LoaidatHT":"LUK","Khuphomoi":"Khu phố Núi Dinh","Sothuacu":0,"Sotocu":23,"Phuongcu":"Phường Kim Dinh","Nguoisudun":" ","Quyetdinh":" ","ID":"558.23"}},{"type":"Feature","id":730,"geometry":{"type":"Polygon","coordinates":[[[107.14738492655594,10.492932432058993],[107.1475960133306,10.492806708491194],[107.14778595465299,10.4931282999573],[107.14773145521245,10.493155681202948],[107.14755826806403,10.493240068618794],[107.14738492655594,10.492932432058993]]]},"properties":{"FID":730,"Shape_Leng":134.99486424400001,"Shape_Area":1098.4234532200001,"Sothua":499,"So_To":23,"LoaidatHT":"LUK","Khuphomoi":"Khu phố Núi Dinh","Sothuacu":0,"Sotocu":23,"Phuongcu":"Phường Kim Dinh","Nguoisudun":"UBND phường","Quyetdinh":"Quyết định 3693/QĐ-UBND","ID":"499.23"}},{"type":"Feature","id":731,"geometry":{"type":"Polygon","coordinates":[[[107.14808772180434,10.492264088535304],[107.14827390969388,10.492542816393913],[107.14810937462468,10.492641144085182],[107.14800045748895,10.49270097026027],[107.14796828513926,10.492661761656395],[107.14784921121147,10.492493642919484],[107.14782305768324,10.492460321848545],[107.14782799442378,10.492458160856772],[107.14778847553397,10.492391633823139],[107.14803886249916,10.492209387158889],[107.14808772180434,10.492264088535304]]]},"properties":{"FID":731,"Shape_Leng":155.87060102199999,"Shape_Area":1529.8479564100001,"Sothua":544,"So_To":23,"LoaidatHT":"LUK","Khuphomoi":"Khu phố Núi Dinh","Sothuacu":0,"Sotocu":23,"Phuongcu":"Phường Kim Dinh","Nguoisudun":" ","Quyetdinh":" ","ID":"544.23"}},{"type":"Feature","id":732,"geometry":{"type":"Polygon","coordinates":[[[107.13345573211485,10.504951227453759],[107.13350498228414,10.504951585130105],[107.13346005361333,10.50523689867919],[107.13345928021749,10.505239717532426],[107.13317311289897,10.505198856807798],[107.13316321922279,10.505189552286001],[107.13312028055181,10.505157481578047],[107.13311828548508,10.504952190352178],[107.13318611855996,10.504951888114693],[107.1332957457499,10.504951558937147],[107.13331403688582,10.504951503785893],[107.13334924642615,10.504951120708713],[107.13341428823814,10.504951186065934],[107.1334298929427,10.504951202291654],[107.13345573211485,10.504951227453759]]]},"properties":{"FID":732,"Shape_Leng":136.372138748,"Shape_Area":1155.6512958000001,"Sothua":68,"So_To":47,"LoaidatHT":"CAN","Khuphomoi":"Khu phố Kim Hải","Sothuacu":0,"Sotocu":47,"Phuongcu":"Phường Kim Dinh","Nguoisudun":"Công an phường Kim Dinh","Quyetdinh":" ","ID":"68.47"}},{"type":"Feature","id":733,"geometry":{"type":"Polygon","coordinates":[[[107.14439599179663,10.505545904989184],[107.14429882477829,10.505550276250593],[107.14423513717193,10.505373519779068],[107.14422782045037,10.505353213959891],[107.14421492632097,10.505317426986853],[107.14421377080895,10.505314220758796],[107.14421334715703,10.505313045924918],[107.14421311418742,10.505312107511218],[107.14421229791796,10.505308828492185],[107.14420311510715,10.50527193817053],[107.14419974107004,10.505258384470601],[107.14429838178508,10.505222595965721],[107.14439599179663,10.505545904989184]]]},"properties":{"FID":733,"Shape_Leng":93.583639122799994,"Shape_Area":397.51894112399998,"Sothua":13,"So_To":50,"LoaidatHT":"DVH","Khuphomoi":"Khu phố Hải Dinh","Sothuacu":0,"Sotocu":50,"Phuongcu":"Phường Kim Dinh","Nguoisudun":"Trụ sở KP Hải Dinh","Quyetdinh":" ","ID":"13.50"}},{"type":"Feature","id":734,"geometry":{"type":"Polygon","coordinates":[[[107.1667287241729,10.503653482049335],[107.16610527213015,10.503918706622187],[107.16603582961339,10.503895144247942],[107.16597538167096,10.503786729307702],[107.16586457110694,10.503587842827184],[107.16578133592984,10.503438487405852],[107.16661818857376,10.503074998807261],[107.16669345989597,10.503390473815275],[107.16674320909802,10.503606756820506],[107.1667287241729,10.503653482049335]]]},"properties":{"FID":734,"Shape_Leng":305.93421555700002,"Shape_Area":5751.4426840200003,"Sothua":422,"So_To":125,"LoaidatHT":"DVH","Khuphomoi":"Khu phố Hương Điền","Sothuacu":422,"Sotocu":15,"Phuongcu":"Phường Long Hương","Nguoisudun":"Đoàn ca mua nhạc tỉnh Bà Rịa - Vũng Tàu","Quyetdinh":" ","ID":"422.125"}},{"type":"Feature","id":735,"geometry":{"type":"Polygon","coordinates":[[[107.15492185358373,10.501384416700006],[107.15487964153047,10.501400817558002],[107.15487890692759,10.501399188421898],[107.15487775535229,10.501399593018457],[107.15487269065768,10.501385406555327],[107.15483988784374,10.50131268209241],[107.15482324651141,10.501320245293911],[107.15480778425571,10.501282476202672],[107.15480792456766,10.501282428251315],[107.15475096343978,10.501167071446201],[107.15476491704955,10.501160569508293],[107.15476478861152,10.501160090446986],[107.15478532466017,10.501154579623496],[107.15486026191248,10.501134471520393],[107.15489549078093,10.501125017893045],[107.15490772781401,10.50112173438364],[107.15493795593106,10.501110616398481],[107.15493867192782,10.501110483195308],[107.15496674279362,10.501105281849156],[107.1549747554353,10.501103771398084],[107.15505103376753,10.501089391655103],[107.1550530677339,10.501088879840205],[107.15510915494873,10.501073379904746],[107.1551134034989,10.501089589247888],[107.15511761921931,10.501088015086525],[107.15512457223436,10.501118230777246],[107.15512717490451,10.501129540792087],[107.15513955877005,10.5011744592518],[107.15516360608866,10.501261681762927],[107.1551703491927,10.501332766377764],[107.15519880922379,10.5014407713825],[107.15511564360084,10.501457359883611],[107.15512027472391,10.501495693250417],[107.15507362737617,10.501501093919888],[107.15508457609836,10.501551356516019],[107.15507626964028,10.501552642105388],[107.15504629026383,10.501555642043401],[107.15504467296135,10.501555657540324],[107.15502093777138,10.501560784280397],[107.15498851113274,10.501568047010274],[107.15498610616172,10.501568791819818],[107.15498589824303,10.501568572696939],[107.15496423410389,10.501545724539126],[107.15496335661693,10.501542059143882],[107.15494440233712,10.501462962711269],[107.15492185358373,10.501384416700006]]]},"properties":{"FID":735,"Shape_Leng":176.984379453,"Shape_Area":1562.6123650300001,"Sothua":128,"So_To":119,"LoaidatHT":"NTD","Khuphomoi":"Khu phố Hương Sơn","Sothuacu":0,"Sotocu":13,"Phuongcu":"Phường Long Hương","Nguoisudun":"Nghĩa trang","Quyetdinh":" ","ID":"128.119"}},{"type":"Feature","id":736,"geometry":{"type":"Polygon","coordinates":[[[107.15064891833674,10.503152227834262],[107.1505696239835,10.503150576856378],[107.15054255489322,10.50291391950161],[107.1505599365079,10.502906267418078],[107.15056575329562,10.502902716629984],[107.15057206451,10.502898687077332],[107.15062096491974,10.502885832321164],[107.15064891833674,10.503152227834262]]]},"properties":{"FID":736,"Shape_Leng":73.863345651299994,"Shape_Area":246.66220202400001,"Sothua":112,"So_To":51,"LoaidatHT":"DVH","Khuphomoi":"Khu phố Núi Dinh","Sothuacu":0,"Sotocu":51,"Phuongcu":"Phường Kim Dinh","Nguoisudun":"Trụ sở KP Nam Dinh","Quyetdinh":" ","ID":"112.51"}},{"type":"Feature","id":737,"geometry":{"type":"Polygon","coordinates":[[[107.15707211006696,10.493290956920463],[107.15701806884447,10.493126036310867],[107.15708687075096,10.493071555580512],[107.15718188091762,10.49302245906337],[107.15723916434942,10.493019943444217],[107.15727245492575,10.493095951660719],[107.15730065251941,10.493256303483166],[107.15732068089862,10.493389877028749],[107.15711740452427,10.493443926830825],[107.15707211006696,10.493290956920463]]]},"properties":{"FID":737,"Shape_Leng":129.64742383999999,"Shape_Area":1051.7851478,"Sothua":333,"So_To":71,"LoaidatHT":"LUK","Khuphomoi":"Khu phố Hương Giang","Sothuacu":0,"Sotocu":22,"Phuongcu":"phường Long Hương","Nguoisudun":" ","Quyetdinh":" ","ID":"333.71"}},{"type":"Feature","id":738,"geometry":{"type":"Polygon","coordinates":[[[107.14785128236322,10.504571144702339],[107.14796753000469,10.504813657920682],[107.14804769084267,10.504768938826412],[107.14804958155426,10.504774123065562],[107.14828900951449,10.505307794397664],[107.14811730683853,10.505372077479281],[107.14770910594486,10.505527072483433],[107.14760568653504,10.505566304489182],[107.14755844651577,10.505453010608997],[107.14752872380251,10.505384449965698],[107.14743266227191,10.505162643272524],[107.14732027305344,10.504899179980544],[107.14785128236322,10.504571144702339]]]},"properties":{"FID":738,"Shape_Leng":333.79046375899998,"Shape_Area":6644.3637942400001,"Sothua":255,"So_To":50,"LoaidatHT":"DGD","Khuphomoi":"Khu phố Núi Dinh","Sothuacu":0,"Sotocu":50,"Phuongcu":"Phường Kim Dinh","Nguoisudun":"Trường tiểu học Phan Bội Châu","Quyetdinh":" ","ID":"255.50"}},{"type":"Feature","id":739,"geometry":{"type":"Polygon","coordinates":[[[107.13144399867646,10.510016768307244],[107.13137841580227,10.509969282741991],[107.1313001927375,10.509818614607493],[107.13115809611959,10.509588549150211],[107.13108877965252,10.509493374795914],[107.13105143927994,10.509421253227902],[107.13104023262092,10.509254477583651],[107.13105049846561,10.509127732556042],[107.13105597676055,10.509106063221505],[107.13105359108437,10.509083807690944],[107.13103021035309,10.509052914164947],[107.13101029240943,10.509031005061548],[107.13098328430773,10.509013737802499],[107.13082727192381,10.508844220778862],[107.13075998035976,10.50879243788035],[107.1306566744983,10.508731896354304],[107.13060234741631,10.508698229722947],[107.13058722721591,10.508679928135789],[107.13059852199652,10.508582270839819],[107.13067248237114,10.50858861717715],[107.13163149539274,10.508660808160242],[107.13148374895388,10.510039556421297],[107.13144399867646,10.510016768307244]]]},"properties":{"FID":739,"Shape_Leng":468.20858665200001,"Shape_Area":8641.8007994799991,"Sothua":26,"So_To":42,"LoaidatHT":"NTD","Khuphomoi":"Khu phố Kim Hải","Sothuacu":0,"Sotocu":42,"Phuongcu":"Phường Kim Dinh","Nguoisudun":"Nghĩa trang giáo xử Kim Hải","Quyetdinh":" ","ID":"26.42"}},{"type":"Feature","id":740,"geometry":{"type":"Polygon","coordinates":[[[107.13061191605468,10.508535970189566],[107.13061310657243,10.508507267031918],[107.13065522919659,10.508049553561868],[107.13066804056368,10.507906278237551],[107.13069598744848,10.507593719307952],[107.1311584774168,10.507611554621004],[107.13124052313131,10.507617248222552],[107.13173035797578,10.507661798241079],[107.13175987027475,10.507664821267326],[107.13177057369805,10.507666342832913],[107.13176891450101,10.507678499795032],[107.1317540619937,10.507787497955999],[107.13163636102466,10.508625855573259],[107.13061191605468,10.508535970189566]]]},"properties":{"FID":740,"Shape_Leng":442.42411571000002,"Shape_Area":12300.6658419,"Sothua":156,"So_To":42,"LoaidatHT":"DTT","Khuphomoi":"Khu phố Kim Hải","Sothuacu":0,"Sotocu":42,"Phuongcu":"Phường Kim Dinh","Nguoisudun":"Sân bóng đá phường Kim Dinh","Quyetdinh":"Quyết định 2057/QD-UBND ngày 28/7/2021 mục đích thể dục thể thao","ID":"156.42"}},{"type":"Feature","id":741,"geometry":{"type":"Polygon","coordinates":[[[107.1467511108754,10.505459190068535],[107.14649118106557,10.505468867502788],[107.14617229344626,10.505480629062719],[107.14588934093949,10.505490922647128],[107.1455763010544,10.505502432580311],[107.14526716311448,10.505513742297914],[107.14483301153831,10.505529776738269],[107.14439599087714,10.505545904091566],[107.14429838454353,10.505222598658582],[107.14443228041999,10.505174013153065],[107.14456488169895,10.505124441224915],[107.1450127775575,10.504960131720647],[107.14561429803173,10.504744850929816],[107.14610086490003,10.504566130076141],[107.14648424256661,10.504411650356698],[107.1465809772245,10.504658466545104],[107.14660489277853,10.504720389089686],[107.14661593935932,10.504743320544428],[107.14662593678686,10.504769721677979],[107.14663818745029,10.504807518462366],[107.14664700499401,10.504830228186114],[107.14665489694512,10.504850097999554],[107.14666103760577,10.504868173798991],[107.14667166910989,10.504902016416338],[107.14668146084168,10.504931427796905],[107.14668744616094,10.504953987656904],[107.14669713258675,10.504995260747389],[107.14669749371168,10.504997431119149],[107.14670389634709,10.505030958879157],[107.14670907947561,10.505062332014898],[107.1467104134865,10.505071809621951],[107.14676089815414,10.505405830269179],[107.1467511108754,10.505459190068535]]]},"properties":{"FID":741,"Shape_Leng":671.71373187200004,"Shape_Area":20190.8412947,"Sothua":21,"So_To":50,"LoaidatHT":"DCH","Khuphomoi":"Khu phố Hải Dinh","Sothuacu":0,"Sotocu":50,"Phuongcu":"Phường Kim Dinh","Nguoisudun":"Chợ","Quyetdinh":" ","ID":"21.50"}},{"type":"Feature","id":742,"geometry":{"type":"Polygon","coordinates":[[[107.16338377643523,10.523003059943953],[107.16336295634648,10.523093884427109],[107.16311532267522,10.523797096959028],[107.16310380780156,10.523794019420782],[107.16243363445994,10.523615101535301],[107.16247213720575,10.523594287633475],[107.16265440992665,10.523495897092495],[107.16305884640322,10.523219806851392],[107.16320936315732,10.523100742785612],[107.16322850868143,10.523073654664426],[107.1632807853525,10.523016430152405],[107.16337296006839,10.522925014586653],[107.16338377643523,10.523003059943953]]]},"properties":{"FID":742,"Shape_Leng":307.63670672500001,"Shape_Area":3637.2649949000001,"Sothua":87,"So_To":100,"LoaidatHT":"NTD","Khuphomoi":"Khu phố Phước Tân","Sothuacu":87,"Sotocu":18,"Phuongcu":"Phường Tân Hưng","Nguoisudun":"Nghĩa địa","Quyetdinh":" ","ID":"87.100"}},{"type":"Feature","id":743,"geometry":{"type":"Polygon","coordinates":[[[107.16300453091567,10.52189093248006],[107.16307856645909,10.521932088866675],[107.16315823344596,10.521976365653183],[107.16323789960879,10.522020652362837],[107.16334577641915,10.522080613979201],[107.16373092117435,10.522294606377605],[107.16360922675311,10.522488041871602],[107.16347830496564,10.522681370426131],[107.16308043697639,10.522576118604089],[107.16274697720053,10.522375963584262],[107.16231924189705,10.522267038922896],[107.16225078487933,10.522232556084028],[107.16242143838566,10.522093910168769],[107.1624492580642,10.522021632295509],[107.16247518539811,10.521983708099317],[107.16250476807244,10.521940438151264],[107.16266937134998,10.521816987840673],[107.16273293367547,10.521825902308811],[107.16273587633114,10.521820908488065],[107.16300453091567,10.52189093248006]]]},"properties":{"FID":743,"Shape_Leng":391.02426939999998,"Shape_Area":8024.9035998500003,"Sothua":154,"So_To":100,"LoaidatHT":"NTD","Khuphomoi":"Khu phố Phước Tân","Sothuacu":154,"Sotocu":18,"Phuongcu":"Phường Tân Hưng","Nguoisudun":"Nghĩa địa","Quyetdinh":" ","ID":"154.100"}},{"type":"Feature","id":744,"geometry":{"type":"Polygon","coordinates":[[[107.15764199572618,10.500153314332556],[107.15779687003641,10.500173493716614],[107.15778023681611,10.500282372377317],[107.15762393785192,10.500262471112675],[107.15764199572618,10.500153314332556]]]},"properties":{"FID":744,"Shape_Leng":58.782512296900002,"Shape_Area":209.708490678,"Sothua":210,"So_To":119,"LoaidatHT":"NTD","Khuphomoi":"Khu phố Hương Sơn","Sothuacu":0,"Sotocu":13,"Phuongcu":"Phường Long Hương","Nguoisudun":"Nghĩa trang","Quyetdinh":" ","ID":"210.119"}},{"type":"Feature","id":745,"geometry":{"type":"Polygon","coordinates":[[[107.16418583421877,10.498242092239929],[107.1641313710723,10.497987962948914],[107.16411347275465,10.497906406380316],[107.16416289149714,10.497889671565602],[107.16424153305911,10.497863407439437],[107.16426826814731,10.497909792948168],[107.16434338752286,10.498216823205571],[107.16418583421877,10.498242092239929]]]},"properties":{"FID":745,"Shape_Leng":111.123575804,"Shape_Area":660.23984740599997,"Sothua":80,"So_To":133,"LoaidatHT":"DYT","Khuphomoi":"Khu phố Hương Giang","Sothuacu":0,"Sotocu":55,"Phuongcu":"Phường Long Hương","Nguoisudun":"Trung tâm y tế phường Long Hương","Quyetdinh":" ","ID":"80.133"}},{"type":"Feature","id":746,"geometry":{"type":"Polygon","coordinates":[[[107.15639034349466,10.500773712760198],[107.15625003895504,10.500807373322832],[107.1560388181086,10.500858060860718],[107.15601094007282,10.500870385860084],[107.15588107700353,10.500889707545674],[107.15587595019191,10.500862086124432],[107.1558691991652,10.500809110702884],[107.15586716802079,10.50078236395537],[107.15586509115005,10.500755344562151],[107.15586318732838,10.500737873840292],[107.15601483328552,10.500716648125609],[107.15600276038033,10.500680633024654],[107.15600365676471,10.500651323933512],[107.15600479374623,10.500639725524135],[107.15600487585456,10.500625486061786],[107.15600476018459,10.500623687325836],[107.15600080441443,10.500609403878858],[107.15600608681682,10.500608355723289],[107.15606152377309,10.500592746177615],[107.15606587048437,10.500608223636837],[107.15613556047238,10.500591899077305],[107.15615540702396,10.500680584371402],[107.15623845056294,10.500660921654134],[107.15631079077505,10.500644321467229],[107.15631053764957,10.500642982809714],[107.15635523247076,10.500631556773909],[107.15635493225095,10.500630670350153],[107.15638037000149,10.500618874370225],[107.15641243508786,10.500605326952876],[107.15641330293782,10.500604966758468],[107.15642187047548,10.500596294190853],[107.15643618369035,10.500630994348004],[107.15645556931679,10.500626329089839],[107.15646574903495,10.500668136095806],[107.15644488962704,10.500674416562289],[107.15645314546703,10.500714303347422],[107.15644876730818,10.500715498116085],[107.15640672125225,10.500726964926425],[107.15641084489151,10.500744249739823],[107.15641422535282,10.500758406029837],[107.15639442207231,10.500761713862987],[107.15639684162331,10.500772161043693],[107.15639034349466,10.500773712760198]]]},"properties":{"FID":746,"Shape_Leng":191.81633863499999,"Shape_Area":1214.4186531600001,"Sothua":0,"So_To":119,"LoaidatHT":"NTD","Khuphomoi":"Khu phố Hương Sơn","Sothuacu":0,"Sotocu":13,"Phuongcu":"Phường Long Hương","Nguoisudun":"Nghĩa trang","Quyetdinh":" ","ID":"921_2.119"}},{"type":"Feature","id":747,"geometry":{"type":"Polygon","coordinates":[[[107.1573002683628,10.501276534647086],[107.15713837258561,10.500650514089026],[107.15715652414909,10.500646344336571],[107.15715759274526,10.500655965548539],[107.15723930296829,10.500645413180669],[107.15724030130225,10.500648986457531],[107.15724966928228,10.500646960601751],[107.15720473015278,10.500829860712226],[107.15752217786961,10.500947679599609],[107.1575423188516,10.501006737985557],[107.157553586324,10.501038655992852],[107.15757874597294,10.501086557775189],[107.15760875791328,10.501143156644899],[107.15763735260026,10.501195694304016],[107.15767734581864,10.501269154915329],[107.15748174368208,10.501359961205445],[107.15745801349534,10.501367375669867],[107.15743074803783,10.501340961312286],[107.15741567859635,10.501305356213708],[107.15728053159962,10.501297726116148],[107.15724402210357,10.501290018694739],[107.1573002683628,10.501276534647086]]]},"properties":{"FID":747,"Shape_Leng":242.63932384,"Shape_Area":1912.6357556800001,"Sothua":0,"So_To":119,"LoaidatHT":"NTD","Khuphomoi":"Khu phố Hương Sơn","Sothuacu":0,"Sotocu":13,"Phuongcu":"Phường Long Hương","Nguoisudun":"Nghĩa trang","Quyetdinh":" ","ID":"921_3.119"}},{"type":"Feature","id":748,"geometry":{"type":"Polygon","coordinates":[[[107.16116876144505,10.494363789627434],[107.16079643205073,10.494685876952234],[107.1607521410144,10.494677567453037],[107.16047679063297,10.494151224487366],[107.1604978201203,10.494093490610091],[107.16097012800965,10.493896455770724],[107.16116876144505,10.494363789627434]]]},"properties":{"FID":748,"Shape_Leng":243.676827363,"Shape_Area":3800.2322315199999,"Sothua":184,"So_To":72,"LoaidatHT":"DGD","Khuphomoi":"Khu phố Hương Giang","Sothuacu":0,"Sotocu":23,"Phuongcu":"phường Long Hương","Nguoisudun":" ","Quyetdinh":" ","ID":"184.72"}},{"type":"Feature","id":749,"geometry":{"type":"Polygon","coordinates":[[[107.16384465308127,10.499956648469995],[107.16377467350439,10.499836055453464],[107.16363937701236,10.499602652934236],[107.16366592807489,10.499547740078363],[107.16396988614747,10.499397323412476],[107.16427284896879,10.499246984695469],[107.16451055870674,10.499659593931291],[107.1645894950147,10.499796610514167],[107.16393861787135,10.500118595137689],[107.16384465308127,10.499956648469995]]]},"properties":{"FID":749,"Shape_Leng":296.56199153900002,"Shape_Area":5562.2954753599997,"Sothua":13,"So_To":133,"LoaidatHT":"DVH","Khuphomoi":"Khu phố Hương Điền","Sothuacu":0,"Sotocu":55,"Phuongcu":"Phường Long Hương","Nguoisudun":"Trung tâm văn hóa phường Long Hương","Quyetdinh":" ","ID":"13.133"}},{"type":"Feature","id":750,"geometry":{"type":"Polygon","coordinates":[[[107.16520350047783,10.500154685633602],[107.16514491564141,10.500188165929696],[107.16480564751174,10.50038206067326],[107.16479991469535,10.5003847804972],[107.16466739408094,10.500447725088303],[107.16424575560517,10.500648004223109],[107.16404534077274,10.500302544251685],[107.16393861787135,10.500118595137689],[107.1645894950147,10.499796610514167],[107.16451055686143,10.499659591232403],[107.16487139093141,10.49943783506229],[107.16491727299689,10.499411817537823],[107.16494079611203,10.499475347764639],[107.16495094539725,10.499504632932505],[107.16496108614507,10.499533872062875],[107.16497205280568,10.499565518768868],[107.16495973590082,10.499571725239209],[107.16497051992511,10.499593534173581],[107.1649879253325,10.499631249534596],[107.16509789286599,10.499853430392076],[107.16521126037503,10.500080029379678],[107.16523610531456,10.500130732533098],[107.16523813422067,10.500134877186612],[107.16520350047783,10.500154685633602]]]},"properties":{"FID":750,"Shape_Leng":428.58143343299997,"Shape_Area":9407.2449185000005,"Sothua":7,"So_To":133,"LoaidatHT":"DGD","Khuphomoi":"Khu phố Hương Điền","Sothuacu":0,"Sotocu":55,"Phuongcu":"Phường Long Hương","Nguoisudun":"Trường tiểu học Long Hương","Quyetdinh":"Công văn 25/QD-CCTHADS ngày 19/5/2021","ID":"7.133"}},{"type":"Feature","id":751,"geometry":{"type":"Polygon","coordinates":[[[107.15621219421453,10.501537372728434],[107.15620185744783,10.501496758930566],[107.15619243586575,10.501459844610293],[107.15616785297027,10.501363519808844],[107.15615890278167,10.501328468688861],[107.15611721845812,10.501165171587322],[107.15611671045156,10.501163163116399],[107.15609481179153,10.501077384914195],[107.15606527792124,10.500961666835639],[107.15605776949766,10.5009322331495],[107.1560388181086,10.500858060860718],[107.15625003895504,10.500807373322832],[107.15639034349466,10.500773712760198],[107.15639684162331,10.500772161043693],[107.15652002787705,10.500742600759692],[107.15669099688174,10.500701512031112],[107.15671525311173,10.500695680274264],[107.15682020525875,10.500670516130784],[107.1568753819207,10.500657283475043],[107.15687958897519,10.500655120960245],[107.15704139701302,10.50061735078015],[107.15708705874052,10.500606686331556],[107.15712681687552,10.500597177307053],[107.15713837258561,10.500650514089026],[107.1573002683628,10.501276534647086],[107.15724402210357,10.501290018694739],[107.15690343718826,10.501371675096472],[107.15682152589513,10.501391322189656],[107.15636029513581,10.501501919300001],[107.15632762951581,10.501509742348421],[107.15622508128737,10.501534323363616],[107.15621219421453,10.501537372728434]]]},"properties":{"FID":751,"Shape_Leng":400.24032309099999,"Shape_Area":9497.26919318,"Sothua":0,"So_To":119,"LoaidatHT":"DTT","Khuphomoi":"Khu phố Hương Sơn","Sothuacu":0,"Sotocu":13,"Phuongcu":"Phường Long Hương","Nguoisudun":"Sân bóng Long Hương","Quyetdinh":" ","ID":"921_1.119"}},{"type":"Feature","id":752,"geometry":{"type":"Polygon","coordinates":[[[107.15769611881922,10.51735556255055],[107.15761184128455,10.517409838758823],[107.15695882080045,10.517830245852998],[107.15682681911549,10.516948947686554],[107.15720249973998,10.516936267107088],[107.15728909100294,10.516972868575646],[107.15769611881922,10.51735556255055]]]},"properties":{"FID":752,"Shape_Leng":307.82755429000002,"Shape_Area":5418.1271646599998,"Sothua":958,"So_To":62,"LoaidatHT":"CAN","Khuphomoi":"Khu phố Hương Sơn","Sothuacu":0,"Sotocu":4,"Phuongcu":"phường Long Hương","Nguoisudun":" ","Quyetdinh":" ","ID":"958.62"}},{"type":"Feature","id":753,"geometry":{"type":"MultiPolygon","coordinates":[[[[107.16124791498821,10.513491942376046],[107.16007432769514,10.514500886003614],[107.16014242881857,10.514577590691886],[107.16141981230513,10.513475047078108],[107.16145821204177,10.513508479941803],[107.16149588186401,10.513541098005348],[107.16223978978714,10.514187561076117],[107.16287105507847,10.514736079924596],[107.16312388638204,10.514958055241683],[107.16330548443271,10.515116972975319],[107.16332838112005,10.515135459025139],[107.16379519771536,10.515541274568088],[107.16381243707917,10.515556042888589],[107.16415301847849,10.515852136393821],[107.16419880574257,10.515892002408449],[107.16429120333082,10.515972277413018],[107.16446623687671,10.516124400730691],[107.16457541756338,10.51621920839958],[107.16435077797658,10.516249308113181],[107.16434732324856,10.51625944546924],[107.16433583666858,10.516265626487591],[107.16429857244903,10.516254862355186],[107.16424096206366,10.51623488343804],[107.16421468050844,10.516233433237527],[107.16418346262701,10.516252706130794],[107.16415494364446,10.516284568021526],[107.16409450670966,10.516334065330437],[107.16404459224739,10.516340871056023],[107.16400931158171,10.516358653243554],[107.1639848378358,10.516396834157472],[107.16394578622062,10.516452247427768],[107.16393491322417,10.516486583746754],[107.16391875432261,10.516514156683671],[107.16382532376004,10.516570065802537],[107.16379880260148,10.516603305925752],[107.16379039990866,10.516635910832873],[107.16377102043553,10.516661488412762],[107.1636352343148,10.516775779760257],[107.16360559823364,10.516808950748908],[107.1635661250768,10.516879381176583],[107.16355277850953,10.516931767446819],[107.16353087118908,10.517023177749016],[107.16338970747205,10.517232535488477],[107.16331435530979,10.517337806364333],[107.16329309235226,10.517431262140782],[107.16329295642561,10.51750298503956],[107.1632767176132,10.517529589610314],[107.16325312313192,10.517556352830997],[107.16323514351011,10.517580332827364],[107.16318832972611,10.517638815077552],[107.16315306153076,10.517727235413799],[107.16313116765906,10.517825707195808],[107.1631200675002,10.517850133736824],[107.16309420921949,10.517885336934118],[107.1630569382436,10.517917020784578],[107.1630510007522,10.517930915097502],[107.16303162903066,10.517976238428687],[107.16299218349889,10.518036641631346],[107.16297789072256,10.518043685031236],[107.16295897035425,10.518053116271137],[107.16294021409924,10.518067619549898],[107.16292091485398,10.51809345957156],[107.16289419503907,10.518130333480716],[107.16286393707752,10.518154237261895],[107.16282713033051,10.51816708857873],[107.16276176440213,10.518180248615167],[107.16273108037704,10.518178130605378],[107.16270985629259,10.518173751764753],[107.16267152830603,10.518184033027714],[107.16262780691248,10.518220893660207],[107.16261396875616,10.518243380286542],[107.16259786154447,10.518262536437749],[107.16258892814444,10.518266831792562],[107.1625629385148,10.518260247585934],[107.1625366516358,10.518251898429941],[107.16252245261235,10.518247885605616],[107.16251062360983,10.518251733434351],[107.16248460971728,10.518277461073689],[107.16246770827249,10.518296407528004],[107.16245892335789,10.518309039637991],[107.1624573579282,10.518339459456072],[107.16245357820125,10.518376638709423],[107.16245188949385,10.518419517670701],[107.16245393492802,10.518439258586577],[107.16243092265448,10.518506093331512],[107.16243000173674,10.518524670473843],[107.16241980578336,10.518539145163485],[107.16240064641053,10.518549280279993],[107.16238686396733,10.518552102938598],[107.16236455021865,10.51854863533536],[107.16233684144532,10.518543195331498],[107.16231110799963,10.51853209024266],[107.16222516417189,10.518522600639919],[107.16219124025174,10.518542862566234],[107.16216761503662,10.518561696702546],[107.16215474400653,10.518575261405275],[107.1621407005578,10.518595161773362],[107.16210604457807,10.51861102796895],[107.16208055310636,10.518626405050631],[107.16205356512918,10.518636073845252],[107.16200964383961,10.518642547421608],[107.16194199721265,10.518658859137389],[107.16190213871657,10.518671677852538],[107.16187852625846,10.518679102014442],[107.16185806962005,10.5186844701455],[107.16176518731564,10.518720634691439],[107.16163345881046,10.518785151344597],[107.1614626687193,10.518996632162866],[107.16140360910529,10.519080903409094],[107.16126276842763,10.51927716834507],[107.16122741093992,10.51935456707419],[107.16121502731947,10.519414668138603],[107.16121192305154,10.519490770503674],[107.1611961470133,10.519527999027295],[107.1611748455218,10.519550165035204],[107.1611356335185,10.519621887817669],[107.16113295053972,10.519663788416089],[107.16113084995528,10.519788552157266],[107.16115228817222,10.519824719831449],[107.16117284072864,10.519850824037817],[107.16118388865804,10.519868845074608],[107.16118495553361,10.5198893247805],[107.16117877212184,10.52002795028667],[107.16116952250665,10.52007813853414],[107.16116401193722,10.520151135498532],[107.1611474642712,10.520171727174533],[107.16114905990213,10.520216727637706],[107.16116554927059,10.520265418088808],[107.16117259471604,10.520308186906],[107.16121273224837,10.520374234020487],[107.16120212449457,10.520403562232792],[107.16117213160732,10.520436859360343],[107.16112784201611,10.520464460457593],[107.16111519312621,10.520485810070305],[107.16111335959765,10.52052758557174],[107.16111588374362,10.520545645746065],[107.1611699358847,10.520684102747385],[107.16122228254835,10.520825657014178],[107.16126468211682,10.520937555939426],[107.16129645989531,10.520998986355966],[107.1613026863553,10.521020670015039],[107.16127426980206,10.521041501716466],[107.16125368020053,10.52104445663254],[107.16123907298494,10.521043750936665],[107.16122076212119,10.521049457820357],[107.1612045859095,10.521042602357848],[107.16118125697692,10.521035027419231],[107.16115535999957,10.521032864012069],[107.16114271152028,10.521025155683585],[107.16112698870788,10.52101546996318],[107.16110800701475,10.521004061179401],[107.1610672369507,10.521001309563752],[107.1609498922182,10.520981860407611],[107.16069728267811,10.520939992144292],[107.16067532611409,10.520936298771934],[107.16056006404234,10.520917279040956],[107.16043047097959,10.520895772920881],[107.16040982969187,10.520892353460148],[107.16036337801678,10.520884645040924],[107.15991753463771,10.520810754746734],[107.15986072579697,10.520801336297797],[107.15973678640664,10.520684819239369],[107.15944378301023,10.520409369465108],[107.15943675073271,10.520402855607909],[107.15924950634846,10.520229251970111],[107.15876606400496,10.519774124804529],[107.15868174279456,10.519694776504267],[107.15856697855415,10.519586783571427],[107.15851344561187,10.519536324203846],[107.15819160866087,10.519233388611056],[107.15811215689703,10.519158669783994],[107.15801286043586,10.519065161724221],[107.15794289323574,10.518999319817841],[107.15791805090907,10.51897594788357],[107.15787521615158,10.518935635098003],[107.15773682359122,10.518805265693503],[107.15771738044272,10.518786957276379],[107.15769786337727,10.518768657495173],[107.1573116425384,10.518405025909018],[107.15721324072528,10.518312441450981],[107.15712204223888,10.518227465152762],[107.15712206680118,10.518214175121875],[107.15710964014309,10.518214965567877],[107.15702099694163,10.518131530942494],[107.15680595412164,10.517929060045647],[107.15675400958212,10.516951617596426],[107.15677662772961,10.516828519804925],[107.15680838705102,10.516654900091096],[107.15682805205829,10.516547528187072],[107.1568753215727,10.516289401826024],[107.15691566607514,10.516069507445335],[107.15693856318245,10.515944240387103],[107.15701269784726,10.515539517698956],[107.15710880484335,10.515015131660055],[107.15713031557128,10.514897637007962],[107.15714977600898,10.51489731120833],[107.15742778927439,10.513410024485506],[107.15761940565797,10.51348768373988],[107.15835908652164,10.513566365753228],[107.15877364551261,10.513635896320178],[107.15974054539051,10.513798067326524],[107.15974987018016,10.513799630709073],[107.1597561720767,10.513800691362905],[107.16007857566825,10.512937140409884],[107.16107996962509,10.513370370960754],[107.16119599278301,10.513420565989353],[107.16126206123606,10.51336463360119],[107.16135685486269,10.513398722475912],[107.16124791498821,10.513491942376046]]],[[[107.15769611881922,10.51735556255055],[107.15761184128455,10.517409838758823],[107.15695882080045,10.517830245852998],[107.15682681911549,10.516948947686554],[107.15720249973998,10.516936267107088],[107.15728909100294,10.516972868575646],[107.15769611881922,10.51735556255055]]]]},"properties":{"FID":753,"Shape_Leng":3559.0621058299998,"Shape_Area":453808.57713500003,"Sothua":582,"So_To":104,"LoaidatHT":"NTD","Khuphomoi":"Khu phố Hương Sơn","Sothuacu":582,"Sotocu":22,"Phuongcu":"Phường Tân Hưng","Nguoisudun":"Nghĩa trang Long Hương","Quyetdinh":" ","ID":"582.104"}},{"type":"Feature","id":754,"geometry":{"type":"Polygon","coordinates":[[[107.15501098719986,10.521170234059291],[107.15518649233051,10.52097570833871],[107.15523912853727,10.520917305705021],[107.15529332981978,10.520986035618913],[107.15532956451315,10.521031946759244],[107.15534928971918,10.521042201205598],[107.15541836919938,10.521093960874172],[107.15505478341018,10.521359655055479],[107.1549618801824,10.521234972907637],[107.15501098719986,10.521170234059291]]]},"properties":{"FID":754,"Shape_Leng":141.11395785600001,"Shape_Area":1054.0188972399999,"Sothua":144,"So_To":62,"LoaidatHT":"DGD","Khuphomoi":"Khu phố Hương Sơn","Sothuacu":0,"Sotocu":4,"Phuongcu":"phường Long Hương","Nguoisudun":"TT SH Lái xe Đặng Lâm","Quyetdinh":" ","ID":"144.62"}},{"type":"Feature","id":755,"geometry":{"type":"Polygon","coordinates":[[[107.15727201764821,10.520114927280497],[107.15750736298456,10.520389521089061],[107.15754151135582,10.52046282573337],[107.15753734629953,10.520473034782965],[107.15755735638783,10.52053557077215],[107.15743824093741,10.52057368522704],[107.15741227031971,10.520587469110701],[107.15741351153066,10.520702835876799],[107.15748796764892,10.520848627759788],[107.15756741443003,10.520820748902917],[107.15755189764538,10.520764483806527],[107.15762108729707,10.520745086674912],[107.15767791208081,10.520935342936115],[107.15762061512554,10.520949783886852],[107.15761243239518,10.520928602393269],[107.15751364980113,10.520939448333548],[107.15745682250923,10.520988346236855],[107.15669311794532,10.520465607263585],[107.15693019915066,10.520372293514809],[107.15705476145828,10.520305621943606],[107.15715886286776,10.520236651969583],[107.15727201764821,10.520114927280497]]]},"properties":{"FID":755,"Shape_Leng":355.76786853099998,"Shape_Area":4371.06146713,"Sothua":187,"So_To":62,"LoaidatHT":"DGD","Khuphomoi":"Khu phố Hương Sơn","Sothuacu":0,"Sotocu":4,"Phuongcu":"phường Long Hương","Nguoisudun":"TT SH Lái xe Đặng Lâm","Quyetdinh":" ","ID":"187.62"}},{"type":"Feature","id":756,"geometry":{"type":"Polygon","coordinates":[[[107.14792916534392,10.504522976671312],[107.14804769084267,10.504768938826412],[107.14796753000469,10.504813657920682],[107.14785128236322,10.504571144702339],[107.14792916534392,10.504522976671312]]]},"properties":{"FID":756,"Shape_Leng":79.980656336099997,"Shape_Area":299.87111419600001,"Sothua":32,"So_To":50,"LoaidatHT":"DVH","Khuphomoi":"Khu phố Núi Dinh","Sothuacu":0,"Sotocu":50,"Phuongcu":"Phường Kim Dinh","Nguoisudun":"Trụ sở KP Núi Dinh","Quyetdinh":" ","ID":"32.50"}},{"type":"Feature","id":757,"geometry":{"type":"Polygon","coordinates":[[[107.16756843359738,10.527155319826608],[107.16764386346306,10.527125984437387],[107.16768927179496,10.527369545134457],[107.16761895547469,10.52740015608993],[107.16756843359738,10.527155319826608]]]},"properties":{"FID":757,"Shape_Leng":72.336845037399996,"Shape_Area":232.99969665500001,"Sothua":875,"So_To":95,"LoaidatHT":"DSH","Khuphomoi":"Khu phố Tân Hưng","Sothuacu":875,"Sotocu":13,"Phuongcu":"Phường Tân Hưng","Nguoisudun":"Trụ sở ấp 3","Quyetdinh":" ","ID":"875.95"}},{"type":"Feature","id":758,"geometry":{"type":"Polygon","coordinates":[[[107.1348293271123,10.505681510271957],[107.13481402942651,10.505886704278838],[107.13471143337912,10.505869462207556],[107.13473482833467,10.505666779729275],[107.1348293271123,10.505681510271957]]]},"properties":{"FID":758,"Shape_Leng":67.205121649299997,"Shape_Area":247.22486887299999,"Sothua":53,"So_To":47,"LoaidatHT":"DVH","Khuphomoi":"Khu phố Kim Hải","Sothuacu":0,"Sotocu":47,"Phuongcu":"Phường Kim Dinh","Nguoisudun":"Trụ sở KP Kim Dinh","Quyetdinh":" ","ID":"53.47"}},{"type":"Feature","id":759,"geometry":{"type":"Polygon","coordinates":[[[107.16473747455991,10.499009146416881],[107.16480067665586,10.499134428331033],[107.16480225975458,10.499137505902471],[107.16493020161694,10.499386300337164],[107.16491727299689,10.499411817537823],[107.16487139093141,10.49943783506229],[107.16451055870674,10.499659593931291],[107.16427284896879,10.499246984695469],[107.16432916809217,10.499219034243165],[107.16461651361645,10.499075502646424],[107.16473747455991,10.499009146416881]]]},"properties":{"FID":759,"Shape_Leng":212.060896407,"Shape_Area":2805.6613023599998,"Sothua":22,"So_To":133,"LoaidatHT":"DVH","Khuphomoi":"Khu phố Hương Điền","Sothuacu":0,"Sotocu":55,"Phuongcu":"Phường Long Hương","Nguoisudun":"Đền thờ liệt sĩ Long Hương","Quyetdinh":" ","ID":"22.133"}},{"type":"Feature","id":760,"geometry":{"type":"Polygon","coordinates":[[[107.15959619636791,10.507921357141534],[107.15910589064316,10.507241356259797],[107.15906745716187,10.507188050711953],[107.15904715285758,10.507142292580669],[107.15929935901849,10.507033915143248],[107.16000685504824,10.507775393291617],[107.16001685818416,10.507766044719713],[107.16003847422446,10.507787634572209],[107.16003069639477,10.507790752389852],[107.16002497322847,10.50779304729701],[107.15962078980839,10.507955180828219],[107.15959619636791,10.507921357141534]]]},"properties":{"FID":760,"Shape_Leng":306.97482619599998,"Shape_Area":4248.5561885400002,"Sothua":24,"So_To":112,"LoaidatHT":"NTD","Khuphomoi":"Khu phố Hương Điền","Sothuacu":24,"Sotocu":39,"Phuongcu":"Phường Long Hương","Nguoisudun":" ","Quyetdinh":"Quyết định 3529/QD-UBND ngày 27/12/2024 sử dụng mục đihcs giao thông","ID":"24.112"}},{"type":"Feature","id":761,"geometry":{"type":"Polygon","coordinates":[[[107.15551529258809,10.520732915057858],[107.15551642165035,10.520733730765645],[107.15551762468895,10.520734545970319],[107.15566822174428,10.520842074066023],[107.15573511154336,10.520889829238657],[107.15552371103324,10.521119987774998],[107.1553454463084,10.521002861146274],[107.15529190907019,10.520941637533353],[107.1553011487994,10.520917240956239],[107.15551529258809,10.520732915057858]]]},"properties":{"FID":761,"Shape_Leng":130.43520990299999,"Shape_Area":1091.2707570099999,"Sothua":172,"So_To":62,"LoaidatHT":"DGD","Khuphomoi":"Khu phố Hương Sơn","Sothuacu":0,"Sotocu":4,"Phuongcu":"phường Long Hương","Nguoisudun":"TT SH Lái xe Đặng Lâm","Quyetdinh":" ","ID":"172.62"}},{"type":"Feature","id":762,"geometry":{"type":"Polygon","coordinates":[[[107.15573510879723,10.520889828353511],[107.15586577211928,10.520977048248975],[107.15603657781503,10.521094179197664],[107.15611269178311,10.521149606467183],[107.15582698367689,10.521358210103291],[107.15572328446103,10.521282424606085],[107.15551912323602,10.521133119952861],[107.15551468278959,10.521129857511168],[107.15552374503835,10.521120018273841],[107.15552371103324,10.521119987774998],[107.15573510879723,10.520889828353511]]]},"properties":{"FID":762,"Shape_Leng":167.64007949500001,"Shape_Area":1695.23342196,"Sothua":679,"So_To":62,"LoaidatHT":"DGD","Khuphomoi":"Khu phố Hương Sơn","Sothuacu":0,"Sotocu":4,"Phuongcu":"phường Long Hương","Nguoisudun":"TT SH Lái xe Đặng Lâm","Quyetdinh":" ","ID":"679.62"}},{"type":"Feature","id":763,"geometry":{"type":"Polygon","coordinates":[[[107.15578455819185,10.520530156579731],[107.15582577478756,10.520577074983501],[107.15566822174428,10.520842074066023],[107.15551762468895,10.520734545970319],[107.15576803149769,10.520542783379366],[107.15578455819185,10.520530156579731]]]},"properties":{"FID":763,"Shape_Leng":98.184846601000004,"Shape_Area":471.28688040200001,"Sothua":381,"So_To":62,"LoaidatHT":"DGD","Khuphomoi":"Khu phố Hương Sơn","Sothuacu":0,"Sotocu":4,"Phuongcu":"phường Long Hương","Nguoisudun":"TT SH Lái xe Đặng Lâm","Quyetdinh":" ","ID":"381.62"}},{"type":"Feature","id":764,"geometry":{"type":"Polygon","coordinates":[[[107.15582577478756,10.520577074983501],[107.15594112392834,10.52062376297542],[107.15604970769125,10.520667637232936],[107.1558657748717,10.520977050037907],[107.15573510879723,10.520889828353511],[107.15566822174428,10.520842074066023],[107.15582577478756,10.520577074983501]]]},"properties":{"FID":764,"Shape_Leng":126.512853749,"Shape_Area":968.91811351900003,"Sothua":382,"So_To":62,"LoaidatHT":"DGD","Khuphomoi":"Khu phố Hương Sơn","Sothuacu":0,"Sotocu":4,"Phuongcu":"phường Long Hương","Nguoisudun":"TT SH Lái xe Đặng Lâm","Quyetdinh":" ","ID":"382.62"}},{"type":"Feature","id":765,"geometry":{"type":"Polygon","coordinates":[[[107.15604970769125,10.520667637232936],[107.15620008934762,10.520724161757036],[107.15624352923187,10.52074612386307],[107.15603657965416,10.521094180992803],[107.15586577211928,10.520977048248975],[107.15604970769125,10.520667637232936]]]},"properties":{"FID":765,"Shape_Leng":130.10873400200001,"Shape_Area":962.77671446399995,"Sothua":383,"So_To":62,"LoaidatHT":"DGD","Khuphomoi":"Khu phố Hương Sơn","Sothuacu":0,"Sotocu":4,"Phuongcu":"phường Long Hương","Nguoisudun":"TT SH Lái xe Đặng Lâm","Quyetdinh":" ","ID":"383.62"}},{"type":"Feature","id":766,"geometry":{"type":"Polygon","coordinates":[[[107.15624352923187,10.52074612386307],[107.15632626747411,10.520787872701431],[107.15641477340021,10.52083251066942],[107.15618776776378,10.521214300480461],[107.15611269178311,10.521149606467183],[107.15603657781503,10.521094179197664],[107.15624352923187,10.52074612386307]]]},"properties":{"FID":766,"Shape_Leng":135.98681212899999,"Shape_Area":979.50108938999995,"Sothua":384,"So_To":62,"LoaidatHT":"DGD","Khuphomoi":"Khu phố Hương Sơn","Sothuacu":0,"Sotocu":4,"Phuongcu":"phường Long Hương","Nguoisudun":"TT SH Lái xe Đặng Lâm","Quyetdinh":" ","ID":"384.62"}},{"type":"Feature","id":767,"geometry":{"type":"Polygon","coordinates":[[[107.15641477340021,10.52083251066942],[107.15641480363917,10.520832524924911],[107.15644183007332,10.520846861917171],[107.15650310864559,10.520879527736893],[107.15656881321405,10.520922049481086],[107.15632473549464,10.521332593284532],[107.15632469872445,10.521332559189293],[107.15618776776378,10.521214300480461],[107.15641477340021,10.52083251066942]]]},"properties":{"FID":767,"Shape_Leng":141.19783506100001,"Shape_Area":998.91396833500005,"Sothua":385,"So_To":62,"LoaidatHT":"DGD","Khuphomoi":"Khu phố Hương Sơn","Sothuacu":0,"Sotocu":4,"Phuongcu":"phường Long Hương","Nguoisudun":"TT SH Lái xe Đặng Lâm","Quyetdinh":" ","ID":"385.62"}},{"type":"Feature","id":768,"geometry":{"type":"Polygon","coordinates":[[[107.15656881321405,10.520922049481086],[107.15670760496621,10.521012103204209],[107.15645177449547,10.52144221175671],[107.15632473549464,10.521332593284532],[107.15656881321405,10.520922049481086]]]},"properties":{"FID":768,"Shape_Leng":144.54953851499999,"Shape_Area":979.12412074700001,"Sothua":386,"So_To":62,"LoaidatHT":"DGD","Khuphomoi":"Khu phố Hương Sơn","Sothuacu":0,"Sotocu":4,"Phuongcu":"phường Long Hương","Nguoisudun":"TT SH Lái xe Đặng Lâm","Quyetdinh":" ","ID":"386.62"}},{"type":"Feature","id":769,"geometry":{"type":"Polygon","coordinates":[[[107.15670760496621,10.521012103204209],[107.15679581392692,10.52106932432752],[107.1568776268053,10.521122463885108],[107.15688767823434,10.521107381114835],[107.15702245723656,10.521194845397339],[107.1567989201212,10.521468463682339],[107.15685528249919,10.521520464976279],[107.1568664608362,10.521551225648482],[107.15673642411946,10.521624030809926],[107.15670734687531,10.521580211437907],[107.15665339867317,10.521615646133096],[107.15651376210769,10.521495668872339],[107.15645177449547,10.52144221175671],[107.15670760496621,10.521012103204209]]]},"properties":{"FID":769,"Shape_Leng":206.613624953,"Shape_Area":2205.36067628,"Sothua":166,"So_To":62,"LoaidatHT":"DGD","Khuphomoi":"Khu phố Hương Sơn","Sothuacu":0,"Sotocu":4,"Phuongcu":"phường Long Hương","Nguoisudun":"TT SH Lái xe Đặng Lâm","Quyetdinh":" ","ID":"166.62"}},{"type":"Feature","id":770,"geometry":{"type":"Polygon","coordinates":[[[107.15686645991035,10.521551223847117],[107.15691025671553,10.521629513475418],[107.1569408024325,10.521661214265977],[107.15680094304744,10.521748380328427],[107.15680085843178,10.52174842699945],[107.15677587711312,10.521722299279915],[107.15670119500392,10.521644397869593],[107.15673642411946,10.521624030809926],[107.15686645991035,10.521551223847117]]]},"properties":{"FID":770,"Shape_Leng":69.542193824500004,"Shape_Area":287.30001108099998,"Sothua":132,"So_To":62,"LoaidatHT":"DGD","Khuphomoi":"Khu phố Hương Sơn","Sothuacu":0,"Sotocu":4,"Phuongcu":"phường Long Hương","Nguoisudun":"TT SH Lái xe Đặng Lâm","Quyetdinh":" ","ID":"132.62"}},{"type":"Feature","id":771,"geometry":{"type":"Polygon","coordinates":[[[107.15694080059964,10.521661213374628],[107.15697454879955,10.521691384781841],[107.1570240962578,10.521676016915102],[107.15703617105942,10.521715910966643],[107.1570402621299,10.521774686059983],[107.15701517919163,10.521849053695089],[107.15681017272463,10.521758169221803],[107.15680085843178,10.52174842699945],[107.15680094304744,10.521748380328427],[107.15694080059964,10.521661213374628]]]},"properties":{"FID":771,"Shape_Leng":74.653541826700007,"Shape_Area":306.97430759100001,"Sothua":112,"So_To":62,"LoaidatHT":"DGD","Khuphomoi":"Khu phố Hương Sơn","Sothuacu":0,"Sotocu":4,"Phuongcu":"phường Long Hương","Nguoisudun":"TT SH Lái xe Đặng Lâm","Quyetdinh":" ","ID":"112.62"}},{"type":"Feature","id":772,"geometry":{"type":"Polygon","coordinates":[[[107.15704025938373,10.521774685174849],[107.15712070980882,10.521801150235037],[107.157118542935,10.521835513093448],[107.15710257030145,10.521873188449723],[107.15701517919163,10.521849053695089],[107.15704025938373,10.521774685174849]]]},"properties":{"FID":772,"Shape_Leng":36.221271850599997,"Shape_Area":83.876375390999996,"Sothua":124,"So_To":62,"LoaidatHT":"DGD","Khuphomoi":"Khu phố Hương Sơn","Sothuacu":0,"Sotocu":4,"Phuongcu":"phường Long Hương","Nguoisudun":"TT SH Lái xe Đặng Lâm","Quyetdinh":" ","ID":"124.62"}},{"type":"Feature","id":773,"geometry":{"type":"Polygon","coordinates":[[[107.15703616923284,10.521715910979076],[107.15716403371533,10.521730711190788],[107.15712070980882,10.521801150235037],[107.15704025938373,10.521774685174849],[107.15703616923284,10.521715910979076]]]},"properties":{"FID":773,"Shape_Leng":39.020223179299997,"Shape_Area":86.425109388500005,"Sothua":129,"So_To":62,"LoaidatHT":"DGD","Khuphomoi":"Khu phố Hương Sơn","Sothuacu":0,"Sotocu":4,"Phuongcu":"phường Long Hương","Nguoisudun":"TT SH Lái xe Đặng Lâm","Quyetdinh":" ","ID":"129.62"}},{"type":"Feature","id":774,"geometry":{"type":"Polygon","coordinates":[[[107.15716236232116,10.521614159713607],[107.15716403371533,10.521730711190788],[107.15703616923284,10.521715910979076],[107.15702409443749,10.521676017831316],[107.15716236232116,10.521614159713607]]]},"properties":{"FID":774,"Shape_Leng":48.214528815100003,"Shape_Area":128.05611886299999,"Sothua":131,"So_To":62,"LoaidatHT":"DGD","Khuphomoi":"Khu phố Hương Sơn","Sothuacu":0,"Sotocu":4,"Phuongcu":"phường Long Hương","Nguoisudun":"TT SH Lái xe Đặng Lâm","Quyetdinh":" ","ID":"131.62"}},{"type":"Feature","id":775,"geometry":{"type":"Polygon","coordinates":[[[107.15697209914141,10.521586503369512],[107.15702409535707,10.521676018728881],[107.15697454879955,10.521691384781841],[107.15694080059964,10.521661213374628],[107.15691025489524,10.521629514391631],[107.15697209914141,10.521586503369512]]]},"properties":{"FID":775,"Shape_Leng":35.211567346000002,"Shape_Area":72.5296896766,"Sothua":133,"So_To":62,"LoaidatHT":"DGD","Khuphomoi":"Khu phố Hương Sơn","Sothuacu":0,"Sotocu":4,"Phuongcu":"phường Long Hương","Nguoisudun":"TT SH Lái xe Đặng Lâm","Quyetdinh":" ","ID":"133.62"}},{"type":"Feature","id":776,"geometry":{"type":"Polygon","coordinates":[[[107.15698745243445,10.52148888776008],[107.15702654671239,10.521541582283289],[107.1569720973211,10.521586504285731],[107.15691025489524,10.521629514391631],[107.15686645991035,10.521551223847117],[107.15685527976561,10.521520465898709],[107.15698745243445,10.52148888776008]]]},"properties":{"FID":776,"Shape_Leng":51.676222256000003,"Shape_Area":161.26121897100001,"Sothua":138,"So_To":62,"LoaidatHT":"DGD","Khuphomoi":"Khu phố Hương Sơn","Sothuacu":0,"Sotocu":4,"Phuongcu":"phường Long Hương","Nguoisudun":"TT SH Lái xe Đặng Lâm","Quyetdinh":" ","ID":"138.62"}},{"type":"Feature","id":777,"geometry":{"type":"Polygon","coordinates":[[[107.15368032703782,10.501513154007398],[107.15356852647234,10.501534237685663],[107.15355701317385,10.501479300599367],[107.15355647404799,10.501479390120009],[107.15354688421469,10.501436336186071],[107.15363827403634,10.501417900906128],[107.15363929810056,10.501420315318088],[107.15364935830293,10.501443987958675],[107.15366491228482,10.501479458071797],[107.15368025193301,10.501512990923793],[107.15368032703782,10.501513154007398]]]},"properties":{"FID":777,"Shape_Leng":45.3224961771,"Shape_Area":125.880384306,"Sothua":12,"So_To":20,"LoaidatHT":"ODT","Khuphomoi":"Khu phố Núi Dinh","Sothuacu":12,"Sotocu":20,"Phuongcu":"Phường Kim Dinh","Nguoisudun":"Hoa viên nam dinh","Quyetdinh":"Quyết định 3693/QĐ-UBND","ID":"12.20"}},{"type":"Feature","id":778,"geometry":{"type":"Polygon","coordinates":[[[107.16574585009802,10.502793228639701],[107.1655351543657,10.502890377166279],[107.16544607251485,10.502850734003916],[107.1654019042352,10.502771447384582],[107.16545672909004,10.50265962034673],[107.16546263191846,10.502629903973586],[107.165498348367,10.502638980559276],[107.16549075515708,10.502669888855278],[107.1654907019181,10.502670112462603],[107.16564949151558,10.502718082419076],[107.16564955265875,10.502717813566708],[107.16565017682804,10.502718002726711],[107.16576325784105,10.502737485941307],[107.16574585009802,10.502793228639701]]]},"properties":{"FID":778,"Shape_Leng":108.155850587,"Shape_Area":610.26435648300003,"Sothua":408,"So_To":125,"LoaidatHT":"TSC","Khuphomoi":"Khu phố Hương Điền","Sothuacu":408,"Sotocu":15,"Phuongcu":"Phường Long Hương","Nguoisudun":"Trụ sở khu phố Hương Điền","Quyetdinh":" ","ID":"408.125"}},{"type":"Feature","id":779,"geometry":{"type":"Polygon","coordinates":[[[107.16589442597338,10.502782498898414],[107.16565093563644,10.502892895319931],[107.16574994635693,10.502806373001038],[107.16578687810404,10.502793512720149],[107.1658206338887,10.502769435072963],[107.16589442597338,10.502782498898414]]]},"properties":{"FID":779,"Shape_Leng":60.841623914700001,"Shape_Area":80.754987392999993,"Sothua":4000,"So_To":125,"LoaidatHT":"DGT","Khuphomoi":"Khu phố Hương Điền","Sothuacu":0,"Sotocu":15,"Phuongcu":"Phường Long Hương","Nguoisudun":"Đất nhỏ","Quyetdinh":" ","ID":"4000.125"}},{"type":"Feature","id":780,"geometry":{"type":"Polygon","coordinates":[[[107.16527502394256,10.503100177187958],[107.16524903440195,10.503109152268934],[107.16523419926678,10.503098935417723],[107.16524695434451,10.503068554091191],[107.16526138777802,10.503039974384945],[107.16531642265457,10.502936261344614],[107.16537102165735,10.503034199509381],[107.16535402476669,10.503049023352396],[107.16530388413585,10.503085203737996],[107.16527502394256,10.503100177187958]]]},"properties":{"FID":780,"Shape_Leng":50.349385823600002,"Shape_Area":128.66620868499999,"Sothua":413,"So_To":125,"LoaidatHT":"HNK","Khuphomoi":"Khu phố Hương Điền","Sothuacu":0,"Sotocu":15,"Phuongcu":"Phường Long Hương","Nguoisudun":" ","Quyetdinh":" ","ID":"413.125"}},{"type":"Feature","id":781,"geometry":{"type":"Polygon","coordinates":[[[107.16542421428979,10.503129650893237],[107.165257339246,10.503222518129448],[107.16524964290987,10.503166235362301],[107.16524982310696,10.503166013600485],[107.16533353009643,10.503104506916177],[107.16537076085412,10.503078447017453],[107.16538814393552,10.50306491662062],[107.16542421428979,10.503129650893237]]]},"properties":{"FID":781,"Shape_Leng":54.289291021399997,"Shape_Area":137.716181283,"Sothua":480,"So_To":125,"LoaidatHT":"HNK","Khuphomoi":"Khu phố Hương Điền","Sothuacu":0,"Sotocu":15,"Phuongcu":"Phường Long Hương","Nguoisudun":" ","Quyetdinh":" ","ID":"480.125"}},{"type":"Feature","id":782,"geometry":{"type":"Polygon","coordinates":[[[107.16544627432633,10.503169237871983],[107.16527513574231,10.503264150632406],[107.165257339246,10.503222518129448],[107.16542421428979,10.503129650893237],[107.16544627432633,10.503169237871983]]]},"properties":{"FID":782,"Shape_Leng":52.448445313699999,"Shape_Area":105.820273267,"Sothua":479,"So_To":125,"LoaidatHT":"HNK","Khuphomoi":"Khu phố Hương Điền","Sothuacu":0,"Sotocu":15,"Phuongcu":"Phường Long Hương","Nguoisudun":" ","Quyetdinh":" ","ID":"479.125"}},{"type":"Feature","id":783,"geometry":{"type":"Polygon","coordinates":[[[107.16546833161065,10.503208822155356],[107.16529362883287,10.503305486447102],[107.16527513574231,10.503264150632406],[107.16544627432633,10.503169237871983],[107.16546833161065,10.503208822155356]]]},"properties":{"FID":783,"Shape_Leng":53.401303142099998,"Shape_Area":108.293270703,"Sothua":478,"So_To":125,"LoaidatHT":"HNK","Khuphomoi":"Khu phố Hương Điền","Sothuacu":0,"Sotocu":15,"Phuongcu":"Phường Long Hương","Nguoisudun":" ","Quyetdinh":" ","ID":"478.125"}},{"type":"Feature","id":784,"geometry":{"type":"Polygon","coordinates":[[[107.16549038983341,10.503248409141072],[107.165312139224,10.503346814007287],[107.16529362883287,10.503305486447102],[107.16546833161065,10.503208822155356],[107.16549038983341,10.503248409141072]]]},"properties":{"FID":784,"Shape_Leng":54.269830017499999,"Shape_Area":110.47011786500001,"Sothua":477,"So_To":125,"LoaidatHT":"HNK","Khuphomoi":"Khu phố Hương Điền","Sothuacu":0,"Sotocu":15,"Phuongcu":"Phường Long Hương","Nguoisudun":" ","Quyetdinh":" ","ID":"477.125"}},{"type":"Feature","id":785,"geometry":{"type":"Polygon","coordinates":[[[107.16551244713038,10.503287993418953],[107.16533065054047,10.503388142462848],[107.165312139224,10.503346814007287],[107.16549038983341,10.503248409141072],[107.16551244713038,10.503287993418953]]]},"properties":{"FID":785,"Shape_Leng":55.135835468800003,"Shape_Area":112.63485317599999,"Sothua":476,"So_To":125,"LoaidatHT":"HNK","Khuphomoi":"Khu phố Hương Điền","Sothuacu":0,"Sotocu":15,"Phuongcu":"Phường Long Hương","Nguoisudun":" ","Quyetdinh":" ","ID":"476.125"}},{"type":"Feature","id":786,"geometry":{"type":"Polygon","coordinates":[[[107.16553450445258,10.50332758040542],[107.16534916002372,10.503429469121155],[107.16533065054047,10.503388142462848],[107.16551244713038,10.503287993418953],[107.16553450445258,10.50332758040542]]]},"properties":{"FID":786,"Shape_Leng":56.002011498100003,"Shape_Area":114.80132379600001,"Sothua":475,"So_To":125,"LoaidatHT":"HNK","Khuphomoi":"Khu phố Hương Điền","Sothuacu":0,"Sotocu":15,"Phuongcu":"Phường Long Hương","Nguoisudun":" ","Quyetdinh":" ","ID":"475.125"}},{"type":"Feature","id":787,"geometry":{"type":"Polygon","coordinates":[[[107.16555656267548,10.503367164671561],[107.16536767042602,10.503470795771069],[107.16534916002372,10.503429469121155],[107.16553450445258,10.50332758040542],[107.16555656267548,10.503367164671561]]]},"properties":{"FID":787,"Shape_Leng":56.868126112799999,"Shape_Area":116.96615772600001,"Sothua":474,"So_To":125,"LoaidatHT":"HNK","Khuphomoi":"Khu phố Hương Điền","Sothuacu":0,"Sotocu":15,"Phuongcu":"Phường Long Hương","Nguoisudun":" ","Quyetdinh":" ","ID":"474.125"}},{"type":"Feature","id":788,"geometry":{"type":"Polygon","coordinates":[[[107.16557862001035,10.503406751652534],[107.16538618175997,10.503512124220151],[107.16536767042602,10.503470795771069],[107.16555656267548,10.503367164671561],[107.16557862001035,10.503406751652534]]]},"properties":{"FID":788,"Shape_Leng":57.734810703699999,"Shape_Area":119.137923546,"Sothua":473,"So_To":125,"LoaidatHT":"HNK","Khuphomoi":"Khu phố Hương Điền","Sothuacu":0,"Sotocu":15,"Phuongcu":"Phường Long Hương","Nguoisudun":" ","Quyetdinh":" ","ID":"473.125"}},{"type":"Feature","id":789,"geometry":{"type":"Polygon","coordinates":[[[107.16555296802395,10.503485298901609],[107.16540397139195,10.503550798544468],[107.16538618175997,10.503512124220151],[107.16557862001035,10.503406751652534],[107.16555296802395,10.503485298901609]]]},"properties":{"FID":789,"Shape_Leng":55.769185974199999,"Shape_Area":117.15567740900001,"Sothua":472,"So_To":125,"LoaidatHT":"HNK","Khuphomoi":"Khu phố Hương Điền","Sothuacu":0,"Sotocu":15,"Phuongcu":"Phường Long Hương","Nguoisudun":" ","Quyetdinh":" ","ID":"472.125"}},{"type":"Feature","id":790,"geometry":{"type":"Polygon","coordinates":[[[107.16569533063155,10.503643213307461],[107.16552084004785,10.503740595750674],[107.16548636481464,10.503682773906922],[107.1656272764658,10.503620844340871],[107.16569533063155,10.503643213307461]]]},"properties":{"FID":790,"Shape_Leng":54.098329503599999,"Shape_Area":126.079967497,"Sothua":471,"So_To":125,"LoaidatHT":"HNK","Khuphomoi":"Khu phố Hương Điền","Sothuacu":0,"Sotocu":15,"Phuongcu":"Phường Long Hương","Nguoisudun":" ","Quyetdinh":" ","ID":"471.125"}},{"type":"Feature","id":791,"geometry":{"type":"Polygon","coordinates":[[[107.16572882522564,10.503676415365874],[107.16554405179895,10.503779527716615],[107.16552084004785,10.503740595750674],[107.16569533063155,10.503643213307461],[107.16571368565198,10.503649246723571],[107.16572882522564,10.503676415365874]]]},"properties":{"FID":791,"Shape_Leng":55.7147663294,"Shape_Area":115.39614229199999,"Sothua":470,"So_To":125,"LoaidatHT":"HNK","Khuphomoi":"Khu phố Hương Điền","Sothuacu":0,"Sotocu":15,"Phuongcu":"Phường Long Hương","Nguoisudun":" ","Quyetdinh":" ","ID":"470.125"}},{"type":"Feature","id":792,"geometry":{"type":"Polygon","coordinates":[[[107.16575088625035,10.503716000492913],[107.16556726540188,10.503818462378462],[107.16554405179895,10.503779527716615],[107.16572882522564,10.503676415365874],[107.16575088625035,10.503716000492913]]]},"properties":{"FID":792,"Shape_Leng":56.313193005599999,"Shape_Area":115.803130845,"Sothua":469,"So_To":125,"LoaidatHT":"HNK","Khuphomoi":"Khu phố Hương Điền","Sothuacu":0,"Sotocu":15,"Phuongcu":"Phường Long Hương","Nguoisudun":" ","Quyetdinh":" ","ID":"469.125"}},{"type":"Feature","id":793,"geometry":{"type":"Polygon","coordinates":[[[107.16577294636818,10.503755585623436],[107.1655904799056,10.503857394319814],[107.16556726540188,10.503818462378462],[107.16575088625035,10.503716000492913],[107.16577294636818,10.503755585623436]]]},"properties":{"FID":793,"Shape_Leng":56.022046598499998,"Shape_Area":115.072683582,"Sothua":468,"So_To":125,"LoaidatHT":"HNK","Khuphomoi":"Khu phố Hương Điền","Sothuacu":0,"Sotocu":15,"Phuongcu":"Phường Long Hương","Nguoisudun":" ","Quyetdinh":" ","ID":"468.125"}},{"type":"Feature","id":794,"geometry":{"type":"Polygon","coordinates":[[[107.16579500556021,10.503795168046095],[107.16561369351517,10.503896328071985],[107.1655904799056,10.503857394319814],[107.16577294636818,10.503755585623436],[107.16579500556021,10.503795168046095]]]},"properties":{"FID":794,"Shape_Leng":55.730890578299999,"Shape_Area":114.342973368,"Sothua":481,"So_To":125,"LoaidatHT":"HNK","Khuphomoi":"Khu phố Hương Điền","Sothuacu":0,"Sotocu":15,"Phuongcu":"Phường Long Hương","Nguoisudun":" ","Quyetdinh":" ","ID":"481.125"}},{"type":"Feature","id":795,"geometry":{"type":"Polygon","coordinates":[[[107.16586843822888,10.504020096539623],[107.16585921276429,10.504024093826372],[107.16575607063915,10.503837620505998],[107.16580381184086,10.503810968233957],[107.1658882808991,10.503962537704648],[107.16586843822888,10.504020096539623]]]},"properties":{"FID":795,"Shape_Leng":56.506434177199999,"Shape_Area":131.50328241299999,"Sothua":467,"So_To":125,"LoaidatHT":"HNK","Khuphomoi":"Khu phố Hương Điền","Sothuacu":0,"Sotocu":15,"Phuongcu":"Phường Long Hương","Nguoisudun":" ","Quyetdinh":" ","ID":"467.125"}},{"type":"Feature","id":796,"geometry":{"type":"Polygon","coordinates":[[[107.16585921276429,10.504024093826372],[107.1658130566237,10.504043746039155],[107.16571230589886,10.503862053872757],[107.16575607063915,10.503837620505998],[107.16585921276429,10.504024093826372]]]},"properties":{"FID":796,"Shape_Leng":57.456281109599999,"Shape_Area":127.497294431,"Sothua":466,"So_To":125,"LoaidatHT":"HNK","Khuphomoi":"Khu phố Hương Điền","Sothuacu":0,"Sotocu":15,"Phuongcu":"Phường Long Hương","Nguoisudun":" ","Quyetdinh":" ","ID":"466.125"}},{"type":"Feature","id":797,"geometry":{"type":"Polygon","coordinates":[[[107.1658130566237,10.504043746039155],[107.16576690138309,10.504063397336349],[107.16566854388425,10.503886486312346],[107.16571230589886,10.503862053872757],[107.1658130566237,10.504043746039155]]]},"properties":{"FID":797,"Shape_Leng":56.276263966999998,"Shape_Area":124.24900388899999,"Sothua":465,"So_To":125,"LoaidatHT":"HNK","Khuphomoi":"Khu phố Hương Điền","Sothuacu":0,"Sotocu":15,"Phuongcu":"Phường Long Hương","Nguoisudun":" ","Quyetdinh":" ","ID":"465.125"}},{"type":"Feature","id":798,"geometry":{"type":"Polygon","coordinates":[[[107.16576690138309,10.504063397336349],[107.16572494207944,10.504081263872546],[107.16572489125349,10.504081178356204],[107.16562318889872,10.503911806322973],[107.16566854388425,10.503886486312346],[107.16576690138309,10.504063397336349]]]},"properties":{"FID":798,"Shape_Leng":54.855231704600001,"Shape_Area":117.77573009,"Sothua":464,"So_To":125,"LoaidatHT":"HNK","Khuphomoi":"Khu phố Hương Điền","Sothuacu":0,"Sotocu":15,"Phuongcu":"Phường Long Hương","Nguoisudun":" ","Quyetdinh":" ","ID":"464.125"}},{"type":"Feature","id":799,"geometry":{"type":"Polygon","coordinates":[[[107.16438829390349,10.504882052190837],[107.16435256669328,10.504934298182846],[107.16432861825966,10.504921777237373],[107.16428735552904,10.504900680481109],[107.16440734046198,10.504849277124368],[107.16439974903803,10.504863276688905],[107.16439922892297,10.504864128925494],[107.16438829390349,10.504882052190837]]]},"properties":{"FID":799,"Shape_Leng":33.532259582499996,"Shape_Area":45.843994203100003,"Sothua":95,"So_To":116,"LoaidatHT":"ODT","Khuphomoi":"Khu phố Hương Điền","Sothuacu":0,"Sotocu":43,"Phuongcu":"Phường Long Hương","Nguoisudun":" ","Quyetdinh":" ","ID":"95.116"}},{"type":"Feature","id":800,"geometry":{"type":"Polygon","coordinates":[[[107.14590835436405,10.499722668321704],[107.14568227148078,10.499711298353613],[107.1448006090226,10.499612699040759],[107.14478393206711,10.499497664106341],[107.14475711716572,10.499334330758163],[107.14498080051493,10.499310978789548],[107.1449637415798,10.498969192546387],[107.14503723966449,10.498944650504347],[107.14500648372044,10.498740624273511],[107.14499492243711,10.498672793688655],[107.14497702397247,10.498528283039253],[107.14517849512588,10.498511036429056],[107.14537002303415,10.49848644723453],[107.14540309750709,10.498672666662587],[107.14541126867319,10.498698901278416],[107.14546242337516,10.498982980461065],[107.14544196863632,10.499119461989462],[107.14554063274664,10.49916666334715],[107.14555182538555,10.499189106745362],[107.14568572807903,10.499295865794883],[107.14569829673255,10.499362613046399],[107.14576445839525,10.499399083981777],[107.14578635766532,10.499459429591266],[107.14588292446497,10.499457172747139],[107.14590387759897,10.499675826669259],[107.14590835436405,10.499722668321704]]]},"properties":{"FID":800,"Shape_Leng":481.65812210299998,"Shape_Area":9159.6092370499991,"Sothua":338,"So_To":18,"LoaidatHT":"NTD","Khuphomoi":"Khu phố Hải Dinh","Sothuacu":338,"Sotocu":18,"Phuongcu":"Phường Kim Dinh","Nguoisudun":"Nghĩa trang khu phố Hải Dinh","Quyetdinh":" ","ID":"338.18"}},{"type":"Feature","id":801,"geometry":{"type":"Polygon","coordinates":[[[107.16048324078541,10.501799646935115],[107.16047440297675,10.501734045972084],[107.16047216286024,10.501730254303538],[107.16051974792487,10.501697513887471],[107.16051968415223,10.501697404958586],[107.16056796174232,10.501665887219232],[107.16059920775689,10.501645548200935],[107.16069240567273,10.501657293643506],[107.16071813541662,10.501780725673619],[107.16062983354715,10.50178843701427],[107.16061988339865,10.501789087696814],[107.16058879020744,10.501791859835029],[107.16048324078541,10.501799646935115]]]},"properties":{"FID":801,"Shape_Leng":74.635106518000001,"Shape_Area":334.16256412199999,"Sothua":36,"So_To":128,"LoaidatHT":"NTD","Khuphomoi":"Khu phố Hương Sơn","Sothuacu":0,"Sotocu":51,"Phuongcu":"Phường Long Hương","Nguoisudun":"Nghĩa trang","Quyetdinh":" ","ID":"36.128"}},{"type":"Feature","id":802,"geometry":{"type":"Polygon","coordinates":[[[107.1607806696791,10.506399829541536],[107.16078855856685,10.506416370957565],[107.16079956974293,10.506439446556296],[107.16104954188467,10.506960679376187],[107.16106127150526,10.506985148282018],[107.16108686025774,10.50703851117612],[107.16109713384226,10.50705992151021],[107.16111400999903,10.507077845113869],[107.1611438428871,10.507157353859865],[107.16119474793942,10.507263501219027],[107.1612190717946,10.507314230828124],[107.16103361864776,10.507389506250199],[107.16085409048679,10.50746237050077],[107.16047594907182,10.507612203709817],[107.16040681125703,10.507639930182693],[107.16003847422446,10.507787634572209],[107.16001685818416,10.507766044719713],[107.16000685504824,10.507775393291617],[107.15929935901849,10.507033915143248],[107.15935661567333,10.507009312947124],[107.16078023078416,10.506400017813984],[107.1607806696791,10.506399829541536]]]},"properties":{"FID":802,"Shape_Leng":546.05415068699995,"Shape_Area":17499.064772999998,"Sothua":28,"So_To":112,"LoaidatHT":"NTD","Khuphomoi":"Khu phố Hương Điền","Sothuacu":28,"Sotocu":39,"Phuongcu":"Phường Long Hương","Nguoisudun":"Nhà tang lễ","Quyetdinh":" ","ID":"28.112"}},{"type":"Feature","id":803,"geometry":{"type":"Polygon","coordinates":[[[107.15702245540371,10.521194844505988],[107.15715742119757,10.521278818675315],[107.15712252618013,10.521323328310533],[107.15702742630354,10.521414646543601],[107.15698745062045,10.521488889580077],[107.15685527976561,10.521520465898709],[107.1567989201212,10.521468463682339],[107.15702245540371,10.521194844505988]]]},"properties":{"FID":803,"Shape_Leng":109.760339479,"Shape_Area":631.49855995999997,"Sothua":145,"So_To":62,"LoaidatHT":"DGD","Khuphomoi":"Khu phố Hương Sơn","Sothuacu":0,"Sotocu":4,"Phuongcu":"phường Long Hương","Nguoisudun":"TT SH Lái xe Đặng Lâm","Quyetdinh":" ","ID":"145.62"}},{"type":"Feature","id":804,"geometry":{"type":"Polygon","coordinates":[[[107.15702742811757,10.521414644723604],[107.15709851447684,10.521507269453981],[107.15702654671239,10.521541582283289],[107.15698745062045,10.521488889580077],[107.15702742811757,10.521414644723604]]]},"properties":{"FID":804,"Shape_Leng":38.1566563429,"Shape_Area":85.494519631399996,"Sothua":139,"So_To":62,"LoaidatHT":"DGD","Khuphomoi":"Khu phố Hương Sơn","Sothuacu":0,"Sotocu":4,"Phuongcu":"phường Long Hương","Nguoisudun":"TT SH Lái xe Đặng Lâm","Quyetdinh":" ","ID":"139.62"}},{"type":"Feature","id":805,"geometry":{"type":"Polygon","coordinates":[[[107.15712252708086,10.521323326496754],[107.15721991160956,10.521422869945869],[107.15709851265026,10.521507269466412],[107.15702742630354,10.521414646543601],[107.15712252708086,10.521323326496754]]]},"properties":{"FID":805,"Shape_Leng":58.952129288899997,"Shape_Area":215.66175121200001,"Sothua":142,"So_To":62,"LoaidatHT":"DGD","Khuphomoi":"Khu phố Hương Sơn","Sothuacu":0,"Sotocu":4,"Phuongcu":"phường Long Hương","Nguoisudun":"TT SH Lái xe Đặng Lâm","Quyetdinh":" ","ID":"142.62"}},{"type":"Feature","id":806,"geometry":{"type":"Polygon","coordinates":[[[107.15709851355099,10.521507267652616],[107.15718192358166,10.521596742694998],[107.15716236232116,10.521614159713607],[107.15702409535707,10.521676018728881],[107.1569720973211,10.521586504285731],[107.15702654578654,10.521541580481923],[107.15709851355099,10.521507267652616]]]},"properties":{"FID":806,"Shape_Leng":60.897062558999998,"Shape_Area":234.61768159600001,"Sothua":137,"So_To":62,"LoaidatHT":"DGD","Khuphomoi":"Khu phố Hương Sơn","Sothuacu":0,"Sotocu":4,"Phuongcu":"phường Long Hương","Nguoisudun":"TT SH Lái xe Đặng Lâm","Quyetdinh":" ","ID":"137.62"}},{"type":"Feature","id":807,"geometry":{"type":"Polygon","coordinates":[[[107.15739911406804,10.521305580743256],[107.1577356190063,10.521679154912405],[107.15772308064196,10.521690433261382],[107.15777643017402,10.521741524829563],[107.15779499678909,10.521731071298321],[107.15796389062177,10.521926699518637],[107.15764283532381,10.521783326218936],[107.15732740395103,10.521654972898849],[107.15718192358166,10.521596742694998],[107.15709851265026,10.521507269466412],[107.15721990979554,10.521422871765864],[107.15733737214815,10.521342534591877],[107.15739911406804,10.521305580743256]]]},"properties":{"FID":807,"Shape_Leng":242.50248821700001,"Shape_Area":2036.0091158600001,"Sothua":360,"So_To":62,"LoaidatHT":"DGD","Khuphomoi":"Khu phố Hương Sơn","Sothuacu":0,"Sotocu":4,"Phuongcu":"phường Long Hương","Nguoisudun":"TT SH Lái xe Đặng Lâm","Quyetdinh":" ","ID":"360.62"}},{"type":"Feature","id":808,"geometry":{"type":"Polygon","coordinates":[[[107.15723904349198,10.521211886101472],[107.15733737396845,10.521342533675661],[107.15721990979554,10.521422871765864],[107.15712252618013,10.521323328310533],[107.15715741938355,10.521278820495331],[107.15723904349198,10.521211886101472]]]},"properties":{"FID":808,"Shape_Leng":66.827559339000004,"Shape_Area":284.65918232199999,"Sothua":148,"So_To":62,"LoaidatHT":"DGD","Khuphomoi":"Khu phố Hương Sơn","Sothuacu":0,"Sotocu":4,"Phuongcu":"phường Long Hương","Nguoisudun":"TT SH Lái xe Đặng Lâm","Quyetdinh":" ","ID":"148.62"}},{"type":"Feature","id":809,"geometry":{"type":"Polygon","coordinates":[[[107.15731170496768,10.52114927695332],[107.1574213535075,10.521190981466225],[107.15745641615618,10.521248640073043],[107.15739911224776,10.521305581659472],[107.15733737214815,10.521342534591877],[107.15723904259126,10.521211887915252],[107.15731170496768,10.52114927695332]]]},"properties":{"FID":809,"Shape_Leng":65.672582393200003,"Shape_Area":286.652712764,"Sothua":149,"So_To":62,"LoaidatHT":"DGD","Khuphomoi":"Khu phố Hương Sơn","Sothuacu":0,"Sotocu":4,"Phuongcu":"phường Long Hương","Nguoisudun":"TT SH Lái xe Đặng Lâm","Quyetdinh":" ","ID":"149.62"}},{"type":"Feature","id":810,"geometry":{"type":"Polygon","coordinates":[[[107.15796389062177,10.521926699518637],[107.15779499678909,10.521731071298321],[107.15777643017402,10.521741524829563],[107.15772308064196,10.521690433261382],[107.1577356190063,10.521679154912405],[107.15739911224776,10.521305581659472],[107.15745641523033,10.521248638271683],[107.15754643391696,10.521138775485829],[107.15765828245195,10.521108977721999],[107.15765828902717,10.521109003888178],[107.15772068108232,10.521190407901178],[107.15773342207433,10.521266474818717],[107.15770941203552,10.521330266729692],[107.15775227261041,10.521379624787286],[107.1579208555362,10.521573528885682],[107.15792143384968,10.521625701908269],[107.15796389062177,10.521926699518637]]]},"properties":{"FID":810,"Shape_Leng":235.658752268,"Shape_Area":2033.34207012,"Sothua":143,"So_To":62,"LoaidatHT":"DGD","Khuphomoi":"Khu phố Hương Sơn","Sothuacu":0,"Sotocu":4,"Phuongcu":"phường Long Hương","Nguoisudun":"TT SH Lái xe Đặng Lâm","Quyetdinh":" ","ID":"143.62"}},{"type":"Feature","id":811,"geometry":{"type":"Polygon","coordinates":[[[107.15752599270787,10.521126170695243],[107.1575464357561,10.52113877728096],[107.15745641615618,10.521248640073043],[107.15742135076134,10.521190980581077],[107.15746729850319,10.521146946113088],[107.15752599270787,10.521126170695243]]]},"properties":{"FID":811,"Shape_Leng":39.561401816900002,"Shape_Area":80.664381822899998,"Sothua":153,"So_To":62,"LoaidatHT":"DGD","Khuphomoi":"Khu phố Hương Sơn","Sothuacu":0,"Sotocu":4,"Phuongcu":"phường Long Hương","Nguoisudun":"TT SH Lái xe Đặng Lâm","Quyetdinh":" ","ID":"153.62"}},{"type":"Feature","id":812,"geometry":{"type":"Polygon","coordinates":[[[107.15741353593049,10.521025242242194],[107.15746729942906,10.521146947914435],[107.1574213535075,10.521190981466225],[107.15731170406696,10.521149278767103],[107.15734127353532,10.521070493418133],[107.15741353593049,10.521025242242194]]]},"properties":{"FID":812,"Shape_Leng":53.223546252399998,"Shape_Area":182.69737667199999,"Sothua":155,"So_To":62,"LoaidatHT":"DGD","Khuphomoi":"Khu phố Hương Sơn","Sothuacu":0,"Sotocu":4,"Phuongcu":"phường Long Hương","Nguoisudun":"TT SH Lái xe Đặng Lâm","Quyetdinh":" ","ID":"155.62"}},{"type":"Feature","id":813,"geometry":{"type":"Polygon","coordinates":[[[107.15761243239518,10.520928602393269],[107.15762061512554,10.520949783886852],[107.15765828245195,10.521108977721999],[107.1575464357561,10.52113877728096],[107.15752599270787,10.521126170695243],[107.15746729942906,10.521146947914435],[107.15741353411647,10.521025244062207],[107.15745682067637,10.520988345345506],[107.15751364980113,10.520939448333548],[107.15761243239518,10.520928602393269]]]},"properties":{"FID":813,"Shape_Leng":82.8236073777,"Shape_Area":446.70199022399999,"Sothua":158,"So_To":62,"LoaidatHT":"DGD","Khuphomoi":"Khu phố Hương Sơn","Sothuacu":0,"Sotocu":4,"Phuongcu":"phường Long Hương","Nguoisudun":"TT SH Lái xe Đặng Lâm","Quyetdinh":" ","ID":"158.62"}},{"type":"Feature","id":814,"geometry":{"type":"Polygon","coordinates":[[[107.15669311976561,10.520465606347372],[107.15745682250923,10.520988346236855],[107.15741353411647,10.521025244062207],[107.15734127353532,10.521070493418133],[107.15731170406696,10.521149278767103],[107.15723904259126,10.521211887915252],[107.15715741938355,10.521278820495331],[107.15702245540371,10.521194844505988],[107.15688767823434,10.521107381114835],[107.15690271855577,10.52108471563375],[107.15686508509116,10.521060321692618],[107.15652669501239,10.520840691603485],[107.15646527203238,10.520807221460279],[107.15664577878269,10.520473835154418],[107.15669311976561,10.520465606347372]]]},"properties":{"FID":814,"Shape_Leng":290.87235309699997,"Shape_Area":4418.2261469499999,"Sothua":173,"So_To":62,"LoaidatHT":"DGD","Khuphomoi":"Khu phố Hương Sơn","Sothuacu":0,"Sotocu":4,"Phuongcu":"phường Long Hương","Nguoisudun":"TT SH Lái xe Đặng Lâm","Quyetdinh":" ","ID":"173.62"}},{"type":"Feature","id":815,"geometry":{"type":"Polygon","coordinates":[[[107.15743824367098,10.520573684304608],[107.15753462357955,10.520768520388739],[107.15755189854609,10.520764481992744],[107.15756741443003,10.520820748902917],[107.15748796764892,10.520848627759788],[107.15741351153066,10.520702835876799],[107.15741227031971,10.520587469110701],[107.15743824367098,10.520573684304608]]]},"properties":{"FID":815,"Shape_Leng":75.6941769564,"Shape_Area":237.110356438,"Sothua":179,"So_To":62,"LoaidatHT":"DGD","Khuphomoi":"Khu phố Hương Sơn","Sothuacu":0,"Sotocu":4,"Phuongcu":"phường Long Hương","Nguoisudun":"TT SH Lái xe Đặng Lâm","Quyetdinh":" ","ID":"179.62"}},{"type":"Feature","id":816,"geometry":{"type":"Polygon","coordinates":[[[107.15743824093741,10.52057368522704],[107.15755735638783,10.52053557077215],[107.15761929379023,10.520732513107149],[107.15762108729707,10.520745086674912],[107.15755189764538,10.520764483806527],[107.15753462357955,10.520768520388739],[107.15743824093741,10.52057368522704]]]},"properties":{"FID":816,"Shape_Leng":71.752249596699997,"Shape_Area":284.52138571400002,"Sothua":182,"So_To":62,"LoaidatHT":"DGD","Khuphomoi":"Khu phố Hương Sơn","Sothuacu":0,"Sotocu":4,"Phuongcu":"phường Long Hương","Nguoisudun":"TT SH Lái xe Đặng Lâm","Quyetdinh":" ","ID":"182.62"}},{"type":"Feature","id":817,"geometry":{"type":"Polygon","coordinates":[[[107.15724573481361,10.519764046484029],[107.15724839990253,10.520091800039127],[107.15714484490481,10.520209683199138],[107.15703223410466,10.520285237608869],[107.15689213171362,10.520356671437343],[107.15665971190731,10.520450083590282],[107.15619810476086,10.520224045393228],[107.15619931414173,10.52022314418503],[107.15619938994448,10.520223143669352],[107.15623946072419,10.520193471391542],[107.15659595664191,10.519929749677294],[107.15663816166803,10.520006143163368],[107.15695658950027,10.519906192302527],[107.15696958653226,10.51992701297711],[107.15724570835349,10.519764050279413],[107.15724573481361,10.519764046484029]]]},"properties":{"FID":817,"Shape_Leng":308.06982830800001,"Shape_Area":4439.1923209899996,"Sothua":247,"So_To":62,"LoaidatHT":"DGD","Khuphomoi":"Khu phố Hương Sơn","Sothuacu":0,"Sotocu":4,"Phuongcu":"phường Long Hương","Nguoisudun":"TT SH Lái xe Đặng Lâm","Quyetdinh":" ","ID":"247.62"}},{"type":"Feature","id":818,"geometry":{"type":"Polygon","coordinates":[[[107.15617572907144,10.520240606587898],[107.15664578152882,10.520473836039555],[107.15646527203238,10.520807221460279],[107.15621772805144,10.52068242053263],[107.15592019865203,10.520572093433238],[107.15582734760274,10.520498317451136],[107.15584168603516,10.520487674972729],[107.15617569369185,10.520240641174007],[107.15617572907144,10.520240606587898]]]},"properties":{"FID":818,"Shape_Leng":225.292447606,"Shape_Area":2903.83000842,"Sothua":189,"So_To":62,"LoaidatHT":"DGD","Khuphomoi":"Khu phố Hương Sơn","Sothuacu":0,"Sotocu":4,"Phuongcu":"phường Long Hương","Nguoisudun":"TT SH Lái xe Đặng Lâm","Quyetdinh":" ","ID":"189.62"}},{"type":"Feature","id":819,"geometry":{"type":"Polygon","coordinates":[[[107.14094756968333,10.503929022524824],[107.14066436966758,10.503943114409921],[107.14066065683456,10.503879934177633],[107.14094165142203,10.503866007218425],[107.14094756968333,10.503929022524824]]]},"properties":{"FID":819,"Shape_Leng":75.8596427624,"Shape_Area":216.46000959599999,"Sothua":176,"So_To":49,"LoaidatHT":"ODT","Khuphomoi":"Khu phố Hải Dinh","Sothuacu":0,"Sotocu":11,"Phuongcu":"Phường Kim Dinh","Nguoisudun":" ","Quyetdinh":"Quyết định 3693/QĐ-UBND","ID":"176.49"}},{"type":"Feature","id":820,"geometry":{"type":"Polygon","coordinates":[[[107.15501073947355,10.510085750312685],[107.15551908323364,10.51154626083358],[107.15607957154828,10.513167364068497],[107.15614043571502,10.513810635245893],[107.15602616016949,10.513868741916497],[107.15590917492317,10.513924763768465],[107.15592219626697,10.513972168661464],[107.15605586812723,10.514608342407509],[107.15608516215944,10.514737064241976],[107.15610644001448,10.514841177840871],[107.15611865002806,10.514879447822825],[107.15612173232377,10.514882979809808],[107.1561197630753,10.514888220935591],[107.15611303893381,10.514897250697066],[107.15605377233872,10.514955550121583],[107.15592186665,10.515090480908555],[107.15593776808912,10.51528672203292],[107.15607493973285,10.515314738052805],[107.15614325695284,10.515331232033869],[107.15613812577487,10.515374352362727],[107.15612753161548,10.515672990128461],[107.15612340337182,10.515861869257506],[107.15611962169197,10.515987274771344],[107.15611408424623,10.516045675253006],[107.15611159385493,10.516165929209617],[107.15611239355491,10.516220725519378],[107.1561506698725,10.516223238174565],[107.15635093193988,10.516242420265426],[107.15642673119625,10.516247987508597],[107.15641768531458,10.516288569398958],[107.15638974449183,10.516398558129588],[107.15636859471532,10.516503495280737],[107.1563601802858,10.516568853100154],[107.15635376464846,10.516692535738741],[107.1563532440132,10.51672843205464],[107.15642562907915,10.516745656555432],[107.15646638315623,10.516753146854361],[107.1565658437968,10.517113475945635],[107.15656783511754,10.517136265046473],[107.15660990966683,10.517399466038642],[107.1566135996592,10.517440252330688],[107.15662603619201,10.51751767448947],[107.15663229356893,10.517555572761818],[107.15664785311658,10.517615821753065],[107.15663998309226,10.517672500034386],[107.15662823877928,10.517902867745203],[107.15662794262349,10.517979091274373],[107.15662669836198,10.517999161980425],[107.15658741247407,10.518130739893001],[107.15651087685669,10.518195156574329],[107.15636635648008,10.51830537888061],[107.15626820998492,10.518360894310645],[107.15590304531833,10.518548374162792],[107.15549501139067,10.51621079818225],[107.15538119190904,10.515518420281216],[107.15505080545661,10.513128997499098],[107.15504253558102,10.513079522118719],[107.15337101945069,10.510940756978362],[107.15501073947355,10.510085750312685]]]},"properties":{"FID":820,"Shape_Leng":2203.5430616600001,"Shape_Area":100747.014324,"Sothua":54,"So_To":64,"LoaidatHT":"DCS","Khuphomoi":"Khu phố Hương Sơn","Sothuacu":0,"Sotocu":6,"Phuongcu":"phường Long Hương","Nguoisudun":" ","Quyetdinh":"Quyết định 3693/QĐ-UBND","ID":"54.64"}}]}